2026-07-13 21:50:57.610 [background-preinit] INFO  o.h.validator.internal.util.Version - HV000001: Hibernate Validator 8.0.3.Final
2026-07-13 21:50:57.710 [main] INFO  c.a.leather.AiatelyeApplication - Starting AiatelyeApplication using Java 21.0.8 with PID 14684 (D:\My_project_Spring\Aiatelye\Aiatelye\build\classes\java\main started by elcin in D:\My_project_Spring\Aiatelye\Aiatelye)
2026-07-13 21:50:57.714 [main] INFO  c.a.leather.AiatelyeApplication - No active profile set, falling back to 1 default profile: "default"
2026-07-13 21:51:23.528 [main] INFO  o.s.d.r.c.RepositoryConfigurationDelegate - Multiple Spring Data modules found, entering strict repository configuration mode
2026-07-13 21:51:23.534 [main] INFO  o.s.d.r.c.RepositoryConfigurationDelegate - Bootstrapping Spring Data JPA repositories in DEFAULT mode.
2026-07-13 21:51:24.861 [main] INFO  o.s.d.r.c.RepositoryConfigurationDelegate - Finished Spring Data repository scanning in 1303 ms. Found 16 JPA repository interfaces.
2026-07-13 21:51:24.965 [main] INFO  o.s.d.r.c.RepositoryConfigurationDelegate - Multiple Spring Data modules found, entering strict repository configuration mode
2026-07-13 21:51:24.965 [main] INFO  o.s.d.r.c.RepositoryConfigurationDelegate - Bootstrapping Spring Data Redis repositories in DEFAULT mode.
2026-07-13 21:51:25.077 [main] INFO  o.s.d.r.c.RepositoryConfigurationExtensionSupport - Spring Data Redis - Could not safely identify store assignment for repository candidate interface com.aiatelye.leather.repository.CustomDesignRepository; If you want this repository to be a Redis repository, consider annotating your entities with one of these annotations: org.springframework.data.redis.core.RedisHash (preferred), or consider extending one of the following types with your repository: org.springframework.data.keyvalue.repository.KeyValueRepository
2026-07-13 21:51:25.077 [main] INFO  o.s.d.r.c.RepositoryConfigurationExtensionSupport - Spring Data Redis - Could not safely identify store assignment for repository candidate interface com.aiatelye.leather.repository.DeliveryCountryConfigRepository; If you want this repository to be a Redis repository, consider annotating your entities with one of these annotations: org.springframework.data.redis.core.RedisHash (preferred), or consider extending one of the following types with your repository: org.springframework.data.keyvalue.repository.KeyValueRepository
2026-07-13 21:51:25.077 [main] INFO  o.s.d.r.c.RepositoryConfigurationExtensionSupport - Spring Data Redis - Could not safely identify store assignment for repository candidate interface com.aiatelye.leather.repository.LeatherGradeRepository; If you want this repository to be a Redis repository, consider annotating your entities with one of these annotations: org.springframework.data.redis.core.RedisHash (preferred), or consider extending one of the following types with your repository: org.springframework.data.keyvalue.repository.KeyValueRepository
2026-07-13 21:51:25.077 [main] INFO  o.s.d.r.c.RepositoryConfigurationExtensionSupport - Spring Data Redis - Could not safely identify store assignment for repository candidate interface com.aiatelye.leather.repository.LeatherRepository; If you want this repository to be a Redis repository, consider annotating your entities with one of these annotations: org.springframework.data.redis.core.RedisHash (preferred), or consider extending one of the following types with your repository: org.springframework.data.keyvalue.repository.KeyValueRepository
2026-07-13 21:51:25.085 [main] INFO  o.s.d.r.c.RepositoryConfigurationExtensionSupport - Spring Data Redis - Could not safely identify store assignment for repository candidate interface com.aiatelye.leather.repository.OrderItemRepository; If you want this repository to be a Redis repository, consider annotating your entities with one of these annotations: org.springframework.data.redis.core.RedisHash (preferred), or consider extending one of the following types with your repository: org.springframework.data.keyvalue.repository.KeyValueRepository
2026-07-13 21:51:25.085 [main] INFO  o.s.d.r.c.RepositoryConfigurationExtensionSupport - Spring Data Redis - Could not safely identify store assignment for repository candidate interface com.aiatelye.leather.repository.OrderRepository; If you want this repository to be a Redis repository, consider annotating your entities with one of these annotations: org.springframework.data.redis.core.RedisHash (preferred), or consider extending one of the following types with your repository: org.springframework.data.keyvalue.repository.KeyValueRepository
2026-07-13 21:51:28.341 [main] INFO  o.s.d.r.c.RepositoryConfigurationExtensionSupport - Spring Data Redis - Could not safely identify store assignment for repository candidate interface com.aiatelye.leather.repository.PasswordResetTokenRepository; If you want this repository to be a Redis repository, consider annotating your entities with one of these annotations: org.springframework.data.redis.core.RedisHash (preferred), or consider extending one of the following types with your repository: org.springframework.data.keyvalue.repository.KeyValueRepository
2026-07-13 21:51:28.341 [main] INFO  o.s.d.r.c.RepositoryConfigurationExtensionSupport - Spring Data Redis - Could not safely identify store assignment for repository candidate interface com.aiatelye.leather.repository.PaymentRepository; If you want this repository to be a Redis repository, consider annotating your entities with one of these annotations: org.springframework.data.redis.core.RedisHash (preferred), or consider extending one of the following types with your repository: org.springframework.data.keyvalue.repository.KeyValueRepository
2026-07-13 21:51:28.341 [main] INFO  o.s.d.r.c.RepositoryConfigurationExtensionSupport - Spring Data Redis - Could not safely identify store assignment for repository candidate interface com.aiatelye.leather.repository.PricingRuleRepository; If you want this repository to be a Redis repository, consider annotating your entities with one of these annotations: org.springframework.data.redis.core.RedisHash (preferred), or consider extending one of the following types with your repository: org.springframework.data.keyvalue.repository.KeyValueRepository
2026-07-13 21:51:28.341 [main] INFO  o.s.d.r.c.RepositoryConfigurationExtensionSupport - Spring Data Redis - Could not safely identify store assignment for repository candidate interface com.aiatelye.leather.repository.ProductGradePriceRepository; If you want this repository to be a Redis repository, consider annotating your entities with one of these annotations: org.springframework.data.redis.core.RedisHash (preferred), or consider extending one of the following types with your repository: org.springframework.data.keyvalue.repository.KeyValueRepository
2026-07-13 21:51:28.341 [main] INFO  o.s.d.r.c.RepositoryConfigurationExtensionSupport - Spring Data Redis - Could not safely identify store assignment for repository candidate interface com.aiatelye.leather.repository.ProductImageRepository; If you want this repository to be a Redis repository, consider annotating your entities with one of these annotations: org.springframework.data.redis.core.RedisHash (preferred), or consider extending one of the following types with your repository: org.springframework.data.keyvalue.repository.KeyValueRepository
2026-07-13 21:51:28.341 [main] INFO  o.s.d.r.c.RepositoryConfigurationExtensionSupport - Spring Data Redis - Could not safely identify store assignment for repository candidate interface com.aiatelye.leather.repository.ProductModelRepository; If you want this repository to be a Redis repository, consider annotating your entities with one of these annotations: org.springframework.data.redis.core.RedisHash (preferred), or consider extending one of the following types with your repository: org.springframework.data.keyvalue.repository.KeyValueRepository
2026-07-13 21:51:28.341 [main] INFO  o.s.d.r.c.RepositoryConfigurationExtensionSupport - Spring Data Redis - Could not safely identify store assignment for repository candidate interface com.aiatelye.leather.repository.ShippingLocationRepository; If you want this repository to be a Redis repository, consider annotating your entities with one of these annotations: org.springframework.data.redis.core.RedisHash (preferred), or consider extending one of the following types with your repository: org.springframework.data.keyvalue.repository.KeyValueRepository
2026-07-13 21:51:28.341 [main] INFO  o.s.d.r.c.RepositoryConfigurationExtensionSupport - Spring Data Redis - Could not safely identify store assignment for repository candidate interface com.aiatelye.leather.repository.UserLimitRepository; If you want this repository to be a Redis repository, consider annotating your entities with one of these annotations: org.springframework.data.redis.core.RedisHash (preferred), or consider extending one of the following types with your repository: org.springframework.data.keyvalue.repository.KeyValueRepository
2026-07-13 21:51:28.349 [main] INFO  o.s.d.r.c.RepositoryConfigurationExtensionSupport - Spring Data Redis - Could not safely identify store assignment for repository candidate interface com.aiatelye.leather.repository.UserRepository; If you want this repository to be a Redis repository, consider annotating your entities with one of these annotations: org.springframework.data.redis.core.RedisHash (preferred), or consider extending one of the following types with your repository: org.springframework.data.keyvalue.repository.KeyValueRepository
2026-07-13 21:51:28.349 [main] INFO  o.s.d.r.c.RepositoryConfigurationExtensionSupport - Spring Data Redis - Could not safely identify store assignment for repository candidate interface com.aiatelye.leather.Securty.repository.AuthUserRepository; If you want this repository to be a Redis repository, consider annotating your entities with one of these annotations: org.springframework.data.redis.core.RedisHash (preferred), or consider extending one of the following types with your repository: org.springframework.data.keyvalue.repository.KeyValueRepository
2026-07-13 21:51:28.349 [main] INFO  o.s.d.r.c.RepositoryConfigurationDelegate - Finished Spring Data repository scanning in 3336 ms. Found 0 Redis repository interfaces.
2026-07-13 21:51:31.073 [main] INFO  o.s.cloud.context.scope.GenericScope - BeanFactory id=35dc3c04-cf60-3a22-a864-4e0a2a33e972
2026-07-13 21:51:35.559 [main] INFO  o.s.b.w.e.tomcat.TomcatWebServer - Tomcat initialized with port 8080 (http)
2026-07-13 21:51:35.593 [main] INFO  o.a.coyote.http11.Http11NioProtocol - Initializing ProtocolHandler ["http-nio-8080"]
2026-07-13 21:51:35.609 [main] INFO  o.a.catalina.core.StandardService - Starting service [Tomcat]
2026-07-13 21:51:35.614 [main] INFO  o.a.catalina.core.StandardEngine - Starting Servlet engine: [Apache Tomcat/10.1.50]
2026-07-13 21:51:36.682 [main] INFO  o.a.c.c.C.[Tomcat].[localhost].[/] - Initializing Spring embedded WebApplicationContext
2026-07-13 21:51:36.682 [main] INFO  o.s.b.w.s.c.ServletWebServerApplicationContext - Root WebApplicationContext: initialization completed in 38842 ms
2026-07-13 21:51:39.492 [main] INFO  o.h.jpa.internal.util.LogHelper - HHH000204: Processing PersistenceUnitInfo [name: default]
2026-07-13 21:51:39.884 [main] INFO  org.hibernate.Version - HHH000412: Hibernate ORM core version 6.6.41.Final
2026-07-13 21:51:40.414 [main] INFO  o.h.c.i.RegionFactoryInitiator - HHH000026: Second-level cache disabled
2026-07-13 21:51:41.557 [main] INFO  o.s.o.j.p.SpringPersistenceUnitInfo - No LoadTimeWeaver setup: ignoring JPA class transformer
2026-07-13 21:51:41.684 [main] INFO  com.zaxxer.hikari.HikariDataSource - HikariPool-1 - Starting...
2026-07-13 21:51:43.037 [main] INFO  com.zaxxer.hikari.pool.HikariPool - HikariPool-1 - Added connection org.postgresql.jdbc.PgConnection@f252762
2026-07-13 21:51:43.042 [main] INFO  com.zaxxer.hikari.HikariDataSource - HikariPool-1 - Start completed.
2026-07-13 21:51:45.154 [main] INFO  o.hibernate.orm.connections.pooling - HHH10001005: Database info:
	Database JDBC URL [Connecting through datasource 'HikariDataSource (HikariPool-1)']
	Database driver: undefined/unknown
	Database version: 15.17
	Autocommit mode: undefined/unknown
	Isolation level: undefined/unknown
	Minimum pool size: undefined/unknown
	Maximum pool size: undefined/unknown
2026-07-13 21:51:54.395 [main] INFO  o.h.e.t.j.p.i.JtaPlatformInitiator - HHH000489: No JTA platform available (set 'hibernate.transaction.jta.platform' to enable JTA platform integration)
2026-07-13 21:52:03.453 [main] WARN  o.h.e.jdbc.spi.SqlExceptionHelper - SQL Warning Code: 0, SQLState: 00000
2026-07-13 21:52:03.453 [main] WARN  o.h.e.jdbc.spi.SqlExceptionHelper - constraint "uk781pmjx7kf279uopjhmbwnqhl" of relation "favorites" does not exist, skipping
2026-07-13 21:52:15.972 [main] INFO  o.s.o.j.LocalContainerEntityManagerFactoryBean - Initialized JPA EntityManagerFactory for persistence unit 'default'
2026-07-13 21:52:20.135 [main] INFO  c.a.l.componet.OrderNumberGenerator - Database sequence 'order_number_seq' checked/created successfully.
2026-07-13 21:52:21.202 [main] INFO  o.s.d.j.r.query.QueryEnhancerFactory - Hibernate is in classpath; If applicable, HQL parser will be used.
2026-07-13 21:52:31.109 [main] INFO  o.s.s.c.a.a.c.InitializeAuthenticationProviderBeanManagerConfigurer$InitializeAuthenticationProviderManagerConfigurer - Global AuthenticationManager configured with AuthenticationProvider bean with name daoAuthenticationProvider
2026-07-13 21:52:31.110 [main] WARN  o.s.s.c.a.a.c.InitializeUserDetailsBeanManagerConfigurer$InitializeUserDetailsManagerConfigurer - Global AuthenticationManager configured with an AuthenticationProvider bean. UserDetailsService beans will not be used by Spring Security for automatically configuring username/password login. Consider removing the AuthenticationProvider bean. Alternatively, consider using the UserDetailsService in a manually instantiated DaoAuthenticationProvider. If the current configuration is intentional, to turn off this warning, increase the logging level of 'org.springframework.security.config.annotation.authentication.configuration.InitializeUserDetailsBeanManagerConfigurer' to ERROR
2026-07-13 21:52:35.423 [main] INFO  o.a.coyote.http11.Http11NioProtocol - Starting ProtocolHandler ["http-nio-8080"]
2026-07-13 21:52:35.454 [main] INFO  o.s.b.w.e.tomcat.TomcatWebServer - Tomcat started on port 8080 (http) with context path '/'
2026-07-13 21:52:35.475 [main] INFO  o.s.a.r.c.CachingConnectionFactory - Attempting to connect to: [localhost:5672]
2026-07-13 21:52:36.135 [main] INFO  o.s.a.r.c.CachingConnectionFactory - Created new connection: rabbitConnectionFactory#1cf5f1b2:0/SimpleConnection@7a6dd9dd [delegate=amqp://admin@127.0.0.1:5672/, localPort=64323]
2026-07-13 21:52:36.788 [main] INFO  c.a.leather.AiatelyeApplication - Started AiatelyeApplication in 106.518 seconds (process running for 111.287)
2026-07-13 21:52:36.799 [main] INFO  c.a.l.componet.CountryConfigSeeder - Ölkələrin bazada olub-olmaması yoxlanılır...
2026-07-13 21:52:43.768 [main] INFO  c.a.l.componet.CountryConfigSeeder - Bütün çatdırılma ölkələri artıq bazada mövcuddur. Əlavə işləməyə ehtiyac yoxdur.
2026-07-13 21:58:47.292 [http-nio-8080-exec-4] INFO  o.a.c.c.C.[Tomcat].[localhost].[/] - Initializing Spring DispatcherServlet 'dispatcherServlet'
2026-07-13 21:58:47.307 [http-nio-8080-exec-4] INFO  o.s.web.servlet.DispatcherServlet - Initializing Servlet 'dispatcherServlet'
2026-07-13 21:58:47.536 [http-nio-8080-exec-4] INFO  o.s.web.servlet.DispatcherServlet - Completed initialization in 227 ms
2026-07-13 21:58:50.042 [http-nio-8080-exec-9] INFO  c.a.l.c.a.AdminPricingRuleController - GET /api/admin/pricing/rules
2026-07-13 21:58:50.204 [http-nio-8080-exec-8] INFO  c.a.l.c.catalog.ProductController - GET /api/products - page: 0, filter: ProductFilterRequest(modelType=null, search=, page=0, size=12)
2026-07-13 21:58:50.981 [http-nio-8080-exec-7] INFO  c.a.l.c.a.AdminProductsController - GET /api/admin/products - filter: ProductModelFilter(id=null, modelname=null, modelType=null, availabilityStatus=null, isActive=null, from=null, to=null), page: Page request [number: 0, size 12, sort: createdAt: DESC]
2026-07-13 21:58:51.694 [http-nio-8080-exec-8] INFO  c.a.l.s.c.ProductCatalogService - Fetching product catalog - page: 0, currency: USD
2026-07-13 21:58:51.711 [http-nio-8080-exec-9] INFO  c.a.l.s.pricing.PricingRuleService - Fetching pricing rules, activeOnly: false
2026-07-13 21:58:52.499 [http-nio-8080-exec-7] INFO  c.a.l.s.c.AdminProductModelService - Admin fetching ALL product models (including inactive/draft) with filter: ProductModelFilter(id=null, modelname=null, modelType=null, availabilityStatus=null, isActive=null, from=null, to=null)
2026-07-13 21:58:54.133 [http-nio-8080-exec-4] INFO  c.a.l.c.a.AdminPricingRuleController - GET /api/admin/pricing/rules
2026-07-13 21:58:54.135 [http-nio-8080-exec-4] INFO  c.a.l.s.pricing.PricingRuleService - Fetching pricing rules, activeOnly: false
2026-07-13 21:58:55.364 [http-nio-8080-exec-8] INFO  c.a.l.cache.PriceCacheRepository - Price cached: price:product:8:grade:3:AZN
2026-07-13 21:58:55.440 [http-nio-8080-exec-8] INFO  c.a.l.cache.PriceCacheRepository - Price cached: price:product:5:grade:2:AZN
2026-07-13 21:58:55.546 [http-nio-8080-exec-8] INFO  c.a.l.cache.PriceCacheRepository - Price cached: price:product:1:grade:1:AZN
2026-07-13 21:58:55.836 [http-nio-8080-exec-8] INFO  c.a.l.c.ProductCatalogCacheRepository - Initial page cached for USD: 4 products
2026-07-13 22:07:07.056 [http-nio-8080-exec-5] INFO  c.a.l.c.a.AdminPricingRuleController - GET /api/admin/pricing/rules
2026-07-13 22:07:07.199 [http-nio-8080-exec-5] INFO  c.a.l.s.pricing.PricingRuleService - Fetching pricing rules, activeOnly: false
2026-07-13 22:07:08.149 [http-nio-8080-exec-4] INFO  c.a.l.c.a.AdminPricingRuleController - GET /api/admin/pricing/rules
2026-07-13 22:07:08.149 [http-nio-8080-exec-4] INFO  c.a.l.s.pricing.PricingRuleService - Fetching pricing rules, activeOnly: false
2026-07-13 22:07:37.583 [http-nio-8080-exec-6] INFO  c.a.l.c.a.AdminLeathersController - GET /api/admin/leathers - filter: LeatherFilter(id=null, leathername=null, origin=null, color=null, gradeType=null, availabilityStatus=null, isActive=null, from=null, to=null), page: Page request [number: 0, size 10, sort: createdAt: DESC]
2026-07-13 22:07:37.765 [http-nio-8080-exec-6] INFO  c.a.l.s.admin.AdminLeatherService - Admin fetching ALL leathers (including inactive/draft) with filter: LeatherFilter(id=null, leathername=null, origin=null, color=null, gradeType=null, availabilityStatus=null, isActive=null, from=null, to=null)
2026-07-13 22:12:54.910 [http-nio-8080-exec-2] INFO  c.a.l.c.a.AdminPricingRuleController - GET /api/admin/pricing/rules
2026-07-13 22:12:54.978 [http-nio-8080-exec-2] INFO  c.a.l.s.pricing.PricingRuleService - Fetching pricing rules, activeOnly: false
2026-07-13 22:12:55.324 [http-nio-8080-exec-3] INFO  c.a.l.c.a.AdminPricingRuleController - GET /api/admin/pricing/rules
2026-07-13 22:12:55.325 [http-nio-8080-exec-3] INFO  c.a.l.s.pricing.PricingRuleService - Fetching pricing rules, activeOnly: false
2026-07-13 22:15:45.649 [http-nio-8080-exec-6] INFO  c.a.l.c.a.AdminPricingRuleController - GET /api/admin/pricing/rules
2026-07-13 22:15:45.879 [http-nio-8080-exec-6] INFO  c.a.l.s.pricing.PricingRuleService - Fetching pricing rules, activeOnly: false
2026-07-13 22:15:46.309 [http-nio-8080-exec-10] INFO  c.a.l.c.a.AdminPricingRuleController - GET /api/admin/pricing/rules
2026-07-13 22:15:46.313 [http-nio-8080-exec-10] INFO  c.a.l.s.pricing.PricingRuleService - Fetching pricing rules, activeOnly: false
2026-07-13 22:16:11.610 [http-nio-8080-exec-5] INFO  c.a.l.c.a.AdminLeathersController - GET /api/admin/leathers - filter: LeatherFilter(id=null, leathername=null, origin=null, color=null, gradeType=null, availabilityStatus=null, isActive=null, from=null, to=null), page: Page request [number: 0, size 10, sort: createdAt: DESC]
2026-07-13 22:16:11.630 [http-nio-8080-exec-5] INFO  c.a.l.s.admin.AdminLeatherService - Admin fetching ALL leathers (including inactive/draft) with filter: LeatherFilter(id=null, leathername=null, origin=null, color=null, gradeType=null, availabilityStatus=null, isActive=null, from=null, to=null)
2026-07-13 22:33:13.629 [org.springframework.amqp.rabbit.RabbitListenerEndpointContainer#0-2] INFO  o.s.a.r.l.SimpleMessageListenerContainer - Waiting for workers to finish.
2026-07-13 22:33:13.827 [org.springframework.amqp.rabbit.RabbitListenerEndpointContainer#0-2] INFO  o.s.a.r.l.SimpleMessageListenerContainer - Successfully waited for workers to finish.
2026-07-13 22:33:14.055 [SpringApplicationShutdownHook] INFO  o.s.b.w.e.tomcat.GracefulShutdown - Commencing graceful shutdown. Waiting for active requests to complete
2026-07-13 22:33:14.357 [tomcat-shutdown] INFO  o.s.b.w.e.tomcat.GracefulShutdown - Graceful shutdown complete
2026-07-13 22:33:17.204 [SpringApplicationShutdownHook] INFO  o.s.o.j.LocalContainerEntityManagerFactoryBean - Closing JPA EntityManagerFactory for persistence unit 'default'
2026-07-13 22:33:17.767 [SpringApplicationShutdownHook] INFO  com.zaxxer.hikari.HikariDataSource - HikariPool-1 - Shutdown initiated...
2026-07-13 22:33:17.955 [SpringApplicationShutdownHook] INFO  com.zaxxer.hikari.HikariDataSource - HikariPool-1 - Shutdown completed.
2026-07-13 22:34:02.399 [background-preinit] INFO  o.h.validator.internal.util.Version - HV000001: Hibernate Validator 8.0.3.Final
2026-07-13 22:34:02.709 [main] INFO  c.a.leather.AiatelyeApplication - Starting AiatelyeApplication using Java 21.0.8 with PID 16816 (D:\My_project_Spring\Aiatelye\Aiatelye\build\classes\java\main started by elcin in D:\My_project_Spring\Aiatelye\Aiatelye)
2026-07-13 22:34:02.709 [main] INFO  c.a.leather.AiatelyeApplication - No active profile set, falling back to 1 default profile: "default"
2026-07-13 22:34:10.971 [main] INFO  o.s.d.r.c.RepositoryConfigurationDelegate - Multiple Spring Data modules found, entering strict repository configuration mode
2026-07-13 22:34:10.989 [main] INFO  o.s.d.r.c.RepositoryConfigurationDelegate - Bootstrapping Spring Data JPA repositories in DEFAULT mode.
2026-07-13 22:34:12.087 [main] INFO  o.s.d.r.c.RepositoryConfigurationDelegate - Finished Spring Data repository scanning in 1069 ms. Found 16 JPA repository interfaces.
2026-07-13 22:34:12.152 [main] INFO  o.s.d.r.c.RepositoryConfigurationDelegate - Multiple Spring Data modules found, entering strict repository configuration mode
2026-07-13 22:34:12.154 [main] INFO  o.s.d.r.c.RepositoryConfigurationDelegate - Bootstrapping Spring Data Redis repositories in DEFAULT mode.
2026-07-13 22:34:12.298 [main] INFO  o.s.d.r.c.RepositoryConfigurationExtensionSupport - Spring Data Redis - Could not safely identify store assignment for repository candidate interface com.aiatelye.leather.repository.CustomDesignRepository; If you want this repository to be a Redis repository, consider annotating your entities with one of these annotations: org.springframework.data.redis.core.RedisHash (preferred), or consider extending one of the following types with your repository: org.springframework.data.keyvalue.repository.KeyValueRepository
2026-07-13 22:34:12.301 [main] INFO  o.s.d.r.c.RepositoryConfigurationExtensionSupport - Spring Data Redis - Could not safely identify store assignment for repository candidate interface com.aiatelye.leather.repository.DeliveryCountryConfigRepository; If you want this repository to be a Redis repository, consider annotating your entities with one of these annotations: org.springframework.data.redis.core.RedisHash (preferred), or consider extending one of the following types with your repository: org.springframework.data.keyvalue.repository.KeyValueRepository
2026-07-13 22:34:12.301 [main] INFO  o.s.d.r.c.RepositoryConfigurationExtensionSupport - Spring Data Redis - Could not safely identify store assignment for repository candidate interface com.aiatelye.leather.repository.LeatherGradeRepository; If you want this repository to be a Redis repository, consider annotating your entities with one of these annotations: org.springframework.data.redis.core.RedisHash (preferred), or consider extending one of the following types with your repository: org.springframework.data.keyvalue.repository.KeyValueRepository
2026-07-13 22:34:12.301 [main] INFO  o.s.d.r.c.RepositoryConfigurationExtensionSupport - Spring Data Redis - Could not safely identify store assignment for repository candidate interface com.aiatelye.leather.repository.LeatherRepository; If you want this repository to be a Redis repository, consider annotating your entities with one of these annotations: org.springframework.data.redis.core.RedisHash (preferred), or consider extending one of the following types with your repository: org.springframework.data.keyvalue.repository.KeyValueRepository
2026-07-13 22:34:12.305 [main] INFO  o.s.d.r.c.RepositoryConfigurationExtensionSupport - Spring Data Redis - Could not safely identify store assignment for repository candidate interface com.aiatelye.leather.repository.OrderItemRepository; If you want this repository to be a Redis repository, consider annotating your entities with one of these annotations: org.springframework.data.redis.core.RedisHash (preferred), or consider extending one of the following types with your repository: org.springframework.data.keyvalue.repository.KeyValueRepository
2026-07-13 22:34:12.306 [main] INFO  o.s.d.r.c.RepositoryConfigurationExtensionSupport - Spring Data Redis - Could not safely identify store assignment for repository candidate interface com.aiatelye.leather.repository.OrderRepository; If you want this repository to be a Redis repository, consider annotating your entities with one of these annotations: org.springframework.data.redis.core.RedisHash (preferred), or consider extending one of the following types with your repository: org.springframework.data.keyvalue.repository.KeyValueRepository
2026-07-13 22:34:12.306 [main] INFO  o.s.d.r.c.RepositoryConfigurationExtensionSupport - Spring Data Redis - Could not safely identify store assignment for repository candidate interface com.aiatelye.leather.repository.PasswordResetTokenRepository; If you want this repository to be a Redis repository, consider annotating your entities with one of these annotations: org.springframework.data.redis.core.RedisHash (preferred), or consider extending one of the following types with your repository: org.springframework.data.keyvalue.repository.KeyValueRepository
2026-07-13 22:34:12.310 [main] INFO  o.s.d.r.c.RepositoryConfigurationExtensionSupport - Spring Data Redis - Could not safely identify store assignment for repository candidate interface com.aiatelye.leather.repository.PaymentRepository; If you want this repository to be a Redis repository, consider annotating your entities with one of these annotations: org.springframework.data.redis.core.RedisHash (preferred), or consider extending one of the following types with your repository: org.springframework.data.keyvalue.repository.KeyValueRepository
2026-07-13 22:34:12.310 [main] INFO  o.s.d.r.c.RepositoryConfigurationExtensionSupport - Spring Data Redis - Could not safely identify store assignment for repository candidate interface com.aiatelye.leather.repository.PricingRuleRepository; If you want this repository to be a Redis repository, consider annotating your entities with one of these annotations: org.springframework.data.redis.core.RedisHash (preferred), or consider extending one of the following types with your repository: org.springframework.data.keyvalue.repository.KeyValueRepository
2026-07-13 22:34:12.311 [main] INFO  o.s.d.r.c.RepositoryConfigurationExtensionSupport - Spring Data Redis - Could not safely identify store assignment for repository candidate interface com.aiatelye.leather.repository.ProductGradePriceRepository; If you want this repository to be a Redis repository, consider annotating your entities with one of these annotations: org.springframework.data.redis.core.RedisHash (preferred), or consider extending one of the following types with your repository: org.springframework.data.keyvalue.repository.KeyValueRepository
2026-07-13 22:34:12.311 [main] INFO  o.s.d.r.c.RepositoryConfigurationExtensionSupport - Spring Data Redis - Could not safely identify store assignment for repository candidate interface com.aiatelye.leather.repository.ProductImageRepository; If you want this repository to be a Redis repository, consider annotating your entities with one of these annotations: org.springframework.data.redis.core.RedisHash (preferred), or consider extending one of the following types with your repository: org.springframework.data.keyvalue.repository.KeyValueRepository
2026-07-13 22:34:12.313 [main] INFO  o.s.d.r.c.RepositoryConfigurationExtensionSupport - Spring Data Redis - Could not safely identify store assignment for repository candidate interface com.aiatelye.leather.repository.ProductModelRepository; If you want this repository to be a Redis repository, consider annotating your entities with one of these annotations: org.springframework.data.redis.core.RedisHash (preferred), or consider extending one of the following types with your repository: org.springframework.data.keyvalue.repository.KeyValueRepository
2026-07-13 22:34:12.315 [main] INFO  o.s.d.r.c.RepositoryConfigurationExtensionSupport - Spring Data Redis - Could not safely identify store assignment for repository candidate interface com.aiatelye.leather.repository.ShippingLocationRepository; If you want this repository to be a Redis repository, consider annotating your entities with one of these annotations: org.springframework.data.redis.core.RedisHash (preferred), or consider extending one of the following types with your repository: org.springframework.data.keyvalue.repository.KeyValueRepository
2026-07-13 22:34:12.316 [main] INFO  o.s.d.r.c.RepositoryConfigurationExtensionSupport - Spring Data Redis - Could not safely identify store assignment for repository candidate interface com.aiatelye.leather.repository.UserLimitRepository; If you want this repository to be a Redis repository, consider annotating your entities with one of these annotations: org.springframework.data.redis.core.RedisHash (preferred), or consider extending one of the following types with your repository: org.springframework.data.keyvalue.repository.KeyValueRepository
2026-07-13 22:34:12.318 [main] INFO  o.s.d.r.c.RepositoryConfigurationExtensionSupport - Spring Data Redis - Could not safely identify store assignment for repository candidate interface com.aiatelye.leather.repository.UserRepository; If you want this repository to be a Redis repository, consider annotating your entities with one of these annotations: org.springframework.data.redis.core.RedisHash (preferred), or consider extending one of the following types with your repository: org.springframework.data.keyvalue.repository.KeyValueRepository
2026-07-13 22:34:12.319 [main] INFO  o.s.d.r.c.RepositoryConfigurationExtensionSupport - Spring Data Redis - Could not safely identify store assignment for repository candidate interface com.aiatelye.leather.Securty.repository.AuthUserRepository; If you want this repository to be a Redis repository, consider annotating your entities with one of these annotations: org.springframework.data.redis.core.RedisHash (preferred), or consider extending one of the following types with your repository: org.springframework.data.keyvalue.repository.KeyValueRepository
2026-07-13 22:34:12.319 [main] INFO  o.s.d.r.c.RepositoryConfigurationDelegate - Finished Spring Data repository scanning in 111 ms. Found 0 Redis repository interfaces.
2026-07-13 22:34:15.196 [main] INFO  o.s.cloud.context.scope.GenericScope - BeanFactory id=35dc3c04-cf60-3a22-a864-4e0a2a33e972
2026-07-13 22:34:17.003 [main] INFO  o.s.b.w.e.tomcat.TomcatWebServer - Tomcat initialized with port 8080 (http)
2026-07-13 22:34:17.027 [main] INFO  o.a.coyote.http11.Http11NioProtocol - Initializing ProtocolHandler ["http-nio-8080"]
2026-07-13 22:34:17.035 [main] INFO  o.a.catalina.core.StandardService - Starting service [Tomcat]
2026-07-13 22:34:17.035 [main] INFO  o.a.catalina.core.StandardEngine - Starting Servlet engine: [Apache Tomcat/10.1.50]
2026-07-13 22:34:17.299 [main] INFO  o.a.c.c.C.[Tomcat].[localhost].[/] - Initializing Spring embedded WebApplicationContext
2026-07-13 22:34:17.299 [main] INFO  o.s.b.w.s.c.ServletWebServerApplicationContext - Root WebApplicationContext: initialization completed in 13801 ms
2026-07-13 22:34:18.371 [main] INFO  o.h.jpa.internal.util.LogHelper - HHH000204: Processing PersistenceUnitInfo [name: default]
2026-07-13 22:34:19.227 [main] INFO  org.hibernate.Version - HHH000412: Hibernate ORM core version 6.6.41.Final
2026-07-13 22:34:19.415 [main] INFO  o.h.c.i.RegionFactoryInitiator - HHH000026: Second-level cache disabled
2026-07-13 22:34:21.950 [main] INFO  o.s.o.j.p.SpringPersistenceUnitInfo - No LoadTimeWeaver setup: ignoring JPA class transformer
2026-07-13 22:34:22.317 [main] INFO  com.zaxxer.hikari.HikariDataSource - HikariPool-1 - Starting...
2026-07-13 22:34:24.682 [main] INFO  com.zaxxer.hikari.pool.HikariPool - HikariPool-1 - Added connection org.postgresql.jdbc.PgConnection@571c7572
2026-07-13 22:34:24.689 [main] INFO  com.zaxxer.hikari.HikariDataSource - HikariPool-1 - Start completed.
2026-07-13 22:34:25.257 [main] INFO  o.hibernate.orm.connections.pooling - HHH10001005: Database info:
	Database JDBC URL [Connecting through datasource 'HikariDataSource (HikariPool-1)']
	Database driver: undefined/unknown
	Database version: 15.17
	Autocommit mode: undefined/unknown
	Isolation level: undefined/unknown
	Minimum pool size: undefined/unknown
	Maximum pool size: undefined/unknown
2026-07-13 22:34:32.128 [main] INFO  o.h.e.t.j.p.i.JtaPlatformInitiator - HHH000489: No JTA platform available (set 'hibernate.transaction.jta.platform' to enable JTA platform integration)
2026-07-13 22:34:33.908 [main] WARN  o.h.e.jdbc.spi.SqlExceptionHelper - SQL Warning Code: 0, SQLState: 00000
2026-07-13 22:34:33.908 [main] WARN  o.h.e.jdbc.spi.SqlExceptionHelper - constraint "uk781pmjx7kf279uopjhmbwnqhl" of relation "favorites" does not exist, skipping
2026-07-13 22:34:36.042 [main] INFO  o.s.o.j.LocalContainerEntityManagerFactoryBean - Initialized JPA EntityManagerFactory for persistence unit 'default'
2026-07-13 22:34:41.332 [main] INFO  c.a.l.componet.OrderNumberGenerator - Database sequence 'order_number_seq' checked/created successfully.
2026-07-13 22:34:42.270 [main] INFO  o.s.d.j.r.query.QueryEnhancerFactory - Hibernate is in classpath; If applicable, HQL parser will be used.
2026-07-13 22:34:48.553 [main] INFO  o.s.s.c.a.a.c.InitializeAuthenticationProviderBeanManagerConfigurer$InitializeAuthenticationProviderManagerConfigurer - Global AuthenticationManager configured with AuthenticationProvider bean with name daoAuthenticationProvider
2026-07-13 22:34:48.553 [main] WARN  o.s.s.c.a.a.c.InitializeUserDetailsBeanManagerConfigurer$InitializeUserDetailsManagerConfigurer - Global AuthenticationManager configured with an AuthenticationProvider bean. UserDetailsService beans will not be used by Spring Security for automatically configuring username/password login. Consider removing the AuthenticationProvider bean. Alternatively, consider using the UserDetailsService in a manually instantiated DaoAuthenticationProvider. If the current configuration is intentional, to turn off this warning, increase the logging level of 'org.springframework.security.config.annotation.authentication.configuration.InitializeUserDetailsBeanManagerConfigurer' to ERROR
2026-07-13 22:34:51.664 [main] INFO  o.a.coyote.http11.Http11NioProtocol - Starting ProtocolHandler ["http-nio-8080"]
2026-07-13 22:34:51.808 [main] INFO  o.s.b.w.e.tomcat.TomcatWebServer - Tomcat started on port 8080 (http) with context path '/'
2026-07-13 22:34:51.832 [main] INFO  o.s.a.r.c.CachingConnectionFactory - Attempting to connect to: [localhost:5672]
2026-07-13 22:34:53.857 [main] INFO  o.s.a.r.c.CachingConnectionFactory - Created new connection: rabbitConnectionFactory#13d06ddb:0/SimpleConnection@68be702f [delegate=amqp://admin@127.0.0.1:5672/, localPort=49673]
2026-07-13 22:34:54.333 [main] INFO  c.a.leather.AiatelyeApplication - Started AiatelyeApplication in 58.333 seconds (process running for 62.631)
2026-07-13 22:34:54.349 [main] INFO  c.a.l.componet.CountryConfigSeeder - Ölkələrin bazada olub-olmaması yoxlanılır...
2026-07-13 22:35:06.427 [main] INFO  c.a.l.componet.CountryConfigSeeder - Bütün çatdırılma ölkələri artıq bazada mövcuddur. Əlavə işləməyə ehtiyac yoxdur.
2026-07-13 22:35:22.814 [http-nio-8080-exec-1] INFO  o.a.c.c.C.[Tomcat].[localhost].[/] - Initializing Spring DispatcherServlet 'dispatcherServlet'
2026-07-13 22:35:22.814 [http-nio-8080-exec-1] INFO  o.s.web.servlet.DispatcherServlet - Initializing Servlet 'dispatcherServlet'
2026-07-13 22:35:22.824 [http-nio-8080-exec-1] INFO  o.s.web.servlet.DispatcherServlet - Completed initialization in 10 ms
2026-07-13 22:35:23.972 [http-nio-8080-exec-2] INFO  c.a.l.s.D.DeliveryCountryConfigService - Country DE status changed to false by unknown
2026-07-13 22:37:53.563 [http-nio-8080-exec-3] INFO  c.a.l.s.D.DeliveryCountryConfigService - Country DE status changed to true by unknown
2026-07-13 22:38:35.030 [http-nio-8080-exec-5] INFO  c.a.l.s.D.DeliveryCountryConfigService - Country DE status changed to false by unknown
2026-07-13 22:38:44.519 [http-nio-8080-exec-6] INFO  c.a.l.s.D.DeliveryCountryConfigService - Country DE status changed to true by unknown
2026-07-13 22:39:04.670 [http-nio-8080-exec-9] INFO  c.a.l.s.D.DeliveryCountryConfigService - Country EC status changed to false by unknown
2026-07-13 22:39:17.484 [http-nio-8080-exec-8] INFO  c.a.l.s.D.DeliveryCountryConfigService - Country EC status changed to true by unknown
2026-07-13 22:47:11.806 [http-nio-8080-exec-2] INFO  c.a.l.c.a.AdminPricingRuleController - GET /api/admin/pricing/rules
2026-07-13 22:47:11.979 [http-nio-8080-exec-2] INFO  c.a.l.s.pricing.PricingRuleService - Fetching pricing rules, activeOnly: false
2026-07-13 22:47:12.162 [http-nio-8080-exec-3] INFO  c.a.l.c.catalog.ProductController - GET /api/products - page: 0, filter: ProductFilterRequest(modelType=null, search=, page=0, size=12)
2026-07-13 22:47:12.481 [http-nio-8080-exec-3] INFO  c.a.l.s.c.ProductCatalogService - Fetching product catalog - page: 0, currency: USD
2026-07-13 22:47:12.915 [http-nio-8080-exec-5] INFO  c.a.l.c.a.AdminPricingRuleController - GET /api/admin/pricing/rules
2026-07-13 22:47:12.916 [http-nio-8080-exec-5] INFO  c.a.l.s.pricing.PricingRuleService - Fetching pricing rules, activeOnly: false
2026-07-13 22:47:16.160 [http-nio-8080-exec-3] INFO  c.a.l.cache.PriceCacheRepository - Price cached: price:product:8:grade:3:AZN
2026-07-13 22:47:16.203 [http-nio-8080-exec-3] INFO  c.a.l.cache.PriceCacheRepository - Price cached: price:product:5:grade:2:AZN
2026-07-13 22:47:16.232 [http-nio-8080-exec-3] INFO  c.a.l.cache.PriceCacheRepository - Price cached: price:product:1:grade:1:AZN
2026-07-13 22:47:16.409 [http-nio-8080-exec-3] INFO  c.a.l.c.ProductCatalogCacheRepository - Initial page cached for USD: 4 products
2026-07-13 22:47:17.725 [http-nio-8080-exec-6] INFO  c.a.l.c.catalog.ProductController - GET /api/products - page: 0, filter: ProductFilterRequest(modelType=null, search=, page=0, size=12)
2026-07-13 22:47:17.737 [http-nio-8080-exec-6] INFO  c.a.l.s.c.ProductCatalogService - Fetching product catalog - page: 0, currency: USD
2026-07-13 22:47:17.867 [http-nio-8080-exec-6] INFO  c.a.l.c.ProductCatalogCacheRepository - Initial page cache hit for USD
2026-07-13 22:47:20.484 [http-nio-8080-exec-9] INFO  c.a.l.c.catalog.ProductController - GET /api/products/5/available-leathers
2026-07-13 22:47:20.489 [http-nio-8080-exec-7] INFO  c.a.l.c.catalog.ProductController - GET /api/products/5 - Product detail requested
2026-07-13 22:47:20.507 [http-nio-8080-exec-9] INFO  c.a.l.s.c.ProductCatalogService - Fetching available leathers for product: 5
2026-07-13 22:47:20.960 [http-nio-8080-exec-7] INFO  c.a.l.cache.PriceCacheRepository - Price cached: price:product:5:grade:2:AZN
2026-07-13 22:47:21.157 [http-nio-8080-exec-7] INFO  c.a.l.cache.PriceCacheRepository - Price cached: price:product:5:grade:3:AZN
2026-07-13 22:47:21.249 [http-nio-8080-exec-7] INFO  c.a.l.cache.PriceCacheRepository - Price cached: price:product:5:grade:1:AZN
2026-07-13 22:47:21.273 [http-nio-8080-exec-9] INFO  c.a.l.cache.LeatherCacheRepository - Cached 4 leathers for product: 5
2026-07-13 22:47:21.273 [http-nio-8080-exec-9] INFO  c.a.l.s.c.ProductCatalogService - Found and cached 4 leathers for product: 5
2026-07-13 22:47:21.292 [http-nio-8080-exec-7] INFO  c.a.l.c.ProductCatalogCacheRepository - Product detail cached with key: product:detail:5:USD
2026-07-13 22:47:21.309 [http-nio-8080-exec-8] INFO  c.a.l.c.catalog.ProductController - GET /api/products/5/available-leathers
2026-07-13 22:47:21.310 [http-nio-8080-exec-8] INFO  c.a.l.s.c.ProductCatalogService - Fetching available leathers for product: 5
2026-07-13 22:47:21.322 [http-nio-8080-exec-10] INFO  c.a.l.c.catalog.ProductController - GET /api/products/5 - Product detail requested
2026-07-13 22:47:21.326 [http-nio-8080-exec-8] INFO  c.a.l.cache.LeatherCacheRepository - Cache hit for leathers: 5
2026-07-13 22:47:21.335 [http-nio-8080-exec-8] INFO  c.a.l.s.c.ProductCatalogService - Returning cached leathers for product: 5
2026-07-13 22:47:21.343 [http-nio-8080-exec-10] INFO  c.a.l.c.ProductCatalogCacheRepository - Product detail cache hit: product:detail:5:USD
2026-07-13 22:47:21.343 [http-nio-8080-exec-10] INFO  c.a.l.s.c.ProductCatalogService - Cache hit: Returning product 5 for USD
2026-07-13 22:48:08.845 [http-nio-8080-exec-1] INFO  c.a.l.c.catalog.ProductController - GET /api/products - page: 0, filter: ProductFilterRequest(modelType=null, search=, page=0, size=12)
2026-07-13 22:48:08.880 [http-nio-8080-exec-1] INFO  c.a.l.s.c.ProductCatalogService - Fetching product catalog - page: 0, currency: USD
2026-07-13 22:48:08.907 [http-nio-8080-exec-1] INFO  c.a.l.c.ProductCatalogCacheRepository - Initial page cache hit for USD
2026-07-13 22:48:11.664 [http-nio-8080-exec-5] INFO  c.a.l.c.order.CartController - POST /api/cart/preview - 4 items, currency: USD
2026-07-13 22:48:11.678 [http-nio-8080-exec-5] INFO  c.a.l.s.Order.CartPreviewService - Cart preview requested with 4 items, currency: USD
2026-07-13 22:48:12.050 [http-nio-8080-exec-5] INFO  c.a.l.cache.PriceCacheRepository - Price cached: price:product:1:grade:3:AZN
2026-07-13 22:48:12.104 [http-nio-8080-exec-5] INFO  c.a.l.cache.PriceCacheRepository - Price cached: price:product:1:grade:1:AZN
2026-07-13 22:48:12.152 [http-nio-8080-exec-5] INFO  c.a.l.cache.PriceCacheRepository - Price cached: price:product:5:grade:1:AZN
2026-07-13 22:48:12.197 [http-nio-8080-exec-5] INFO  c.a.l.cache.PriceCacheRepository - Price cached: price:product:8:grade:3:AZN
2026-07-13 22:48:46.374 [http-nio-8080-exec-7] INFO  c.a.l.c.order.CartController - POST /api/cart/preview - 4 items, currency: AZN
2026-07-13 22:48:46.377 [http-nio-8080-exec-8] INFO  c.a.l.c.order.CartController - POST /api/cart/preview - 4 items, currency: AZN
2026-07-13 22:48:46.492 [http-nio-8080-exec-8] INFO  c.a.l.s.Order.CartPreviewService - Cart preview requested with 4 items, currency: AZN
2026-07-13 22:48:46.523 [http-nio-8080-exec-7] INFO  c.a.l.s.Order.CartPreviewService - Cart preview requested with 4 items, currency: AZN
2026-07-13 22:48:46.584 [http-nio-8080-exec-8] INFO  c.a.l.cache.PriceCacheRepository - Price cache hit: price:product:1:grade:3:AZN
2026-07-13 22:48:46.597 [http-nio-8080-exec-8] INFO  c.a.l.cache.PriceCacheRepository - Price cache hit: price:product:1:grade:1:AZN
2026-07-13 22:48:46.627 [http-nio-8080-exec-8] INFO  c.a.l.cache.PriceCacheRepository - Price cache hit: price:product:5:grade:1:AZN
2026-07-13 22:48:46.635 [http-nio-8080-exec-8] INFO  c.a.l.cache.PriceCacheRepository - Price cache hit: price:product:8:grade:3:AZN
2026-07-13 22:48:46.636 [http-nio-8080-exec-8] WARN  c.a.l.s.Order.CartPreviewService - Price mismatch for product 5: seen=10, current=100.00
2026-07-13 22:48:46.638 [http-nio-8080-exec-8] WARN  c.a.l.s.Order.CartPreviewService - Price mismatch for product 8: seen=100, current=150.00
2026-07-13 22:48:46.638 [http-nio-8080-exec-8] WARN  c.a.l.s.Order.CartPreviewService - Price mismatch for product 1: seen=26, current=100.00
2026-07-13 22:48:46.638 [http-nio-8080-exec-8] WARN  c.a.l.s.Order.CartPreviewService - Price mismatch for product 1: seen=70, current=50.00
2026-07-13 22:48:46.791 [http-nio-8080-exec-7] INFO  c.a.l.cache.PriceCacheRepository - Price cache hit: price:product:1:grade:3:AZN
2026-07-13 22:48:46.862 [http-nio-8080-exec-7] INFO  c.a.l.cache.PriceCacheRepository - Price cache hit: price:product:1:grade:1:AZN
2026-07-13 22:48:46.962 [http-nio-8080-exec-7] INFO  c.a.l.cache.PriceCacheRepository - Price cache hit: price:product:5:grade:1:AZN
2026-07-13 22:48:46.997 [http-nio-8080-exec-7] INFO  c.a.l.cache.PriceCacheRepository - Price cache hit: price:product:8:grade:3:AZN
2026-07-13 22:48:46.998 [http-nio-8080-exec-7] WARN  c.a.l.s.Order.CartPreviewService - Price mismatch for product 5: seen=10, current=100.00
2026-07-13 22:48:46.998 [http-nio-8080-exec-7] WARN  c.a.l.s.Order.CartPreviewService - Price mismatch for product 8: seen=100, current=150.00
2026-07-13 22:48:46.998 [http-nio-8080-exec-7] WARN  c.a.l.s.Order.CartPreviewService - Price mismatch for product 1: seen=26, current=100.00
2026-07-13 22:48:46.998 [http-nio-8080-exec-7] WARN  c.a.l.s.Order.CartPreviewService - Price mismatch for product 1: seen=70, current=50.00
2026-07-13 22:48:51.543 [http-nio-8080-exec-2] INFO  c.a.l.c.catalog.ProductController - GET /api/products - page: 0, filter: ProductFilterRequest(modelType=null, search=, page=0, size=12)
2026-07-13 22:48:51.550 [http-nio-8080-exec-2] INFO  c.a.l.s.c.ProductCatalogService - Fetching product catalog - page: 0, currency: USD
2026-07-13 22:48:51.565 [http-nio-8080-exec-2] INFO  c.a.l.c.ProductCatalogCacheRepository - Initial page cache hit for USD
2026-07-13 22:50:37.765 [http-nio-8080-exec-2] INFO  c.a.l.c.a.AdminPricingRuleController - GET /api/admin/pricing/rules
2026-07-13 22:50:37.811 [http-nio-8080-exec-2] INFO  c.a.l.s.pricing.PricingRuleService - Fetching pricing rules, activeOnly: false
2026-07-13 22:50:37.964 [http-nio-8080-exec-5] INFO  c.a.l.c.catalog.ProductController - GET /api/products - page: 0, filter: ProductFilterRequest(modelType=null, search=, page=0, size=12)
2026-07-13 22:50:37.973 [http-nio-8080-exec-5] INFO  c.a.l.s.c.ProductCatalogService - Fetching product catalog - page: 0, currency: USD
2026-07-13 22:50:38.159 [http-nio-8080-exec-5] INFO  c.a.l.c.ProductCatalogCacheRepository - Initial page cache hit for USD
2026-07-13 22:50:46.538 [http-nio-8080-exec-8] INFO  c.a.l.c.catalog.ProductController - GET /api/products - page: 0, filter: ProductFilterRequest(modelType=null, search=, page=0, size=12)
2026-07-13 22:50:46.608 [http-nio-8080-exec-8] INFO  c.a.l.s.c.ProductCatalogService - Fetching product catalog - page: 0, currency: USD
2026-07-13 22:50:46.679 [http-nio-8080-exec-8] INFO  c.a.l.c.ProductCatalogCacheRepository - Initial page cache hit for USD
2026-07-13 22:50:48.492 [http-nio-8080-exec-7] INFO  c.a.l.c.catalog.ProductController - GET /api/products/8/available-leathers
2026-07-13 22:50:48.498 [http-nio-8080-exec-4] INFO  c.a.l.c.catalog.ProductController - GET /api/products/8 - Product detail requested
2026-07-13 22:50:48.554 [http-nio-8080-exec-7] INFO  c.a.l.s.c.ProductCatalogService - Fetching available leathers for product: 8
2026-07-13 22:50:48.962 [http-nio-8080-exec-7] INFO  c.a.l.cache.LeatherCacheRepository - Cached 4 leathers for product: 8
2026-07-13 22:50:48.962 [http-nio-8080-exec-7] INFO  c.a.l.s.c.ProductCatalogService - Found and cached 4 leathers for product: 8
2026-07-13 22:50:49.026 [http-nio-8080-exec-1] INFO  c.a.l.c.catalog.ProductController - GET /api/products/8/available-leathers
2026-07-13 22:50:49.079 [http-nio-8080-exec-1] INFO  c.a.l.s.c.ProductCatalogService - Fetching available leathers for product: 8
2026-07-13 22:50:49.100 [http-nio-8080-exec-1] INFO  c.a.l.cache.LeatherCacheRepository - Cache hit for leathers: 8
2026-07-13 22:50:49.101 [http-nio-8080-exec-4] INFO  c.a.l.cache.PriceCacheRepository - Price cached: price:product:8:grade:1:AZN
2026-07-13 22:50:49.110 [http-nio-8080-exec-1] INFO  c.a.l.s.c.ProductCatalogService - Returning cached leathers for product: 8
2026-07-13 22:50:49.194 [http-nio-8080-exec-4] INFO  c.a.l.cache.PriceCacheRepository - Price cached: price:product:8:grade:2:AZN
2026-07-13 22:50:49.314 [http-nio-8080-exec-4] INFO  c.a.l.cache.PriceCacheRepository - Price cached: price:product:8:grade:3:AZN
2026-07-13 22:50:49.382 [http-nio-8080-exec-4] INFO  c.a.l.c.ProductCatalogCacheRepository - Product detail cached with key: product:detail:8:USD
2026-07-13 22:50:49.433 [http-nio-8080-exec-2] INFO  c.a.l.c.catalog.ProductController - GET /api/products/8 - Product detail requested
2026-07-13 22:50:49.531 [http-nio-8080-exec-2] INFO  c.a.l.c.ProductCatalogCacheRepository - Product detail cache hit: product:detail:8:USD
2026-07-13 22:50:49.532 [http-nio-8080-exec-2] INFO  c.a.l.s.c.ProductCatalogService - Cache hit: Returning product 8 for USD
2026-07-13 22:50:51.129 [http-nio-8080-exec-5] INFO  c.a.l.c.order.CartController - POST /api/cart/preview - 5 items, currency: USD
2026-07-13 22:50:51.231 [http-nio-8080-exec-5] INFO  c.a.l.s.Order.CartPreviewService - Cart preview requested with 5 items, currency: USD
2026-07-13 22:50:52.684 [http-nio-8080-exec-5] INFO  c.a.l.cache.PriceCacheRepository - Price cached: price:product:8:grade:1:AZN
2026-07-13 22:50:52.850 [http-nio-8080-exec-5] INFO  c.a.l.cache.PriceCacheRepository - Price cached: price:product:1:grade:3:AZN
2026-07-13 22:50:53.143 [http-nio-8080-exec-5] INFO  c.a.l.cache.PriceCacheRepository - Price cached: price:product:1:grade:1:AZN
2026-07-13 22:50:53.247 [http-nio-8080-exec-5] INFO  c.a.l.cache.PriceCacheRepository - Price cached: price:product:5:grade:1:AZN
2026-07-13 22:50:53.349 [http-nio-8080-exec-5] INFO  c.a.l.cache.PriceCacheRepository - Price cached: price:product:8:grade:3:AZN
2026-07-13 22:50:56.895 [http-nio-8080-exec-6] INFO  c.a.l.c.catalog.ProductController - GET /api/products - page: 0, filter: ProductFilterRequest(modelType=null, search=, page=0, size=12)
2026-07-13 22:50:56.905 [http-nio-8080-exec-6] INFO  c.a.l.s.c.ProductCatalogService - Fetching product catalog - page: 0, currency: USD
2026-07-13 22:50:56.914 [http-nio-8080-exec-6] INFO  c.a.l.c.ProductCatalogCacheRepository - Initial page cache hit for USD
2026-07-13 22:51:04.134 [http-nio-8080-exec-3] INFO  c.a.l.c.catalog.ProductController - GET /api/products - page: 0, filter: ProductFilterRequest(modelType=null, search=, page=0, size=12)
2026-07-13 22:51:04.140 [http-nio-8080-exec-3] INFO  c.a.l.s.c.ProductCatalogService - Fetching product catalog - page: 0, currency: USD
2026-07-13 22:51:04.152 [http-nio-8080-exec-3] INFO  c.a.l.c.ProductCatalogCacheRepository - Initial page cache hit for USD
2026-07-13 22:51:31.173 [http-nio-8080-exec-9] INFO  c.a.l.c.a.AdminPricingRuleController - GET /api/admin/pricing/rules
2026-07-13 22:51:31.182 [http-nio-8080-exec-9] INFO  c.a.l.s.pricing.PricingRuleService - Fetching pricing rules, activeOnly: false
2026-07-13 22:51:31.488 [http-nio-8080-exec-8] INFO  c.a.l.c.catalog.ProductController - GET /api/products - page: 0, filter: ProductFilterRequest(modelType=null, search=, page=0, size=12)
2026-07-13 22:51:31.493 [http-nio-8080-exec-8] INFO  c.a.l.s.c.ProductCatalogService - Fetching product catalog - page: 0, currency: USD
2026-07-13 22:51:31.516 [http-nio-8080-exec-8] INFO  c.a.l.c.ProductCatalogCacheRepository - Initial page cache hit for USD
2026-07-13 22:51:39.999 [http-nio-8080-exec-1] INFO  c.a.l.c.a.AdminProductsController - GET /api/admin/products - filter: ProductModelFilter(id=null, modelname=null, modelType=null, availabilityStatus=null, isActive=null, from=null, to=null), page: Page request [number: 0, size 12, sort: createdAt: DESC]
2026-07-13 22:51:40.059 [http-nio-8080-exec-1] INFO  c.a.l.s.c.AdminProductModelService - Admin fetching ALL product models (including inactive/draft) with filter: ProductModelFilter(id=null, modelname=null, modelType=null, availabilityStatus=null, isActive=null, from=null, to=null)
2026-07-13 22:51:47.422 [http-nio-8080-exec-10] INFO  c.a.l.s.D.DeliveryCountryConfigService - Country AZ status changed to false by unknown
2026-07-13 22:51:51.042 [http-nio-8080-exec-8] INFO  c.a.l.s.D.DeliveryCountryConfigService - Country BR status changed to false by unknown
2026-07-13 22:51:55.200 [http-nio-8080-exec-7] INFO  c.a.l.c.catalog.ProductController - GET /api/products - page: 0, filter: ProductFilterRequest(modelType=null, search=, page=0, size=12)
2026-07-13 22:51:55.217 [http-nio-8080-exec-7] INFO  c.a.l.s.c.ProductCatalogService - Fetching product catalog - page: 0, currency: USD
2026-07-13 22:51:55.248 [http-nio-8080-exec-7] INFO  c.a.l.c.ProductCatalogCacheRepository - Initial page cache hit for USD
2026-07-13 22:52:00.677 [http-nio-8080-exec-2] INFO  c.a.l.c.order.CartController - POST /api/cart/preview - 5 items, currency: USD
2026-07-13 22:52:00.684 [http-nio-8080-exec-2] INFO  c.a.l.s.Order.CartPreviewService - Cart preview requested with 5 items, currency: USD
2026-07-13 22:52:00.813 [http-nio-8080-exec-2] INFO  c.a.l.cache.PriceCacheRepository - Price cached: price:product:8:grade:1:AZN
2026-07-13 22:52:00.841 [http-nio-8080-exec-2] INFO  c.a.l.cache.PriceCacheRepository - Price cached: price:product:1:grade:3:AZN
2026-07-13 22:52:00.864 [http-nio-8080-exec-2] INFO  c.a.l.cache.PriceCacheRepository - Price cached: price:product:1:grade:1:AZN
2026-07-13 22:52:00.892 [http-nio-8080-exec-2] INFO  c.a.l.cache.PriceCacheRepository - Price cached: price:product:5:grade:1:AZN
2026-07-13 22:52:00.933 [http-nio-8080-exec-2] INFO  c.a.l.cache.PriceCacheRepository - Price cached: price:product:8:grade:3:AZN
2026-07-13 22:52:01.946 [http-nio-8080-exec-3] INFO  c.a.l.c.order.CartController - POST /api/cart/preview - 5 items, currency: AZN
2026-07-13 22:52:01.950 [http-nio-8080-exec-5] INFO  c.a.l.c.order.CartController - POST /api/cart/preview - 5 items, currency: AZN
2026-07-13 22:52:01.964 [http-nio-8080-exec-5] INFO  c.a.l.s.Order.CartPreviewService - Cart preview requested with 5 items, currency: AZN
2026-07-13 22:52:01.981 [http-nio-8080-exec-3] INFO  c.a.l.s.Order.CartPreviewService - Cart preview requested with 5 items, currency: AZN
2026-07-13 22:52:02.029 [http-nio-8080-exec-5] INFO  c.a.l.cache.PriceCacheRepository - Price cache hit: price:product:8:grade:1:AZN
2026-07-13 22:52:02.070 [http-nio-8080-exec-3] INFO  c.a.l.cache.PriceCacheRepository - Price cache hit: price:product:8:grade:1:AZN
2026-07-13 22:52:02.133 [http-nio-8080-exec-3] INFO  c.a.l.cache.PriceCacheRepository - Price cache hit: price:product:1:grade:3:AZN
2026-07-13 22:52:02.132 [http-nio-8080-exec-5] INFO  c.a.l.cache.PriceCacheRepository - Price cache hit: price:product:1:grade:3:AZN
2026-07-13 22:52:02.507 [http-nio-8080-exec-3] INFO  c.a.l.cache.PriceCacheRepository - Price cache hit: price:product:1:grade:1:AZN
2026-07-13 22:52:02.507 [http-nio-8080-exec-5] INFO  c.a.l.cache.PriceCacheRepository - Price cache hit: price:product:1:grade:1:AZN
2026-07-13 22:52:02.681 [http-nio-8080-exec-3] INFO  c.a.l.cache.PriceCacheRepository - Price cache hit: price:product:5:grade:1:AZN
2026-07-13 22:52:02.680 [http-nio-8080-exec-5] INFO  c.a.l.cache.PriceCacheRepository - Price cache hit: price:product:5:grade:1:AZN
2026-07-13 22:52:02.887 [http-nio-8080-exec-5] INFO  c.a.l.cache.PriceCacheRepository - Price cache hit: price:product:8:grade:3:AZN
2026-07-13 22:52:02.887 [http-nio-8080-exec-3] INFO  c.a.l.cache.PriceCacheRepository - Price cache hit: price:product:8:grade:3:AZN
2026-07-13 22:52:02.888 [http-nio-8080-exec-5] WARN  c.a.l.s.Order.CartPreviewService - Price mismatch for product 5: seen=10, current=100.00
2026-07-13 22:52:02.888 [http-nio-8080-exec-3] WARN  c.a.l.s.Order.CartPreviewService - Price mismatch for product 5: seen=10, current=100.00
2026-07-13 22:52:02.888 [http-nio-8080-exec-3] WARN  c.a.l.s.Order.CartPreviewService - Price mismatch for product 8: seen=100, current=150.00
2026-07-13 22:52:02.888 [http-nio-8080-exec-5] WARN  c.a.l.s.Order.CartPreviewService - Price mismatch for product 8: seen=100, current=150.00
2026-07-13 22:52:02.888 [http-nio-8080-exec-5] WARN  c.a.l.s.Order.CartPreviewService - Price mismatch for product 1: seen=26, current=100.00
2026-07-13 22:52:02.888 [http-nio-8080-exec-5] WARN  c.a.l.s.Order.CartPreviewService - Price mismatch for product 1: seen=70, current=50.00
2026-07-13 22:52:02.889 [http-nio-8080-exec-5] WARN  c.a.l.s.Order.CartPreviewService - Price mismatch for product 8: seen=10, current=250.00
2026-07-13 22:52:02.888 [http-nio-8080-exec-3] WARN  c.a.l.s.Order.CartPreviewService - Price mismatch for product 1: seen=26, current=100.00
2026-07-13 22:52:02.889 [http-nio-8080-exec-3] WARN  c.a.l.s.Order.CartPreviewService - Price mismatch for product 1: seen=70, current=50.00
2026-07-13 22:52:02.889 [http-nio-8080-exec-3] WARN  c.a.l.s.Order.CartPreviewService - Price mismatch for product 8: seen=10, current=250.00
2026-07-13 22:52:17.148 [http-nio-8080-exec-1] INFO  c.a.l.c.order.CartController - POST /api/cart/preview - 5 items, currency: USD
2026-07-13 22:52:17.154 [http-nio-8080-exec-1] INFO  c.a.l.s.Order.CartPreviewService - Cart preview requested with 5 items, currency: USD
2026-07-13 22:52:17.212 [http-nio-8080-exec-1] INFO  c.a.l.cache.PriceCacheRepository - Price cached: price:product:8:grade:1:AZN
2026-07-13 22:52:17.250 [http-nio-8080-exec-1] INFO  c.a.l.cache.PriceCacheRepository - Price cached: price:product:1:grade:3:AZN
2026-07-13 22:52:17.276 [http-nio-8080-exec-1] INFO  c.a.l.cache.PriceCacheRepository - Price cached: price:product:1:grade:1:AZN
2026-07-13 22:52:17.331 [http-nio-8080-exec-1] INFO  c.a.l.cache.PriceCacheRepository - Price cached: price:product:5:grade:1:AZN
2026-07-13 22:52:17.467 [http-nio-8080-exec-1] INFO  c.a.l.cache.PriceCacheRepository - Price cached: price:product:8:grade:3:AZN
2026-07-13 22:52:21.075 [http-nio-8080-exec-4] INFO  c.a.l.c.order.CartController - POST /api/cart/preview - 5 items, currency: AZN
2026-07-13 22:52:21.079 [http-nio-8080-exec-4] INFO  c.a.l.s.Order.CartPreviewService - Cart preview requested with 5 items, currency: AZN
2026-07-13 22:52:21.262 [http-nio-8080-exec-4] INFO  c.a.l.cache.PriceCacheRepository - Price cache hit: price:product:8:grade:1:AZN
2026-07-13 22:52:21.265 [http-nio-8080-exec-4] INFO  c.a.l.cache.PriceCacheRepository - Price cache hit: price:product:1:grade:3:AZN
2026-07-13 22:52:21.269 [http-nio-8080-exec-4] INFO  c.a.l.cache.PriceCacheRepository - Price cache hit: price:product:1:grade:1:AZN
2026-07-13 22:52:21.274 [http-nio-8080-exec-4] INFO  c.a.l.cache.PriceCacheRepository - Price cache hit: price:product:5:grade:1:AZN
2026-07-13 22:52:21.278 [http-nio-8080-exec-4] INFO  c.a.l.cache.PriceCacheRepository - Price cache hit: price:product:8:grade:3:AZN
2026-07-13 22:52:21.278 [http-nio-8080-exec-4] WARN  c.a.l.s.Order.CartPreviewService - Price mismatch for product 5: seen=10, current=100.00
2026-07-13 22:52:21.278 [http-nio-8080-exec-4] WARN  c.a.l.s.Order.CartPreviewService - Price mismatch for product 8: seen=100, current=150.00
2026-07-13 22:52:21.278 [http-nio-8080-exec-4] WARN  c.a.l.s.Order.CartPreviewService - Price mismatch for product 1: seen=26, current=100.00
2026-07-13 22:52:21.278 [http-nio-8080-exec-4] WARN  c.a.l.s.Order.CartPreviewService - Price mismatch for product 1: seen=70, current=50.00
2026-07-13 22:52:21.279 [http-nio-8080-exec-4] WARN  c.a.l.s.Order.CartPreviewService - Price mismatch for product 8: seen=10, current=250.00
2026-07-13 22:53:13.234 [http-nio-8080-exec-6] INFO  c.a.l.c.a.AdminPricingRuleController - GET /api/admin/pricing/rules
2026-07-13 22:53:13.240 [http-nio-8080-exec-6] INFO  c.a.l.s.pricing.PricingRuleService - Fetching pricing rules, activeOnly: false
2026-07-13 22:53:16.933 [http-nio-8080-exec-3] INFO  c.a.l.c.catalog.ProductController - GET /api/products - page: 0, filter: ProductFilterRequest(modelType=null, search=, page=0, size=12)
2026-07-13 22:53:16.943 [http-nio-8080-exec-3] INFO  c.a.l.s.c.ProductCatalogService - Fetching product catalog - page: 0, currency: USD
2026-07-13 22:53:17.014 [http-nio-8080-exec-3] INFO  c.a.l.c.ProductCatalogCacheRepository - Initial page cache hit for USD
2026-07-13 22:53:21.847 [http-nio-8080-exec-5] INFO  c.a.l.c.order.CartController - POST /api/cart/preview - 4 items, currency: USD
2026-07-13 22:53:22.595 [http-nio-8080-exec-5] INFO  c.a.l.s.Order.CartPreviewService - Cart preview requested with 4 items, currency: USD
2026-07-13 22:53:23.506 [http-nio-8080-exec-5] INFO  c.a.l.cache.PriceCacheRepository - Price cached: price:product:1:grade:3:AZN
2026-07-13 22:53:23.779 [http-nio-8080-exec-5] INFO  c.a.l.cache.PriceCacheRepository - Price cached: price:product:1:grade:1:AZN
2026-07-13 22:53:23.984 [http-nio-8080-exec-5] INFO  c.a.l.cache.PriceCacheRepository - Price cached: price:product:5:grade:1:AZN
2026-07-13 22:53:24.133 [http-nio-8080-exec-5] INFO  c.a.l.cache.PriceCacheRepository - Price cached: price:product:8:grade:3:AZN
2026-07-13 22:53:24.914 [http-nio-8080-exec-8] INFO  c.a.l.c.order.CartController - POST /api/cart/preview - 4 items, currency: AZN
2026-07-13 22:53:24.921 [http-nio-8080-exec-1] INFO  c.a.l.c.order.CartController - POST /api/cart/preview - 4 items, currency: AZN
2026-07-13 22:53:24.929 [http-nio-8080-exec-8] INFO  c.a.l.s.Order.CartPreviewService - Cart preview requested with 4 items, currency: AZN
2026-07-13 22:53:25.065 [http-nio-8080-exec-1] INFO  c.a.l.s.Order.CartPreviewService - Cart preview requested with 4 items, currency: AZN
2026-07-13 22:53:25.111 [http-nio-8080-exec-8] INFO  c.a.l.cache.PriceCacheRepository - Price cache hit: price:product:1:grade:3:AZN
2026-07-13 22:53:25.120 [http-nio-8080-exec-8] INFO  c.a.l.cache.PriceCacheRepository - Price cache hit: price:product:1:grade:1:AZN
2026-07-13 22:53:25.179 [http-nio-8080-exec-8] INFO  c.a.l.cache.PriceCacheRepository - Price cache hit: price:product:5:grade:1:AZN
2026-07-13 22:53:25.247 [http-nio-8080-exec-8] INFO  c.a.l.cache.PriceCacheRepository - Price cache hit: price:product:8:grade:3:AZN
2026-07-13 22:53:25.247 [http-nio-8080-exec-8] WARN  c.a.l.s.Order.CartPreviewService - Price mismatch for product 5: seen=10, current=100.00
2026-07-13 22:53:25.247 [http-nio-8080-exec-8] WARN  c.a.l.s.Order.CartPreviewService - Price mismatch for product 8: seen=100, current=150.00
2026-07-13 22:53:25.248 [http-nio-8080-exec-8] WARN  c.a.l.s.Order.CartPreviewService - Price mismatch for product 1: seen=26, current=100.00
2026-07-13 22:53:25.248 [http-nio-8080-exec-8] WARN  c.a.l.s.Order.CartPreviewService - Price mismatch for product 1: seen=70, current=50.00
2026-07-13 22:53:25.299 [http-nio-8080-exec-1] INFO  c.a.l.cache.PriceCacheRepository - Price cache hit: price:product:1:grade:3:AZN
2026-07-13 22:53:25.330 [http-nio-8080-exec-1] INFO  c.a.l.cache.PriceCacheRepository - Price cache hit: price:product:1:grade:1:AZN
2026-07-13 22:53:25.379 [http-nio-8080-exec-1] INFO  c.a.l.cache.PriceCacheRepository - Price cache hit: price:product:5:grade:1:AZN
2026-07-13 22:53:25.581 [http-nio-8080-exec-1] INFO  c.a.l.cache.PriceCacheRepository - Price cache hit: price:product:8:grade:3:AZN
2026-07-13 22:53:25.582 [http-nio-8080-exec-1] WARN  c.a.l.s.Order.CartPreviewService - Price mismatch for product 5: seen=10, current=100.00
2026-07-13 22:53:25.582 [http-nio-8080-exec-1] WARN  c.a.l.s.Order.CartPreviewService - Price mismatch for product 8: seen=100, current=150.00
2026-07-13 22:53:25.583 [http-nio-8080-exec-1] WARN  c.a.l.s.Order.CartPreviewService - Price mismatch for product 1: seen=26, current=100.00
2026-07-13 22:53:25.583 [http-nio-8080-exec-1] WARN  c.a.l.s.Order.CartPreviewService - Price mismatch for product 1: seen=70, current=50.00
2026-07-13 22:53:32.033 [http-nio-8080-exec-2] INFO  c.a.l.c.a.AdminProductsController - GET /api/admin/products - filter: ProductModelFilter(id=null, modelname=null, modelType=null, availabilityStatus=null, isActive=null, from=null, to=null), page: Page request [number: 0, size 12, sort: createdAt: DESC]
2026-07-13 22:53:32.048 [http-nio-8080-exec-2] INFO  c.a.l.s.c.AdminProductModelService - Admin fetching ALL product models (including inactive/draft) with filter: ProductModelFilter(id=null, modelname=null, modelType=null, availabilityStatus=null, isActive=null, from=null, to=null)
2026-07-13 22:54:16.013 [http-nio-8080-exec-5] INFO  c.a.l.c.order.CartController - POST /api/cart/preview - 5 items, currency: AZN
2026-07-13 22:54:16.046 [http-nio-8080-exec-7] INFO  c.a.l.c.order.CartController - POST /api/cart/preview - 5 items, currency: AZN
2026-07-13 22:54:16.059 [http-nio-8080-exec-5] INFO  c.a.l.s.Order.CartPreviewService - Cart preview requested with 5 items, currency: AZN
2026-07-13 22:54:16.067 [http-nio-8080-exec-7] INFO  c.a.l.s.Order.CartPreviewService - Cart preview requested with 5 items, currency: AZN
2026-07-13 22:54:16.227 [http-nio-8080-exec-5] INFO  c.a.l.cache.PriceCacheRepository - Price cache hit: price:product:8:grade:1:AZN
2026-07-13 22:54:16.227 [http-nio-8080-exec-7] INFO  c.a.l.cache.PriceCacheRepository - Price cache hit: price:product:8:grade:1:AZN
2026-07-13 22:54:16.316 [http-nio-8080-exec-7] INFO  c.a.l.cache.PriceCacheRepository - Price cache hit: price:product:1:grade:3:AZN
2026-07-13 22:54:16.316 [http-nio-8080-exec-5] INFO  c.a.l.cache.PriceCacheRepository - Price cache hit: price:product:1:grade:3:AZN
2026-07-13 22:54:16.363 [http-nio-8080-exec-5] INFO  c.a.l.cache.PriceCacheRepository - Price cache hit: price:product:1:grade:1:AZN
2026-07-13 22:54:16.363 [http-nio-8080-exec-7] INFO  c.a.l.cache.PriceCacheRepository - Price cache hit: price:product:1:grade:1:AZN
2026-07-13 22:54:16.381 [http-nio-8080-exec-5] INFO  c.a.l.cache.PriceCacheRepository - Price cache hit: price:product:5:grade:1:AZN
2026-07-13 22:54:16.381 [http-nio-8080-exec-7] INFO  c.a.l.cache.PriceCacheRepository - Price cache hit: price:product:5:grade:1:AZN
2026-07-13 22:54:16.395 [http-nio-8080-exec-5] INFO  c.a.l.cache.PriceCacheRepository - Price cache hit: price:product:8:grade:3:AZN
2026-07-13 22:54:16.395 [http-nio-8080-exec-5] WARN  c.a.l.s.Order.CartPreviewService - Price mismatch for product 5: seen=10, current=100.00
2026-07-13 22:54:16.395 [http-nio-8080-exec-5] WARN  c.a.l.s.Order.CartPreviewService - Price mismatch for product 8: seen=100, current=150.00
2026-07-13 22:54:16.396 [http-nio-8080-exec-5] WARN  c.a.l.s.Order.CartPreviewService - Price mismatch for product 1: seen=26, current=100.00
2026-07-13 22:54:16.396 [http-nio-8080-exec-7] INFO  c.a.l.cache.PriceCacheRepository - Price cache hit: price:product:8:grade:3:AZN
2026-07-13 22:54:16.396 [http-nio-8080-exec-7] WARN  c.a.l.s.Order.CartPreviewService - Price mismatch for product 5: seen=10, current=100.00
2026-07-13 22:54:16.396 [http-nio-8080-exec-7] WARN  c.a.l.s.Order.CartPreviewService - Price mismatch for product 8: seen=100, current=150.00
2026-07-13 22:54:16.396 [http-nio-8080-exec-5] WARN  c.a.l.s.Order.CartPreviewService - Price mismatch for product 1: seen=70, current=50.00
2026-07-13 22:54:16.397 [http-nio-8080-exec-7] WARN  c.a.l.s.Order.CartPreviewService - Price mismatch for product 1: seen=26, current=100.00
2026-07-13 22:54:16.397 [http-nio-8080-exec-5] WARN  c.a.l.s.Order.CartPreviewService - Price mismatch for product 8: seen=10, current=250.00
2026-07-13 22:54:16.397 [http-nio-8080-exec-7] WARN  c.a.l.s.Order.CartPreviewService - Price mismatch for product 1: seen=70, current=50.00
2026-07-13 22:54:16.397 [http-nio-8080-exec-7] WARN  c.a.l.s.Order.CartPreviewService - Price mismatch for product 8: seen=10, current=250.00
2026-07-13 22:54:20.035 [http-nio-8080-exec-1] INFO  c.a.l.c.order.CartController - POST /api/cart/preview - 5 items, currency: USD
2026-07-13 22:54:20.176 [http-nio-8080-exec-1] INFO  c.a.l.s.Order.CartPreviewService - Cart preview requested with 5 items, currency: USD
2026-07-13 22:54:20.557 [http-nio-8080-exec-1] INFO  c.a.l.cache.PriceCacheRepository - Price cached: price:product:8:grade:1:AZN
2026-07-13 22:54:20.666 [http-nio-8080-exec-1] INFO  c.a.l.cache.PriceCacheRepository - Price cached: price:product:1:grade:3:AZN
2026-07-13 22:54:20.723 [http-nio-8080-exec-1] INFO  c.a.l.cache.PriceCacheRepository - Price cached: price:product:1:grade:1:AZN
2026-07-13 22:54:20.795 [http-nio-8080-exec-1] INFO  c.a.l.cache.PriceCacheRepository - Price cached: price:product:5:grade:1:AZN
2026-07-13 22:54:20.823 [http-nio-8080-exec-1] INFO  c.a.l.cache.PriceCacheRepository - Price cached: price:product:8:grade:3:AZN
2026-07-13 22:54:33.541 [http-nio-8080-exec-6] INFO  c.a.l.c.catalog.ProductController - GET /api/products - page: 0, filter: ProductFilterRequest(modelType=null, search=, page=0, size=12)
2026-07-13 22:54:33.555 [http-nio-8080-exec-6] INFO  c.a.l.s.c.ProductCatalogService - Fetching product catalog - page: 0, currency: USD
2026-07-13 22:54:33.562 [http-nio-8080-exec-6] INFO  c.a.l.c.ProductCatalogCacheRepository - Initial page cache hit for USD
2026-07-13 22:54:35.894 [http-nio-8080-exec-10] INFO  c.a.l.c.order.CartController - POST /api/cart/preview - 5 items, currency: USD
2026-07-13 22:54:35.923 [http-nio-8080-exec-10] INFO  c.a.l.s.Order.CartPreviewService - Cart preview requested with 5 items, currency: USD
2026-07-13 22:54:36.093 [http-nio-8080-exec-10] INFO  c.a.l.cache.PriceCacheRepository - Price cached: price:product:8:grade:1:AZN
2026-07-13 22:54:36.161 [http-nio-8080-exec-10] INFO  c.a.l.cache.PriceCacheRepository - Price cached: price:product:1:grade:3:AZN
2026-07-13 22:54:36.243 [http-nio-8080-exec-10] INFO  c.a.l.cache.PriceCacheRepository - Price cached: price:product:1:grade:1:AZN
2026-07-13 22:54:36.282 [http-nio-8080-exec-10] INFO  c.a.l.cache.PriceCacheRepository - Price cached: price:product:5:grade:1:AZN
2026-07-13 22:54:36.310 [http-nio-8080-exec-10] INFO  c.a.l.cache.PriceCacheRepository - Price cached: price:product:8:grade:3:AZN
2026-07-13 22:54:38.078 [http-nio-8080-exec-9] INFO  c.a.l.c.order.CartController - POST /api/cart/preview - 5 items, currency: AZN
2026-07-13 22:54:38.315 [http-nio-8080-exec-3] INFO  c.a.l.c.order.CartController - POST /api/cart/preview - 5 items, currency: AZN
2026-07-13 22:54:38.462 [http-nio-8080-exec-9] INFO  c.a.l.s.Order.CartPreviewService - Cart preview requested with 5 items, currency: AZN
2026-07-13 22:54:39.106 [http-nio-8080-exec-3] INFO  c.a.l.s.Order.CartPreviewService - Cart preview requested with 5 items, currency: AZN
2026-07-13 22:54:39.290 [http-nio-8080-exec-9] INFO  c.a.l.cache.PriceCacheRepository - Price cache hit: price:product:8:grade:1:AZN
2026-07-13 22:54:39.309 [http-nio-8080-exec-9] INFO  c.a.l.cache.PriceCacheRepository - Price cache hit: price:product:1:grade:3:AZN
2026-07-13 22:54:39.310 [http-nio-8080-exec-3] INFO  c.a.l.cache.PriceCacheRepository - Price cache hit: price:product:8:grade:1:AZN
2026-07-13 22:54:39.409 [http-nio-8080-exec-3] INFO  c.a.l.cache.PriceCacheRepository - Price cache hit: price:product:1:grade:3:AZN
2026-07-13 22:54:39.409 [http-nio-8080-exec-9] INFO  c.a.l.cache.PriceCacheRepository - Price cache hit: price:product:1:grade:1:AZN
2026-07-13 22:54:39.450 [http-nio-8080-exec-3] INFO  c.a.l.cache.PriceCacheRepository - Price cache hit: price:product:1:grade:1:AZN
2026-07-13 22:54:39.457 [http-nio-8080-exec-9] INFO  c.a.l.cache.PriceCacheRepository - Price cache hit: price:product:5:grade:1:AZN
2026-07-13 22:54:39.464 [http-nio-8080-exec-3] INFO  c.a.l.cache.PriceCacheRepository - Price cache hit: price:product:5:grade:1:AZN
2026-07-13 22:54:39.464 [http-nio-8080-exec-9] INFO  c.a.l.cache.PriceCacheRepository - Price cache hit: price:product:8:grade:3:AZN
2026-07-13 22:54:39.465 [http-nio-8080-exec-9] WARN  c.a.l.s.Order.CartPreviewService - Price mismatch for product 5: seen=10, current=100.00
2026-07-13 22:54:39.465 [http-nio-8080-exec-9] WARN  c.a.l.s.Order.CartPreviewService - Price mismatch for product 8: seen=100, current=150.00
2026-07-13 22:54:39.465 [http-nio-8080-exec-9] WARN  c.a.l.s.Order.CartPreviewService - Price mismatch for product 1: seen=26, current=100.00
2026-07-13 22:54:39.465 [http-nio-8080-exec-9] WARN  c.a.l.s.Order.CartPreviewService - Price mismatch for product 1: seen=70, current=50.00
2026-07-13 22:54:39.466 [http-nio-8080-exec-9] WARN  c.a.l.s.Order.CartPreviewService - Price mismatch for product 8: seen=10, current=250.00
2026-07-13 22:54:39.473 [http-nio-8080-exec-3] INFO  c.a.l.cache.PriceCacheRepository - Price cache hit: price:product:8:grade:3:AZN
2026-07-13 22:54:39.474 [http-nio-8080-exec-3] WARN  c.a.l.s.Order.CartPreviewService - Price mismatch for product 5: seen=10, current=100.00
2026-07-13 22:54:39.474 [http-nio-8080-exec-3] WARN  c.a.l.s.Order.CartPreviewService - Price mismatch for product 8: seen=100, current=150.00
2026-07-13 22:54:39.474 [http-nio-8080-exec-3] WARN  c.a.l.s.Order.CartPreviewService - Price mismatch for product 1: seen=26, current=100.00
2026-07-13 22:54:39.474 [http-nio-8080-exec-3] WARN  c.a.l.s.Order.CartPreviewService - Price mismatch for product 1: seen=70, current=50.00
2026-07-13 22:54:39.474 [http-nio-8080-exec-3] WARN  c.a.l.s.Order.CartPreviewService - Price mismatch for product 8: seen=10, current=250.00
2026-07-13 23:00:16.260 [org.springframework.amqp.rabbit.RabbitListenerEndpointContainer#0-2] INFO  o.s.a.r.l.SimpleMessageListenerContainer - Waiting for workers to finish.
2026-07-13 23:00:17.049 [org.springframework.amqp.rabbit.RabbitListenerEndpointContainer#0-2] INFO  o.s.a.r.l.SimpleMessageListenerContainer - Successfully waited for workers to finish.
2026-07-13 23:00:17.114 [SpringApplicationShutdownHook] INFO  o.s.b.w.e.tomcat.GracefulShutdown - Commencing graceful shutdown. Waiting for active requests to complete
2026-07-13 23:00:17.231 [tomcat-shutdown] INFO  o.s.b.w.e.tomcat.GracefulShutdown - Graceful shutdown complete
2026-07-13 23:00:18.231 [SpringApplicationShutdownHook] INFO  o.s.o.j.LocalContainerEntityManagerFactoryBean - Closing JPA EntityManagerFactory for persistence unit 'default'
2026-07-13 23:00:18.395 [SpringApplicationShutdownHook] INFO  com.zaxxer.hikari.HikariDataSource - HikariPool-1 - Shutdown initiated...
2026-07-13 23:00:18.424 [SpringApplicationShutdownHook] INFO  com.zaxxer.hikari.HikariDataSource - HikariPool-1 - Shutdown completed.
2026-07-13 23:01:12.457 [background-preinit] INFO  o.h.validator.internal.util.Version - HV000001: Hibernate Validator 8.0.3.Final
2026-07-13 23:01:12.713 [main] INFO  c.a.leather.AiatelyeApplication - Starting AiatelyeApplication using Java 21.0.8 with PID 14712 (D:\My_project_Spring\Aiatelye\Aiatelye\build\classes\java\main started by elcin in D:\My_project_Spring\Aiatelye\Aiatelye)
2026-07-13 23:01:12.714 [main] INFO  c.a.leather.AiatelyeApplication - No active profile set, falling back to 1 default profile: "default"
2026-07-13 23:01:22.110 [main] INFO  o.s.d.r.c.RepositoryConfigurationDelegate - Multiple Spring Data modules found, entering strict repository configuration mode
2026-07-13 23:01:22.117 [main] INFO  o.s.d.r.c.RepositoryConfigurationDelegate - Bootstrapping Spring Data JPA repositories in DEFAULT mode.
2026-07-13 23:01:23.659 [main] INFO  o.s.d.r.c.RepositoryConfigurationDelegate - Finished Spring Data repository scanning in 1505 ms. Found 16 JPA repository interfaces.
2026-07-13 23:01:23.718 [main] INFO  o.s.d.r.c.RepositoryConfigurationDelegate - Multiple Spring Data modules found, entering strict repository configuration mode
2026-07-13 23:01:23.724 [main] INFO  o.s.d.r.c.RepositoryConfigurationDelegate - Bootstrapping Spring Data Redis repositories in DEFAULT mode.
2026-07-13 23:01:23.885 [main] INFO  o.s.d.r.c.RepositoryConfigurationExtensionSupport - Spring Data Redis - Could not safely identify store assignment for repository candidate interface com.aiatelye.leather.repository.CustomDesignRepository; If you want this repository to be a Redis repository, consider annotating your entities with one of these annotations: org.springframework.data.redis.core.RedisHash (preferred), or consider extending one of the following types with your repository: org.springframework.data.keyvalue.repository.KeyValueRepository
2026-07-13 23:01:23.886 [main] INFO  o.s.d.r.c.RepositoryConfigurationExtensionSupport - Spring Data Redis - Could not safely identify store assignment for repository candidate interface com.aiatelye.leather.repository.DeliveryCountryConfigRepository; If you want this repository to be a Redis repository, consider annotating your entities with one of these annotations: org.springframework.data.redis.core.RedisHash (preferred), or consider extending one of the following types with your repository: org.springframework.data.keyvalue.repository.KeyValueRepository
2026-07-13 23:01:23.888 [main] INFO  o.s.d.r.c.RepositoryConfigurationExtensionSupport - Spring Data Redis - Could not safely identify store assignment for repository candidate interface com.aiatelye.leather.repository.LeatherGradeRepository; If you want this repository to be a Redis repository, consider annotating your entities with one of these annotations: org.springframework.data.redis.core.RedisHash (preferred), or consider extending one of the following types with your repository: org.springframework.data.keyvalue.repository.KeyValueRepository
2026-07-13 23:01:23.888 [main] INFO  o.s.d.r.c.RepositoryConfigurationExtensionSupport - Spring Data Redis - Could not safely identify store assignment for repository candidate interface com.aiatelye.leather.repository.LeatherRepository; If you want this repository to be a Redis repository, consider annotating your entities with one of these annotations: org.springframework.data.redis.core.RedisHash (preferred), or consider extending one of the following types with your repository: org.springframework.data.keyvalue.repository.KeyValueRepository
2026-07-13 23:01:23.890 [main] INFO  o.s.d.r.c.RepositoryConfigurationExtensionSupport - Spring Data Redis - Could not safely identify store assignment for repository candidate interface com.aiatelye.leather.repository.OrderItemRepository; If you want this repository to be a Redis repository, consider annotating your entities with one of these annotations: org.springframework.data.redis.core.RedisHash (preferred), or consider extending one of the following types with your repository: org.springframework.data.keyvalue.repository.KeyValueRepository
2026-07-13 23:01:23.891 [main] INFO  o.s.d.r.c.RepositoryConfigurationExtensionSupport - Spring Data Redis - Could not safely identify store assignment for repository candidate interface com.aiatelye.leather.repository.OrderRepository; If you want this repository to be a Redis repository, consider annotating your entities with one of these annotations: org.springframework.data.redis.core.RedisHash (preferred), or consider extending one of the following types with your repository: org.springframework.data.keyvalue.repository.KeyValueRepository
2026-07-13 23:01:23.892 [main] INFO  o.s.d.r.c.RepositoryConfigurationExtensionSupport - Spring Data Redis - Could not safely identify store assignment for repository candidate interface com.aiatelye.leather.repository.PasswordResetTokenRepository; If you want this repository to be a Redis repository, consider annotating your entities with one of these annotations: org.springframework.data.redis.core.RedisHash (preferred), or consider extending one of the following types with your repository: org.springframework.data.keyvalue.repository.KeyValueRepository
2026-07-13 23:01:23.894 [main] INFO  o.s.d.r.c.RepositoryConfigurationExtensionSupport - Spring Data Redis - Could not safely identify store assignment for repository candidate interface com.aiatelye.leather.repository.PaymentRepository; If you want this repository to be a Redis repository, consider annotating your entities with one of these annotations: org.springframework.data.redis.core.RedisHash (preferred), or consider extending one of the following types with your repository: org.springframework.data.keyvalue.repository.KeyValueRepository
2026-07-13 23:01:23.898 [main] INFO  o.s.d.r.c.RepositoryConfigurationExtensionSupport - Spring Data Redis - Could not safely identify store assignment for repository candidate interface com.aiatelye.leather.repository.PricingRuleRepository; If you want this repository to be a Redis repository, consider annotating your entities with one of these annotations: org.springframework.data.redis.core.RedisHash (preferred), or consider extending one of the following types with your repository: org.springframework.data.keyvalue.repository.KeyValueRepository
2026-07-13 23:01:23.898 [main] INFO  o.s.d.r.c.RepositoryConfigurationExtensionSupport - Spring Data Redis - Could not safely identify store assignment for repository candidate interface com.aiatelye.leather.repository.ProductGradePriceRepository; If you want this repository to be a Redis repository, consider annotating your entities with one of these annotations: org.springframework.data.redis.core.RedisHash (preferred), or consider extending one of the following types with your repository: org.springframework.data.keyvalue.repository.KeyValueRepository
2026-07-13 23:01:23.899 [main] INFO  o.s.d.r.c.RepositoryConfigurationExtensionSupport - Spring Data Redis - Could not safely identify store assignment for repository candidate interface com.aiatelye.leather.repository.ProductImageRepository; If you want this repository to be a Redis repository, consider annotating your entities with one of these annotations: org.springframework.data.redis.core.RedisHash (preferred), or consider extending one of the following types with your repository: org.springframework.data.keyvalue.repository.KeyValueRepository
2026-07-13 23:01:23.900 [main] INFO  o.s.d.r.c.RepositoryConfigurationExtensionSupport - Spring Data Redis - Could not safely identify store assignment for repository candidate interface com.aiatelye.leather.repository.ProductModelRepository; If you want this repository to be a Redis repository, consider annotating your entities with one of these annotations: org.springframework.data.redis.core.RedisHash (preferred), or consider extending one of the following types with your repository: org.springframework.data.keyvalue.repository.KeyValueRepository
2026-07-13 23:01:23.901 [main] INFO  o.s.d.r.c.RepositoryConfigurationExtensionSupport - Spring Data Redis - Could not safely identify store assignment for repository candidate interface com.aiatelye.leather.repository.ShippingLocationRepository; If you want this repository to be a Redis repository, consider annotating your entities with one of these annotations: org.springframework.data.redis.core.RedisHash (preferred), or consider extending one of the following types with your repository: org.springframework.data.keyvalue.repository.KeyValueRepository
2026-07-13 23:01:23.902 [main] INFO  o.s.d.r.c.RepositoryConfigurationExtensionSupport - Spring Data Redis - Could not safely identify store assignment for repository candidate interface com.aiatelye.leather.repository.UserLimitRepository; If you want this repository to be a Redis repository, consider annotating your entities with one of these annotations: org.springframework.data.redis.core.RedisHash (preferred), or consider extending one of the following types with your repository: org.springframework.data.keyvalue.repository.KeyValueRepository
2026-07-13 23:01:23.902 [main] INFO  o.s.d.r.c.RepositoryConfigurationExtensionSupport - Spring Data Redis - Could not safely identify store assignment for repository candidate interface com.aiatelye.leather.repository.UserRepository; If you want this repository to be a Redis repository, consider annotating your entities with one of these annotations: org.springframework.data.redis.core.RedisHash (preferred), or consider extending one of the following types with your repository: org.springframework.data.keyvalue.repository.KeyValueRepository
2026-07-13 23:01:23.903 [main] INFO  o.s.d.r.c.RepositoryConfigurationExtensionSupport - Spring Data Redis - Could not safely identify store assignment for repository candidate interface com.aiatelye.leather.Securty.repository.AuthUserRepository; If you want this repository to be a Redis repository, consider annotating your entities with one of these annotations: org.springframework.data.redis.core.RedisHash (preferred), or consider extending one of the following types with your repository: org.springframework.data.keyvalue.repository.KeyValueRepository
2026-07-13 23:01:23.903 [main] INFO  o.s.d.r.c.RepositoryConfigurationDelegate - Finished Spring Data repository scanning in 137 ms. Found 0 Redis repository interfaces.
2026-07-13 23:01:25.473 [main] INFO  o.s.cloud.context.scope.GenericScope - BeanFactory id=35dc3c04-cf60-3a22-a864-4e0a2a33e972
2026-07-13 23:01:28.315 [main] INFO  o.s.b.w.e.tomcat.TomcatWebServer - Tomcat initialized with port 8080 (http)
2026-07-13 23:01:28.374 [main] INFO  o.a.coyote.http11.Http11NioProtocol - Initializing ProtocolHandler ["http-nio-8080"]
2026-07-13 23:01:28.377 [main] INFO  o.a.catalina.core.StandardService - Starting service [Tomcat]
2026-07-13 23:01:28.377 [main] INFO  o.a.catalina.core.StandardEngine - Starting Servlet engine: [Apache Tomcat/10.1.50]
2026-07-13 23:01:28.739 [main] INFO  o.a.c.c.C.[Tomcat].[localhost].[/] - Initializing Spring embedded WebApplicationContext
2026-07-13 23:01:28.740 [main] INFO  o.s.b.w.s.c.ServletWebServerApplicationContext - Root WebApplicationContext: initialization completed in 15309 ms
2026-07-13 23:01:29.390 [main] INFO  o.h.jpa.internal.util.LogHelper - HHH000204: Processing PersistenceUnitInfo [name: default]
2026-07-13 23:01:29.585 [main] INFO  org.hibernate.Version - HHH000412: Hibernate ORM core version 6.6.41.Final
2026-07-13 23:01:29.684 [main] INFO  o.h.c.i.RegionFactoryInitiator - HHH000026: Second-level cache disabled
2026-07-13 23:01:31.464 [main] INFO  o.s.o.j.p.SpringPersistenceUnitInfo - No LoadTimeWeaver setup: ignoring JPA class transformer
2026-07-13 23:01:31.579 [main] INFO  com.zaxxer.hikari.HikariDataSource - HikariPool-1 - Starting...
2026-07-13 23:01:32.761 [main] INFO  com.zaxxer.hikari.pool.HikariPool - HikariPool-1 - Added connection org.postgresql.jdbc.PgConnection@7e84a52b
2026-07-13 23:01:32.766 [main] INFO  com.zaxxer.hikari.HikariDataSource - HikariPool-1 - Start completed.
2026-07-13 23:01:33.493 [main] INFO  o.hibernate.orm.connections.pooling - HHH10001005: Database info:
	Database JDBC URL [Connecting through datasource 'HikariDataSource (HikariPool-1)']
	Database driver: undefined/unknown
	Database version: 15.17
	Autocommit mode: undefined/unknown
	Isolation level: undefined/unknown
	Minimum pool size: undefined/unknown
	Maximum pool size: undefined/unknown
2026-07-13 23:01:43.020 [main] INFO  o.h.e.t.j.p.i.JtaPlatformInitiator - HHH000489: No JTA platform available (set 'hibernate.transaction.jta.platform' to enable JTA platform integration)
2026-07-13 23:01:44.786 [main] WARN  o.h.e.jdbc.spi.SqlExceptionHelper - SQL Warning Code: 0, SQLState: 00000
2026-07-13 23:01:44.787 [main] WARN  o.h.e.jdbc.spi.SqlExceptionHelper - constraint "uk781pmjx7kf279uopjhmbwnqhl" of relation "favorites" does not exist, skipping
2026-07-13 23:01:48.825 [main] INFO  o.s.o.j.LocalContainerEntityManagerFactoryBean - Initialized JPA EntityManagerFactory for persistence unit 'default'
2026-07-13 23:01:56.661 [main] INFO  c.a.l.componet.OrderNumberGenerator - Database sequence 'order_number_seq' checked/created successfully.
2026-07-13 23:01:57.837 [main] INFO  o.s.d.j.r.query.QueryEnhancerFactory - Hibernate is in classpath; If applicable, HQL parser will be used.
2026-07-13 23:02:09.073 [main] INFO  o.s.s.c.a.a.c.InitializeAuthenticationProviderBeanManagerConfigurer$InitializeAuthenticationProviderManagerConfigurer - Global AuthenticationManager configured with AuthenticationProvider bean with name daoAuthenticationProvider
2026-07-13 23:02:09.077 [main] WARN  o.s.s.c.a.a.c.InitializeUserDetailsBeanManagerConfigurer$InitializeUserDetailsManagerConfigurer - Global AuthenticationManager configured with an AuthenticationProvider bean. UserDetailsService beans will not be used by Spring Security for automatically configuring username/password login. Consider removing the AuthenticationProvider bean. Alternatively, consider using the UserDetailsService in a manually instantiated DaoAuthenticationProvider. If the current configuration is intentional, to turn off this warning, increase the logging level of 'org.springframework.security.config.annotation.authentication.configuration.InitializeUserDetailsBeanManagerConfigurer' to ERROR
2026-07-13 23:02:12.460 [main] INFO  o.a.coyote.http11.Http11NioProtocol - Starting ProtocolHandler ["http-nio-8080"]
2026-07-13 23:02:12.526 [main] INFO  o.s.b.w.e.tomcat.TomcatWebServer - Tomcat started on port 8080 (http) with context path '/'
2026-07-13 23:02:12.557 [main] INFO  o.s.a.r.c.CachingConnectionFactory - Attempting to connect to: [localhost:5672]
2026-07-13 23:02:17.216 [main] INFO  o.s.a.r.c.CachingConnectionFactory - Created new connection: rabbitConnectionFactory#28c0942f:0/SimpleConnection@6e7a4af4 [delegate=amqp://admin@127.0.0.1:5672/, localPort=49583]
2026-07-13 23:02:18.799 [main] INFO  c.a.leather.AiatelyeApplication - Started AiatelyeApplication in 70.454 seconds (process running for 81.195)
2026-07-13 23:02:18.826 [main] INFO  c.a.l.componet.CountryConfigSeeder - Ölkələrin bazada olub-olmaması yoxlanılır...
2026-07-13 23:02:22.007 [main] INFO  c.a.l.componet.CountryConfigSeeder - Bütün çatdırılma ölkələri artıq bazada mövcuddur. Əlavə işləməyə ehtiyac yoxdur.
2026-07-13 23:09:19.664 [http-nio-8080-exec-3] INFO  o.a.c.c.C.[Tomcat].[localhost].[/] - Initializing Spring DispatcherServlet 'dispatcherServlet'
2026-07-13 23:09:19.681 [http-nio-8080-exec-3] INFO  o.s.web.servlet.DispatcherServlet - Initializing Servlet 'dispatcherServlet'
2026-07-13 23:09:19.833 [http-nio-8080-exec-3] INFO  o.s.web.servlet.DispatcherServlet - Completed initialization in 149 ms
2026-07-13 23:09:22.157 [http-nio-8080-exec-1] INFO  c.a.l.c.order.CartController - POST /api/cart/preview - 5 items, currency: AZN
2026-07-13 23:09:22.159 [http-nio-8080-exec-1] INFO  c.a.l.s.Order.CartPreviewService - Cart preview requested with 5 items, currency: AZN
2026-07-13 23:09:22.161 [http-nio-8080-exec-3] INFO  c.a.l.c.order.CartController - POST /api/cart/preview - 5 items, currency: AZN
2026-07-13 23:09:22.188 [http-nio-8080-exec-3] INFO  c.a.l.s.Order.CartPreviewService - Cart preview requested with 5 items, currency: AZN
2026-07-13 23:09:24.442 [http-nio-8080-exec-1] INFO  c.a.l.cache.PriceCacheRepository - Price cache hit: price:product:8:grade:1:AZN
2026-07-13 23:09:24.442 [http-nio-8080-exec-3] INFO  c.a.l.cache.PriceCacheRepository - Price cache hit: price:product:8:grade:1:AZN
2026-07-13 23:09:24.486 [http-nio-8080-exec-1] INFO  c.a.l.cache.PriceCacheRepository - Price cache hit: price:product:1:grade:3:AZN
2026-07-13 23:09:24.486 [http-nio-8080-exec-3] INFO  c.a.l.cache.PriceCacheRepository - Price cache hit: price:product:1:grade:3:AZN
2026-07-13 23:09:24.493 [http-nio-8080-exec-3] INFO  c.a.l.cache.PriceCacheRepository - Price cache hit: price:product:1:grade:1:AZN
2026-07-13 23:09:24.494 [http-nio-8080-exec-1] INFO  c.a.l.cache.PriceCacheRepository - Price cache hit: price:product:1:grade:1:AZN
2026-07-13 23:09:24.502 [http-nio-8080-exec-1] INFO  c.a.l.cache.PriceCacheRepository - Price cache hit: price:product:5:grade:1:AZN
2026-07-13 23:09:24.502 [http-nio-8080-exec-3] INFO  c.a.l.cache.PriceCacheRepository - Price cache hit: price:product:5:grade:1:AZN
2026-07-13 23:09:24.573 [http-nio-8080-exec-3] INFO  c.a.l.cache.PriceCacheRepository - Price cache hit: price:product:8:grade:3:AZN
2026-07-13 23:09:24.573 [http-nio-8080-exec-1] INFO  c.a.l.cache.PriceCacheRepository - Price cache hit: price:product:8:grade:3:AZN
2026-07-13 23:09:24.573 [http-nio-8080-exec-1] WARN  c.a.l.s.Order.CartPreviewService - Price mismatch for product 5: seen=10, current=100.00
2026-07-13 23:09:24.573 [http-nio-8080-exec-3] WARN  c.a.l.s.Order.CartPreviewService - Price mismatch for product 5: seen=10, current=100.00
2026-07-13 23:09:24.580 [http-nio-8080-exec-1] WARN  c.a.l.s.Order.CartPreviewService - Price mismatch for product 8: seen=100, current=150.00
2026-07-13 23:09:24.581 [http-nio-8080-exec-1] WARN  c.a.l.s.Order.CartPreviewService - Price mismatch for product 1: seen=26, current=100.00
2026-07-13 23:09:24.581 [http-nio-8080-exec-1] WARN  c.a.l.s.Order.CartPreviewService - Price mismatch for product 1: seen=70, current=50.00
2026-07-13 23:09:24.581 [http-nio-8080-exec-1] WARN  c.a.l.s.Order.CartPreviewService - Price mismatch for product 8: seen=10, current=250.00
2026-07-13 23:09:24.587 [http-nio-8080-exec-3] WARN  c.a.l.s.Order.CartPreviewService - Price mismatch for product 8: seen=100, current=150.00
2026-07-13 23:09:24.588 [http-nio-8080-exec-3] WARN  c.a.l.s.Order.CartPreviewService - Price mismatch for product 1: seen=26, current=100.00
2026-07-13 23:09:24.588 [http-nio-8080-exec-3] WARN  c.a.l.s.Order.CartPreviewService - Price mismatch for product 1: seen=70, current=50.00
2026-07-13 23:09:24.588 [http-nio-8080-exec-3] WARN  c.a.l.s.Order.CartPreviewService - Price mismatch for product 8: seen=10, current=250.00
2026-07-13 23:12:50.181 [http-nio-8080-exec-8] INFO  c.a.l.c.order.CartController - POST /api/cart/preview - 5 items, currency: AZN
2026-07-13 23:12:50.175 [http-nio-8080-exec-9] INFO  c.a.l.c.order.CartController - POST /api/cart/preview - 5 items, currency: AZN
2026-07-13 23:12:50.363 [http-nio-8080-exec-9] INFO  c.a.l.s.Order.CartPreviewService - Cart preview requested with 5 items, currency: AZN
2026-07-13 23:12:50.791 [http-nio-8080-exec-8] INFO  c.a.l.s.Order.CartPreviewService - Cart preview requested with 5 items, currency: AZN
2026-07-13 23:12:51.900 [http-nio-8080-exec-8] INFO  c.a.l.cache.PriceCacheRepository - Price cache hit: price:product:8:grade:1:AZN
2026-07-13 23:12:51.913 [http-nio-8080-exec-8] INFO  c.a.l.cache.PriceCacheRepository - Price cache hit: price:product:1:grade:3:AZN
2026-07-13 23:12:51.921 [http-nio-8080-exec-8] INFO  c.a.l.cache.PriceCacheRepository - Price cache hit: price:product:1:grade:1:AZN
2026-07-13 23:12:51.932 [http-nio-8080-exec-8] INFO  c.a.l.cache.PriceCacheRepository - Price cache hit: price:product:5:grade:1:AZN
2026-07-13 23:12:51.939 [http-nio-8080-exec-8] INFO  c.a.l.cache.PriceCacheRepository - Price cache hit: price:product:8:grade:3:AZN
2026-07-13 23:12:51.940 [http-nio-8080-exec-8] WARN  c.a.l.s.Order.CartPreviewService - Price mismatch for product 5: seen=10, current=100.00
2026-07-13 23:12:51.941 [http-nio-8080-exec-8] WARN  c.a.l.s.Order.CartPreviewService - Price mismatch for product 8: seen=100, current=150.00
2026-07-13 23:12:51.942 [http-nio-8080-exec-8] WARN  c.a.l.s.Order.CartPreviewService - Price mismatch for product 1: seen=26, current=100.00
2026-07-13 23:12:51.942 [http-nio-8080-exec-8] WARN  c.a.l.s.Order.CartPreviewService - Price mismatch for product 1: seen=70, current=50.00
2026-07-13 23:12:51.943 [http-nio-8080-exec-8] WARN  c.a.l.s.Order.CartPreviewService - Price mismatch for product 8: seen=10, current=250.00
2026-07-13 23:12:52.019 [http-nio-8080-exec-9] INFO  c.a.l.cache.PriceCacheRepository - Price cache hit: price:product:8:grade:1:AZN
2026-07-13 23:12:52.031 [http-nio-8080-exec-9] INFO  c.a.l.cache.PriceCacheRepository - Price cache hit: price:product:1:grade:3:AZN
2026-07-13 23:12:52.196 [http-nio-8080-exec-9] INFO  c.a.l.cache.PriceCacheRepository - Price cache hit: price:product:1:grade:1:AZN
2026-07-13 23:12:52.241 [http-nio-8080-exec-9] INFO  c.a.l.cache.PriceCacheRepository - Price cache hit: price:product:5:grade:1:AZN
2026-07-13 23:12:52.289 [http-nio-8080-exec-9] INFO  c.a.l.cache.PriceCacheRepository - Price cache hit: price:product:8:grade:3:AZN
2026-07-13 23:12:52.289 [http-nio-8080-exec-9] WARN  c.a.l.s.Order.CartPreviewService - Price mismatch for product 5: seen=10, current=100.00
2026-07-13 23:12:52.290 [http-nio-8080-exec-9] WARN  c.a.l.s.Order.CartPreviewService - Price mismatch for product 8: seen=100, current=150.00
2026-07-13 23:12:52.290 [http-nio-8080-exec-9] WARN  c.a.l.s.Order.CartPreviewService - Price mismatch for product 1: seen=26, current=100.00
2026-07-13 23:12:52.291 [http-nio-8080-exec-9] WARN  c.a.l.s.Order.CartPreviewService - Price mismatch for product 1: seen=70, current=50.00
2026-07-13 23:12:52.291 [http-nio-8080-exec-9] WARN  c.a.l.s.Order.CartPreviewService - Price mismatch for product 8: seen=10, current=250.00
2026-07-13 23:13:03.710 [http-nio-8080-exec-4] INFO  c.a.l.c.order.CartController - POST /api/cart/preview - 5 items, currency: AZN
2026-07-13 23:13:04.034 [http-nio-8080-exec-4] INFO  c.a.l.s.Order.CartPreviewService - Cart preview requested with 5 items, currency: AZN
2026-07-13 23:13:04.157 [http-nio-8080-exec-1] INFO  c.a.l.c.order.CartController - POST /api/cart/preview - 5 items, currency: AZN
2026-07-13 23:13:04.296 [http-nio-8080-exec-1] INFO  c.a.l.s.Order.CartPreviewService - Cart preview requested with 5 items, currency: AZN
2026-07-13 23:13:05.607 [http-nio-8080-exec-4] INFO  c.a.l.cache.PriceCacheRepository - Price cache hit: price:product:8:grade:1:AZN
2026-07-13 23:13:05.660 [http-nio-8080-exec-4] INFO  c.a.l.cache.PriceCacheRepository - Price cache hit: price:product:1:grade:3:AZN
2026-07-13 23:13:05.737 [http-nio-8080-exec-4] INFO  c.a.l.cache.PriceCacheRepository - Price cache hit: price:product:1:grade:1:AZN
2026-07-13 23:13:05.792 [http-nio-8080-exec-4] INFO  c.a.l.cache.PriceCacheRepository - Price cache hit: price:product:5:grade:1:AZN
2026-07-13 23:13:05.806 [http-nio-8080-exec-4] INFO  c.a.l.cache.PriceCacheRepository - Price cache hit: price:product:8:grade:3:AZN
2026-07-13 23:13:05.807 [http-nio-8080-exec-4] WARN  c.a.l.s.Order.CartPreviewService - Price mismatch for product 5: seen=10, current=100.00
2026-07-13 23:13:05.807 [http-nio-8080-exec-4] WARN  c.a.l.s.Order.CartPreviewService - Price mismatch for product 8: seen=100, current=150.00
2026-07-13 23:13:05.807 [http-nio-8080-exec-4] WARN  c.a.l.s.Order.CartPreviewService - Price mismatch for product 1: seen=26, current=100.00
2026-07-13 23:13:05.807 [http-nio-8080-exec-4] WARN  c.a.l.s.Order.CartPreviewService - Price mismatch for product 1: seen=70, current=50.00
2026-07-13 23:13:05.807 [http-nio-8080-exec-4] WARN  c.a.l.s.Order.CartPreviewService - Price mismatch for product 8: seen=10, current=250.00
2026-07-13 23:13:05.873 [http-nio-8080-exec-1] INFO  c.a.l.cache.PriceCacheRepository - Price cache hit: price:product:8:grade:1:AZN
2026-07-13 23:13:05.923 [http-nio-8080-exec-1] INFO  c.a.l.cache.PriceCacheRepository - Price cache hit: price:product:1:grade:3:AZN
2026-07-13 23:13:05.964 [http-nio-8080-exec-1] INFO  c.a.l.cache.PriceCacheRepository - Price cache hit: price:product:1:grade:1:AZN
2026-07-13 23:13:06.000 [http-nio-8080-exec-1] INFO  c.a.l.cache.PriceCacheRepository - Price cache hit: price:product:5:grade:1:AZN
2026-07-13 23:13:06.012 [http-nio-8080-exec-1] INFO  c.a.l.cache.PriceCacheRepository - Price cache hit: price:product:8:grade:3:AZN
2026-07-13 23:13:06.012 [http-nio-8080-exec-1] WARN  c.a.l.s.Order.CartPreviewService - Price mismatch for product 5: seen=10, current=100.00
2026-07-13 23:13:06.032 [http-nio-8080-exec-1] WARN  c.a.l.s.Order.CartPreviewService - Price mismatch for product 8: seen=100, current=150.00
2026-07-13 23:13:06.033 [http-nio-8080-exec-1] WARN  c.a.l.s.Order.CartPreviewService - Price mismatch for product 1: seen=26, current=100.00
2026-07-13 23:13:06.035 [http-nio-8080-exec-1] WARN  c.a.l.s.Order.CartPreviewService - Price mismatch for product 1: seen=70, current=50.00
2026-07-13 23:13:06.040 [http-nio-8080-exec-1] WARN  c.a.l.s.Order.CartPreviewService - Price mismatch for product 8: seen=10, current=250.00
2026-07-13 23:13:19.217 [http-nio-8080-exec-7] INFO  c.a.l.c.order.CartController - POST /api/cart/preview - 5 items, currency: AZN
2026-07-13 23:13:19.232 [http-nio-8080-exec-10] INFO  c.a.l.c.order.CartController - POST /api/cart/preview - 5 items, currency: AZN
2026-07-13 23:13:19.255 [http-nio-8080-exec-10] INFO  c.a.l.s.Order.CartPreviewService - Cart preview requested with 5 items, currency: AZN
2026-07-13 23:13:19.260 [http-nio-8080-exec-7] INFO  c.a.l.s.Order.CartPreviewService - Cart preview requested with 5 items, currency: AZN
2026-07-13 23:13:19.643 [http-nio-8080-exec-7] INFO  c.a.l.cache.PriceCacheRepository - Price cache hit: price:product:8:grade:1:AZN
2026-07-13 23:13:19.747 [http-nio-8080-exec-10] INFO  c.a.l.cache.PriceCacheRepository - Price cache hit: price:product:8:grade:1:AZN
2026-07-13 23:13:19.749 [http-nio-8080-exec-7] INFO  c.a.l.cache.PriceCacheRepository - Price cache hit: price:product:1:grade:3:AZN
2026-07-13 23:13:19.758 [http-nio-8080-exec-10] INFO  c.a.l.cache.PriceCacheRepository - Price cache hit: price:product:1:grade:3:AZN
2026-07-13 23:13:19.768 [http-nio-8080-exec-7] INFO  c.a.l.cache.PriceCacheRepository - Price cache hit: price:product:1:grade:1:AZN
2026-07-13 23:13:19.773 [http-nio-8080-exec-10] INFO  c.a.l.cache.PriceCacheRepository - Price cache hit: price:product:1:grade:1:AZN
2026-07-13 23:13:19.773 [http-nio-8080-exec-7] INFO  c.a.l.cache.PriceCacheRepository - Price cache hit: price:product:5:grade:1:AZN
2026-07-13 23:13:19.783 [http-nio-8080-exec-7] INFO  c.a.l.cache.PriceCacheRepository - Price cache hit: price:product:8:grade:3:AZN
2026-07-13 23:13:19.783 [http-nio-8080-exec-10] INFO  c.a.l.cache.PriceCacheRepository - Price cache hit: price:product:5:grade:1:AZN
2026-07-13 23:13:19.783 [http-nio-8080-exec-7] WARN  c.a.l.s.Order.CartPreviewService - Price mismatch for product 5: seen=10, current=100.00
2026-07-13 23:13:19.783 [http-nio-8080-exec-7] WARN  c.a.l.s.Order.CartPreviewService - Price mismatch for product 8: seen=100, current=150.00
2026-07-13 23:13:19.783 [http-nio-8080-exec-7] WARN  c.a.l.s.Order.CartPreviewService - Price mismatch for product 1: seen=26, current=100.00
2026-07-13 23:13:19.783 [http-nio-8080-exec-7] WARN  c.a.l.s.Order.CartPreviewService - Price mismatch for product 1: seen=70, current=50.00
2026-07-13 23:13:19.784 [http-nio-8080-exec-7] WARN  c.a.l.s.Order.CartPreviewService - Price mismatch for product 8: seen=10, current=250.00
2026-07-13 23:13:19.790 [http-nio-8080-exec-10] INFO  c.a.l.cache.PriceCacheRepository - Price cache hit: price:product:8:grade:3:AZN
2026-07-13 23:13:19.794 [http-nio-8080-exec-10] WARN  c.a.l.s.Order.CartPreviewService - Price mismatch for product 5: seen=10, current=100.00
2026-07-13 23:13:19.794 [http-nio-8080-exec-10] WARN  c.a.l.s.Order.CartPreviewService - Price mismatch for product 8: seen=100, current=150.00
2026-07-13 23:13:19.794 [http-nio-8080-exec-10] WARN  c.a.l.s.Order.CartPreviewService - Price mismatch for product 1: seen=26, current=100.00
2026-07-13 23:13:19.794 [http-nio-8080-exec-10] WARN  c.a.l.s.Order.CartPreviewService - Price mismatch for product 1: seen=70, current=50.00
2026-07-13 23:13:19.794 [http-nio-8080-exec-10] WARN  c.a.l.s.Order.CartPreviewService - Price mismatch for product 8: seen=10, current=250.00
2026-07-13 23:13:21.495 [http-nio-8080-exec-8] INFO  c.a.l.c.order.CartController - POST /api/cart/preview - 5 items, currency: USD
2026-07-13 23:13:21.499 [http-nio-8080-exec-8] INFO  c.a.l.s.Order.CartPreviewService - Cart preview requested with 5 items, currency: USD
2026-07-13 23:13:21.893 [http-nio-8080-exec-8] INFO  c.a.l.cache.PriceCacheRepository - Price cached: price:product:8:grade:1:AZN
2026-07-13 23:13:22.005 [http-nio-8080-exec-8] INFO  c.a.l.cache.PriceCacheRepository - Price cached: price:product:1:grade:3:AZN
2026-07-13 23:13:22.074 [http-nio-8080-exec-8] INFO  c.a.l.cache.PriceCacheRepository - Price cached: price:product:1:grade:1:AZN
2026-07-13 23:13:22.184 [http-nio-8080-exec-8] INFO  c.a.l.cache.PriceCacheRepository - Price cached: price:product:5:grade:1:AZN
2026-07-13 23:13:22.670 [http-nio-8080-exec-8] INFO  c.a.l.cache.PriceCacheRepository - Price cached: price:product:8:grade:3:AZN
2026-07-13 23:13:27.953 [http-nio-8080-exec-9] INFO  c.a.l.c.catalog.ProductController - GET /api/products - page: 0, filter: ProductFilterRequest(modelType=null, search=, page=0, size=12)
2026-07-13 23:13:27.981 [http-nio-8080-exec-9] INFO  c.a.l.s.c.ProductCatalogService - Fetching product catalog - page: 0, currency: USD
2026-07-13 23:13:28.131 [http-nio-8080-exec-9] INFO  c.a.l.c.ProductCatalogCacheRepository - Initial page cache hit for USD
2026-07-13 23:13:29.527 [http-nio-8080-exec-3] INFO  c.a.l.c.order.CartController - POST /api/cart/preview - 5 items, currency: USD
2026-07-13 23:13:29.588 [http-nio-8080-exec-3] INFO  c.a.l.s.Order.CartPreviewService - Cart preview requested with 5 items, currency: USD
2026-07-13 23:13:29.688 [http-nio-8080-exec-3] INFO  c.a.l.cache.PriceCacheRepository - Price cached: price:product:8:grade:1:AZN
2026-07-13 23:13:29.724 [http-nio-8080-exec-3] INFO  c.a.l.cache.PriceCacheRepository - Price cached: price:product:1:grade:3:AZN
2026-07-13 23:13:29.790 [http-nio-8080-exec-3] INFO  c.a.l.cache.PriceCacheRepository - Price cached: price:product:1:grade:1:AZN
2026-07-13 23:13:29.871 [http-nio-8080-exec-3] INFO  c.a.l.cache.PriceCacheRepository - Price cached: price:product:5:grade:1:AZN
2026-07-13 23:13:29.923 [http-nio-8080-exec-3] INFO  c.a.l.cache.PriceCacheRepository - Price cached: price:product:8:grade:3:AZN
2026-07-13 23:13:31.220 [http-nio-8080-exec-5] INFO  c.a.l.c.order.CartController - POST /api/cart/preview - 5 items, currency: AZN
2026-07-13 23:13:31.226 [http-nio-8080-exec-5] INFO  c.a.l.s.Order.CartPreviewService - Cart preview requested with 5 items, currency: AZN
2026-07-13 23:13:31.256 [http-nio-8080-exec-4] INFO  c.a.l.c.order.CartController - POST /api/cart/preview - 5 items, currency: AZN
2026-07-13 23:13:31.287 [http-nio-8080-exec-4] INFO  c.a.l.s.Order.CartPreviewService - Cart preview requested with 5 items, currency: AZN
2026-07-13 23:13:31.359 [http-nio-8080-exec-5] INFO  c.a.l.cache.PriceCacheRepository - Price cache hit: price:product:8:grade:1:AZN
2026-07-13 23:13:31.376 [http-nio-8080-exec-4] INFO  c.a.l.cache.PriceCacheRepository - Price cache hit: price:product:8:grade:1:AZN
2026-07-13 23:13:31.385 [http-nio-8080-exec-4] INFO  c.a.l.cache.PriceCacheRepository - Price cache hit: price:product:1:grade:3:AZN
2026-07-13 23:13:31.369 [http-nio-8080-exec-5] INFO  c.a.l.cache.PriceCacheRepository - Price cache hit: price:product:1:grade:3:AZN
2026-07-13 23:13:31.388 [http-nio-8080-exec-4] INFO  c.a.l.cache.PriceCacheRepository - Price cache hit: price:product:1:grade:1:AZN
2026-07-13 23:13:31.389 [http-nio-8080-exec-5] INFO  c.a.l.cache.PriceCacheRepository - Price cache hit: price:product:1:grade:1:AZN
2026-07-13 23:13:31.392 [http-nio-8080-exec-4] INFO  c.a.l.cache.PriceCacheRepository - Price cache hit: price:product:5:grade:1:AZN
2026-07-13 23:13:31.391 [http-nio-8080-exec-5] INFO  c.a.l.cache.PriceCacheRepository - Price cache hit: price:product:5:grade:1:AZN
2026-07-13 23:13:31.400 [http-nio-8080-exec-4] INFO  c.a.l.cache.PriceCacheRepository - Price cache hit: price:product:8:grade:3:AZN
2026-07-13 23:13:31.400 [http-nio-8080-exec-4] WARN  c.a.l.s.Order.CartPreviewService - Price mismatch for product 5: seen=10, current=100.00
2026-07-13 23:13:31.401 [http-nio-8080-exec-4] WARN  c.a.l.s.Order.CartPreviewService - Price mismatch for product 8: seen=100, current=150.00
2026-07-13 23:13:31.401 [http-nio-8080-exec-4] WARN  c.a.l.s.Order.CartPreviewService - Price mismatch for product 1: seen=26, current=100.00
2026-07-13 23:13:31.401 [http-nio-8080-exec-4] WARN  c.a.l.s.Order.CartPreviewService - Price mismatch for product 1: seen=70, current=50.00
2026-07-13 23:13:31.401 [http-nio-8080-exec-4] WARN  c.a.l.s.Order.CartPreviewService - Price mismatch for product 8: seen=10, current=250.00
2026-07-13 23:13:31.400 [http-nio-8080-exec-5] INFO  c.a.l.cache.PriceCacheRepository - Price cache hit: price:product:8:grade:3:AZN
2026-07-13 23:13:31.401 [http-nio-8080-exec-5] WARN  c.a.l.s.Order.CartPreviewService - Price mismatch for product 5: seen=10, current=100.00
2026-07-13 23:13:31.402 [http-nio-8080-exec-5] WARN  c.a.l.s.Order.CartPreviewService - Price mismatch for product 8: seen=100, current=150.00
2026-07-13 23:13:31.402 [http-nio-8080-exec-5] WARN  c.a.l.s.Order.CartPreviewService - Price mismatch for product 1: seen=26, current=100.00
2026-07-13 23:13:31.402 [http-nio-8080-exec-5] WARN  c.a.l.s.Order.CartPreviewService - Price mismatch for product 1: seen=70, current=50.00
2026-07-13 23:13:31.402 [http-nio-8080-exec-5] WARN  c.a.l.s.Order.CartPreviewService - Price mismatch for product 8: seen=10, current=250.00
2026-07-13 23:24:00.003 [http-nio-8080-exec-5] INFO  c.a.l.c.order.CartController - POST /api/cart/preview - 5 items, currency: AZN
2026-07-13 23:24:00.022 [http-nio-8080-exec-4] INFO  c.a.l.c.order.CartController - POST /api/cart/preview - 5 items, currency: AZN
2026-07-13 23:24:01.120 [http-nio-8080-exec-5] INFO  c.a.l.s.Order.CartPreviewService - Cart preview requested with 5 items, currency: AZN
2026-07-13 23:24:01.500 [http-nio-8080-exec-4] INFO  c.a.l.s.Order.CartPreviewService - Cart preview requested with 5 items, currency: AZN
2026-07-13 23:24:02.421 [http-nio-8080-exec-10] INFO  c.a.l.c.order.CartController - POST /api/cart/preview - 5 items, currency: USD
2026-07-13 23:24:03.600 [http-nio-8080-exec-10] INFO  c.a.l.s.Order.CartPreviewService - Cart preview requested with 5 items, currency: USD
2026-07-13 23:24:03.944 [http-nio-8080-exec-4] INFO  c.a.l.cache.PriceCacheRepository - Price cache hit: price:product:8:grade:1:AZN
2026-07-13 23:24:03.947 [http-nio-8080-exec-5] INFO  c.a.l.cache.PriceCacheRepository - Price cache hit: price:product:8:grade:1:AZN
2026-07-13 23:24:04.018 [http-nio-8080-exec-4] INFO  c.a.l.cache.PriceCacheRepository - Price cache hit: price:product:1:grade:3:AZN
2026-07-13 23:24:04.020 [http-nio-8080-exec-5] INFO  c.a.l.cache.PriceCacheRepository - Price cache hit: price:product:1:grade:3:AZN
2026-07-13 23:24:04.027 [http-nio-8080-exec-4] INFO  c.a.l.cache.PriceCacheRepository - Price cache hit: price:product:1:grade:1:AZN
2026-07-13 23:24:04.027 [http-nio-8080-exec-5] INFO  c.a.l.cache.PriceCacheRepository - Price cache hit: price:product:1:grade:1:AZN
2026-07-13 23:24:04.038 [http-nio-8080-exec-4] INFO  c.a.l.cache.PriceCacheRepository - Price cache hit: price:product:5:grade:1:AZN
2026-07-13 23:24:04.039 [http-nio-8080-exec-5] INFO  c.a.l.cache.PriceCacheRepository - Price cache hit: price:product:5:grade:1:AZN
2026-07-13 23:24:04.059 [http-nio-8080-exec-4] INFO  c.a.l.cache.PriceCacheRepository - Price cache hit: price:product:8:grade:3:AZN
2026-07-13 23:24:04.059 [http-nio-8080-exec-5] INFO  c.a.l.cache.PriceCacheRepository - Price cache hit: price:product:8:grade:3:AZN
2026-07-13 23:24:04.060 [http-nio-8080-exec-5] WARN  c.a.l.s.Order.CartPreviewService - Price mismatch for product 5: seen=10, current=100.00
2026-07-13 23:24:04.062 [http-nio-8080-exec-5] WARN  c.a.l.s.Order.CartPreviewService - Price mismatch for product 8: seen=100, current=150.00
2026-07-13 23:24:04.062 [http-nio-8080-exec-5] WARN  c.a.l.s.Order.CartPreviewService - Price mismatch for product 1: seen=26, current=100.00
2026-07-13 23:24:04.062 [http-nio-8080-exec-5] WARN  c.a.l.s.Order.CartPreviewService - Price mismatch for product 1: seen=70, current=50.00
2026-07-13 23:24:04.060 [http-nio-8080-exec-4] WARN  c.a.l.s.Order.CartPreviewService - Price mismatch for product 5: seen=10, current=100.00
2026-07-13 23:24:04.062 [http-nio-8080-exec-5] WARN  c.a.l.s.Order.CartPreviewService - Price mismatch for product 8: seen=10, current=250.00
2026-07-13 23:24:04.062 [http-nio-8080-exec-4] WARN  c.a.l.s.Order.CartPreviewService - Price mismatch for product 8: seen=100, current=150.00
2026-07-13 23:24:04.063 [http-nio-8080-exec-4] WARN  c.a.l.s.Order.CartPreviewService - Price mismatch for product 1: seen=26, current=100.00
2026-07-13 23:24:04.064 [http-nio-8080-exec-4] WARN  c.a.l.s.Order.CartPreviewService - Price mismatch for product 1: seen=70, current=50.00
2026-07-13 23:24:04.064 [http-nio-8080-exec-4] WARN  c.a.l.s.Order.CartPreviewService - Price mismatch for product 8: seen=10, current=250.00
2026-07-13 23:24:04.187 [http-nio-8080-exec-2] INFO  c.a.l.c.order.CartController - POST /api/cart/preview - 5 items, currency: AZN
2026-07-13 23:24:04.270 [http-nio-8080-exec-2] INFO  c.a.l.s.Order.CartPreviewService - Cart preview requested with 5 items, currency: AZN
2026-07-13 23:24:04.610 [http-nio-8080-exec-2] INFO  c.a.l.cache.PriceCacheRepository - Price cache hit: price:product:8:grade:1:AZN
2026-07-13 23:24:04.623 [http-nio-8080-exec-2] INFO  c.a.l.cache.PriceCacheRepository - Price cache hit: price:product:1:grade:3:AZN
2026-07-13 23:24:04.669 [http-nio-8080-exec-10] INFO  c.a.l.cache.PriceCacheRepository - Price cached: price:product:8:grade:1:AZN
2026-07-13 23:24:04.678 [http-nio-8080-exec-2] INFO  c.a.l.cache.PriceCacheRepository - Price cache hit: price:product:1:grade:1:AZN
2026-07-13 23:24:04.691 [http-nio-8080-exec-2] INFO  c.a.l.cache.PriceCacheRepository - Price cache hit: price:product:5:grade:1:AZN
2026-07-13 23:24:04.751 [http-nio-8080-exec-2] INFO  c.a.l.cache.PriceCacheRepository - Price cache hit: price:product:8:grade:3:AZN
2026-07-13 23:24:04.752 [http-nio-8080-exec-2] WARN  c.a.l.s.Order.CartPreviewService - Price mismatch for product 5: seen=10, current=100.00
2026-07-13 23:24:04.752 [http-nio-8080-exec-2] WARN  c.a.l.s.Order.CartPreviewService - Price mismatch for product 8: seen=100, current=150.00
2026-07-13 23:24:04.753 [http-nio-8080-exec-2] WARN  c.a.l.s.Order.CartPreviewService - Price mismatch for product 1: seen=26, current=100.00
2026-07-13 23:24:04.795 [http-nio-8080-exec-10] INFO  c.a.l.cache.PriceCacheRepository - Price cached: price:product:1:grade:3:AZN
2026-07-13 23:24:04.753 [http-nio-8080-exec-2] WARN  c.a.l.s.Order.CartPreviewService - Price mismatch for product 1: seen=70, current=50.00
2026-07-13 23:24:04.862 [http-nio-8080-exec-2] WARN  c.a.l.s.Order.CartPreviewService - Price mismatch for product 8: seen=10, current=250.00
2026-07-13 23:24:04.931 [http-nio-8080-exec-10] INFO  c.a.l.cache.PriceCacheRepository - Price cached: price:product:1:grade:1:AZN
2026-07-13 23:24:04.988 [http-nio-8080-exec-10] INFO  c.a.l.cache.PriceCacheRepository - Price cached: price:product:5:grade:1:AZN
2026-07-13 23:24:05.025 [http-nio-8080-exec-10] INFO  c.a.l.cache.PriceCacheRepository - Price cached: price:product:8:grade:3:AZN
2026-07-13 23:34:06.292 [http-nio-8080-exec-10] INFO  c.a.l.c.catalog.ProductController - GET /api/products - page: 0, filter: ProductFilterRequest(modelType=null, search=, page=0, size=12)
2026-07-13 23:34:06.473 [http-nio-8080-exec-10] INFO  c.a.l.s.c.ProductCatalogService - Fetching product catalog - page: 0, currency: USD
2026-07-13 23:34:07.202 [http-nio-8080-exec-1] INFO  c.a.l.c.order.CartController - POST /api/cart/preview - 5 items, currency: USD
2026-07-13 23:34:07.483 [http-nio-8080-exec-1] INFO  c.a.l.s.Order.CartPreviewService - Cart preview requested with 5 items, currency: USD
2026-07-13 23:34:09.452 [http-nio-8080-exec-1] INFO  c.a.l.cache.PriceCacheRepository - Price cached: price:product:8:grade:1:AZN
2026-07-13 23:34:09.812 [http-nio-8080-exec-1] INFO  c.a.l.cache.PriceCacheRepository - Price cached: price:product:1:grade:3:AZN
2026-07-13 23:34:10.006 [http-nio-8080-exec-1] INFO  c.a.l.cache.PriceCacheRepository - Price cached: price:product:1:grade:1:AZN
2026-07-13 23:34:10.110 [http-nio-8080-exec-10] INFO  c.a.l.cache.PriceCacheRepository - Price cached: price:product:8:grade:3:AZN
2026-07-13 23:34:10.142 [http-nio-8080-exec-1] INFO  c.a.l.cache.PriceCacheRepository - Price cached: price:product:5:grade:1:AZN
2026-07-13 23:34:10.314 [http-nio-8080-exec-1] INFO  c.a.l.cache.PriceCacheRepository - Price cached: price:product:8:grade:3:AZN
2026-07-13 23:34:10.360 [http-nio-8080-exec-10] INFO  c.a.l.cache.PriceCacheRepository - Price cached: price:product:5:grade:2:AZN
2026-07-13 23:34:10.502 [http-nio-8080-exec-10] INFO  c.a.l.cache.PriceCacheRepository - Price cached: price:product:1:grade:1:AZN
2026-07-13 23:34:10.603 [http-nio-8080-exec-10] INFO  c.a.l.c.ProductCatalogCacheRepository - Initial page cached for USD: 4 products
2026-07-13 23:34:11.433 [http-nio-8080-exec-9] INFO  c.a.l.c.order.CartController - POST /api/cart/preview - 5 items, currency: AZN
2026-07-13 23:34:11.461 [http-nio-8080-exec-3] INFO  c.a.l.c.order.CartController - POST /api/cart/preview - 5 items, currency: AZN
2026-07-13 23:34:11.479 [http-nio-8080-exec-9] INFO  c.a.l.s.Order.CartPreviewService - Cart preview requested with 5 items, currency: AZN
2026-07-13 23:34:11.561 [http-nio-8080-exec-3] INFO  c.a.l.s.Order.CartPreviewService - Cart preview requested with 5 items, currency: AZN
2026-07-13 23:34:11.686 [http-nio-8080-exec-9] INFO  c.a.l.cache.PriceCacheRepository - Price cache hit: price:product:8:grade:1:AZN
2026-07-13 23:34:11.719 [http-nio-8080-exec-9] INFO  c.a.l.cache.PriceCacheRepository - Price cache hit: price:product:1:grade:3:AZN
2026-07-13 23:34:11.747 [http-nio-8080-exec-9] INFO  c.a.l.cache.PriceCacheRepository - Price cache hit: price:product:1:grade:1:AZN
2026-07-13 23:34:11.785 [http-nio-8080-exec-9] INFO  c.a.l.cache.PriceCacheRepository - Price cache hit: price:product:5:grade:1:AZN
2026-07-13 23:34:11.795 [http-nio-8080-exec-9] INFO  c.a.l.cache.PriceCacheRepository - Price cache hit: price:product:8:grade:3:AZN
2026-07-13 23:34:11.796 [http-nio-8080-exec-9] WARN  c.a.l.s.Order.CartPreviewService - Price mismatch for product 5: seen=10, current=100.00
2026-07-13 23:34:11.796 [http-nio-8080-exec-9] WARN  c.a.l.s.Order.CartPreviewService - Price mismatch for product 8: seen=100, current=150.00
2026-07-13 23:34:11.796 [http-nio-8080-exec-9] WARN  c.a.l.s.Order.CartPreviewService - Price mismatch for product 1: seen=26, current=100.00
2026-07-13 23:34:11.796 [http-nio-8080-exec-9] WARN  c.a.l.s.Order.CartPreviewService - Price mismatch for product 1: seen=70, current=50.00
2026-07-13 23:34:11.796 [http-nio-8080-exec-9] WARN  c.a.l.s.Order.CartPreviewService - Price mismatch for product 8: seen=10, current=250.00
2026-07-13 23:34:11.982 [http-nio-8080-exec-3] INFO  c.a.l.cache.PriceCacheRepository - Price cache hit: price:product:8:grade:1:AZN
2026-07-13 23:34:12.023 [http-nio-8080-exec-3] INFO  c.a.l.cache.PriceCacheRepository - Price cache hit: price:product:1:grade:3:AZN
2026-07-13 23:34:12.083 [http-nio-8080-exec-3] INFO  c.a.l.cache.PriceCacheRepository - Price cache hit: price:product:1:grade:1:AZN
2026-07-13 23:34:12.098 [http-nio-8080-exec-3] INFO  c.a.l.cache.PriceCacheRepository - Price cache hit: price:product:5:grade:1:AZN
2026-07-13 23:34:12.106 [http-nio-8080-exec-3] INFO  c.a.l.cache.PriceCacheRepository - Price cache hit: price:product:8:grade:3:AZN
2026-07-13 23:34:12.108 [http-nio-8080-exec-3] WARN  c.a.l.s.Order.CartPreviewService - Price mismatch for product 5: seen=10, current=100.00
2026-07-13 23:34:12.109 [http-nio-8080-exec-3] WARN  c.a.l.s.Order.CartPreviewService - Price mismatch for product 8: seen=100, current=150.00
2026-07-13 23:34:12.109 [http-nio-8080-exec-3] WARN  c.a.l.s.Order.CartPreviewService - Price mismatch for product 1: seen=26, current=100.00
2026-07-13 23:34:12.109 [http-nio-8080-exec-3] WARN  c.a.l.s.Order.CartPreviewService - Price mismatch for product 1: seen=70, current=50.00
2026-07-13 23:34:12.109 [http-nio-8080-exec-3] WARN  c.a.l.s.Order.CartPreviewService - Price mismatch for product 8: seen=10, current=250.00
2026-07-13 23:36:12.110 [http-nio-8080-exec-2] INFO  c.a.l.c.order.CartController - POST /api/cart/preview - 5 items, currency: AZN
2026-07-13 23:36:12.088 [http-nio-8080-exec-1] INFO  c.a.l.c.order.CartController - POST /api/cart/preview - 5 items, currency: AZN
2026-07-13 23:36:12.276 [http-nio-8080-exec-1] INFO  c.a.l.s.Order.CartPreviewService - Cart preview requested with 5 items, currency: AZN
2026-07-13 23:36:12.337 [http-nio-8080-exec-2] INFO  c.a.l.s.Order.CartPreviewService - Cart preview requested with 5 items, currency: AZN
2026-07-13 23:36:14.834 [http-nio-8080-exec-1] INFO  c.a.l.cache.PriceCacheRepository - Price cache hit: price:product:8:grade:1:AZN
2026-07-13 23:36:14.858 [http-nio-8080-exec-2] INFO  c.a.l.cache.PriceCacheRepository - Price cache hit: price:product:8:grade:1:AZN
2026-07-13 23:36:15.013 [http-nio-8080-exec-1] INFO  c.a.l.cache.PriceCacheRepository - Price cache hit: price:product:1:grade:3:AZN
2026-07-13 23:36:15.014 [http-nio-8080-exec-2] INFO  c.a.l.cache.PriceCacheRepository - Price cache hit: price:product:1:grade:3:AZN
2026-07-13 23:36:15.180 [http-nio-8080-exec-2] INFO  c.a.l.cache.PriceCacheRepository - Price cache hit: price:product:1:grade:1:AZN
2026-07-13 23:36:15.180 [http-nio-8080-exec-1] INFO  c.a.l.cache.PriceCacheRepository - Price cache hit: price:product:1:grade:1:AZN
2026-07-13 23:36:15.214 [http-nio-8080-exec-1] INFO  c.a.l.cache.PriceCacheRepository - Price cache hit: price:product:5:grade:1:AZN
2026-07-13 23:36:15.214 [http-nio-8080-exec-2] INFO  c.a.l.cache.PriceCacheRepository - Price cache hit: price:product:5:grade:1:AZN
2026-07-13 23:36:15.269 [http-nio-8080-exec-1] INFO  c.a.l.cache.PriceCacheRepository - Price cache hit: price:product:8:grade:3:AZN
2026-07-13 23:36:15.269 [http-nio-8080-exec-2] INFO  c.a.l.cache.PriceCacheRepository - Price cache hit: price:product:8:grade:3:AZN
2026-07-13 23:36:15.271 [http-nio-8080-exec-1] WARN  c.a.l.s.Order.CartPreviewService - Price mismatch for product 5: seen=10, current=100.00
2026-07-13 23:36:15.274 [http-nio-8080-exec-1] WARN  c.a.l.s.Order.CartPreviewService - Price mismatch for product 8: seen=100, current=150.00
2026-07-13 23:36:15.275 [http-nio-8080-exec-1] WARN  c.a.l.s.Order.CartPreviewService - Price mismatch for product 1: seen=26, current=100.00
2026-07-13 23:36:15.275 [http-nio-8080-exec-1] WARN  c.a.l.s.Order.CartPreviewService - Price mismatch for product 1: seen=70, current=50.00
2026-07-13 23:36:15.276 [http-nio-8080-exec-1] WARN  c.a.l.s.Order.CartPreviewService - Price mismatch for product 8: seen=10, current=250.00
2026-07-13 23:36:15.277 [http-nio-8080-exec-2] WARN  c.a.l.s.Order.CartPreviewService - Price mismatch for product 5: seen=10, current=100.00
2026-07-13 23:36:15.277 [http-nio-8080-exec-2] WARN  c.a.l.s.Order.CartPreviewService - Price mismatch for product 8: seen=100, current=150.00
2026-07-13 23:36:15.277 [http-nio-8080-exec-2] WARN  c.a.l.s.Order.CartPreviewService - Price mismatch for product 1: seen=26, current=100.00
2026-07-13 23:36:15.278 [http-nio-8080-exec-2] WARN  c.a.l.s.Order.CartPreviewService - Price mismatch for product 1: seen=70, current=50.00
2026-07-13 23:36:15.888 [http-nio-8080-exec-2] WARN  c.a.l.s.Order.CartPreviewService - Price mismatch for product 8: seen=10, current=250.00
2026-07-13 23:36:22.595 [http-nio-8080-exec-5] INFO  c.a.l.c.order.CartController - POST /api/cart/preview - 5 items, currency: USD
2026-07-13 23:36:22.644 [http-nio-8080-exec-5] INFO  c.a.l.s.Order.CartPreviewService - Cart preview requested with 5 items, currency: USD
2026-07-13 23:36:23.077 [http-nio-8080-exec-5] INFO  c.a.l.cache.PriceCacheRepository - Price cached: price:product:8:grade:1:AZN
2026-07-13 23:36:23.194 [http-nio-8080-exec-5] INFO  c.a.l.cache.PriceCacheRepository - Price cached: price:product:1:grade:3:AZN
2026-07-13 23:36:23.429 [http-nio-8080-exec-5] INFO  c.a.l.cache.PriceCacheRepository - Price cached: price:product:1:grade:1:AZN
2026-07-13 23:36:23.511 [http-nio-8080-exec-5] INFO  c.a.l.cache.PriceCacheRepository - Price cached: price:product:5:grade:1:AZN
2026-07-13 23:36:23.566 [http-nio-8080-exec-5] INFO  c.a.l.cache.PriceCacheRepository - Price cached: price:product:8:grade:3:AZN
2026-07-13 23:36:26.424 [http-nio-8080-exec-9] INFO  c.a.l.c.order.CartController - POST /api/cart/preview - 5 items, currency: AZN
2026-07-13 23:36:26.484 [http-nio-8080-exec-9] INFO  c.a.l.s.Order.CartPreviewService - Cart preview requested with 5 items, currency: AZN
2026-07-13 23:36:26.804 [http-nio-8080-exec-9] INFO  c.a.l.cache.PriceCacheRepository - Price cache hit: price:product:8:grade:1:AZN
2026-07-13 23:36:26.844 [http-nio-8080-exec-9] INFO  c.a.l.cache.PriceCacheRepository - Price cache hit: price:product:1:grade:3:AZN
2026-07-13 23:36:26.876 [http-nio-8080-exec-9] INFO  c.a.l.cache.PriceCacheRepository - Price cache hit: price:product:1:grade:1:AZN
2026-07-13 23:36:26.948 [http-nio-8080-exec-9] INFO  c.a.l.cache.PriceCacheRepository - Price cache hit: price:product:5:grade:1:AZN
2026-07-13 23:36:27.056 [http-nio-8080-exec-9] INFO  c.a.l.cache.PriceCacheRepository - Price cache hit: price:product:8:grade:3:AZN
2026-07-13 23:36:27.056 [http-nio-8080-exec-9] WARN  c.a.l.s.Order.CartPreviewService - Price mismatch for product 5: seen=10, current=100.00
2026-07-13 23:36:27.056 [http-nio-8080-exec-9] WARN  c.a.l.s.Order.CartPreviewService - Price mismatch for product 8: seen=100, current=150.00
2026-07-13 23:36:27.057 [http-nio-8080-exec-9] WARN  c.a.l.s.Order.CartPreviewService - Price mismatch for product 1: seen=26, current=100.00
2026-07-13 23:36:27.057 [http-nio-8080-exec-9] WARN  c.a.l.s.Order.CartPreviewService - Price mismatch for product 1: seen=70, current=50.00
2026-07-13 23:36:27.057 [http-nio-8080-exec-9] WARN  c.a.l.s.Order.CartPreviewService - Price mismatch for product 8: seen=10, current=250.00
2026-07-13 23:50:02.756 [org.springframework.amqp.rabbit.RabbitListenerEndpointContainer#0-2] INFO  o.s.a.r.l.SimpleMessageListenerContainer - Waiting for workers to finish.
2026-07-13 23:50:03.276 [org.springframework.amqp.rabbit.RabbitListenerEndpointContainer#0-2] INFO  o.s.a.r.l.SimpleMessageListenerContainer - Successfully waited for workers to finish.
2026-07-13 23:50:03.326 [SpringApplicationShutdownHook] INFO  o.s.b.w.e.tomcat.GracefulShutdown - Commencing graceful shutdown. Waiting for active requests to complete
2026-07-13 23:50:03.569 [tomcat-shutdown] INFO  o.s.b.w.e.tomcat.GracefulShutdown - Graceful shutdown complete
2026-07-13 23:50:04.277 [SpringApplicationShutdownHook] INFO  o.s.o.j.LocalContainerEntityManagerFactoryBean - Closing JPA EntityManagerFactory for persistence unit 'default'
2026-07-13 23:50:04.397 [SpringApplicationShutdownHook] INFO  com.zaxxer.hikari.HikariDataSource - HikariPool-1 - Shutdown initiated...
2026-07-13 23:50:04.447 [SpringApplicationShutdownHook] INFO  com.zaxxer.hikari.HikariDataSource - HikariPool-1 - Shutdown completed.
