2026-09-03 00:09:05.947 [http-nio-8080-exec-9] INFO  c.a.l.c.catalog.ProductController - GET /api/products - page: 0, filter: ProductFilterRequest(modelType=null, search=, page=0, size=12)
2026-09-03 00:09:05.897 [http-nio-8080-exec-4] INFO  c.a.l.c.a.AdminPricingRuleController - GET /api/admin/pricing/rules
2026-09-03 00:09:06.273 [http-nio-8080-exec-9] INFO  c.a.l.s.c.ProductCatalogService - Fetching product catalog - page: 0, currency: USD
2026-09-03 00:09:06.295 [http-nio-8080-exec-4] INFO  c.a.l.s.pricing.PricingRuleService - Fetching pricing rules, activeOnly: false
2026-09-03 00:09:08.141 [http-nio-8080-exec-7] INFO  c.a.l.c.a.AdminPricingRuleController - GET /api/admin/pricing/rules
2026-09-03 00:09:08.141 [http-nio-8080-exec-7] INFO  c.a.l.s.pricing.PricingRuleService - Fetching pricing rules, activeOnly: false
2026-09-03 00:09:10.491 [http-nio-8080-exec-9] INFO  c.a.l.cache.PriceCacheRepository - Price cached: price:product:13:grade:1:AZN
2026-09-03 00:09:10.774 [http-nio-8080-exec-9] INFO  c.a.l.cache.PriceCacheRepository - Price cached: price:product:8:grade:3:AZN
2026-09-03 00:09:10.822 [http-nio-8080-exec-9] INFO  c.a.l.cache.PriceCacheRepository - Price cached: price:product:5:grade:2:AZN
2026-09-03 00:09:10.849 [http-nio-8080-exec-9] INFO  c.a.l.cache.PriceCacheRepository - Price cached: price:product:1:grade:1:AZN
2026-09-03 00:09:10.876 [http-nio-8080-exec-9] INFO  c.a.l.c.ProductCatalogCacheRepository - Initial page cached for USD: 6 products
2026-09-03 00:09:12.198 [http-nio-8080-exec-3] INFO  c.a.l.c.a.AdminProductsController - GET /api/admin/products - filter: ProductModelFilter(id=null, modelname=null, modelType=null, availabilityStatus=null, isActive=null, from=null, to=null), page: Page request [number: 0, size 12, sort: createdAt: DESC]
2026-09-03 00:09:12.238 [http-nio-8080-exec-3] INFO  c.a.l.s.c.AdminProductModelService - Admin fetching ALL product models (including inactive/draft) with filter: ProductModelFilter(id=null, modelname=null, modelType=null, availabilityStatus=null, isActive=null, from=null, to=null)
2026-09-03 00:11:48.336 [http-nio-8080-exec-4] INFO  c.a.l.c.a.AdminLeathersController - GET /api/admin/leathers - filter: LeatherFilter(id=null, leathername=null, origin=null, color=null, gradeType=null, availabilityStatus=null, isActive=null, from=null, to=null), page: Page request [number: 0, size 10, sort: createdAt: DESC]
2026-09-03 00:11:48.359 [http-nio-8080-exec-4] INFO  c.a.l.s.admin.AdminLeatherService - Admin fetching ALL leathers (including inactive/draft) with filter: LeatherFilter(id=null, leathername=null, origin=null, color=null, gradeType=null, availabilityStatus=null, isActive=null, from=null, to=null)
2026-09-03 00:11:50.330 [http-nio-8080-exec-7] INFO  c.a.l.c.a.AdminProductsController - GET /api/admin/products - filter: ProductModelFilter(id=null, modelname=null, modelType=null, availabilityStatus=null, isActive=null, from=null, to=null), page: Page request [number: 0, size 12, sort: createdAt: DESC]
2026-09-03 00:11:50.338 [http-nio-8080-exec-7] INFO  c.a.l.s.c.AdminProductModelService - Admin fetching ALL product models (including inactive/draft) with filter: ProductModelFilter(id=null, modelname=null, modelType=null, availabilityStatus=null, isActive=null, from=null, to=null)
2026-09-03 00:11:53.469 [http-nio-8080-exec-3] INFO  c.a.l.c.a.AdminProductsController - GET /api/admin/products/13
2026-09-03 00:11:53.569 [http-nio-8080-exec-8] INFO  c.a.l.c.a.AdminProductsController - GET /api/admin/products/13
2026-09-03 00:11:53.579 [http-nio-8080-exec-5] INFO  c.a.l.c.a.AdminProductPriceController - GET /api/admin/products/13/calculated-prices
2026-09-03 00:11:53.613 [http-nio-8080-exec-5] INFO  c.a.l.s.pricing.ProductPriceService - Admin fetching calculated prices for product: 13
2026-09-03 00:11:53.696 [http-nio-8080-exec-10] INFO  c.a.l.c.a.AdminProductPriceController - GET /api/admin/products/13/calculated-prices
2026-09-03 00:11:53.696 [http-nio-8080-exec-10] INFO  c.a.l.s.pricing.ProductPriceService - Admin fetching calculated prices for product: 13
2026-09-03 00:12:45.901 [http-nio-8080-exec-2] INFO  c.a.l.c.catalog.ProductController - GET /api/products - page: 0, filter: ProductFilterRequest(modelType=null, search=, page=0, size=12)
2026-09-03 00:12:46.102 [http-nio-8080-exec-2] INFO  c.a.l.s.c.ProductCatalogService - Fetching product catalog - page: 0, currency: USD
2026-09-03 00:12:46.498 [http-nio-8080-exec-2] INFO  c.a.l.c.ProductCatalogCacheRepository - Initial page cache hit for USD
2026-09-03 00:12:50.705 [http-nio-8080-exec-3] INFO  c.a.l.c.catalog.ProductController - GET /api/products/13 - Product detail requested
2026-09-03 00:12:50.705 [http-nio-8080-exec-1] INFO  c.a.l.c.catalog.ProductController - GET /api/products/13/available-leathers
2026-09-03 00:12:50.708 [http-nio-8080-exec-1] INFO  c.a.l.s.c.ProductCatalogService - Fetching available leathers for product: 13
2026-09-03 00:12:50.775 [http-nio-8080-exec-3] INFO  c.a.l.cache.PriceCacheRepository - Price cached: price:product:13:grade:1:AZN
2026-09-03 00:12:50.777 [http-nio-8080-exec-1] INFO  c.a.l.cache.LeatherCacheRepository - Cached 2 leathers for product: 13
2026-09-03 00:12:50.777 [http-nio-8080-exec-1] INFO  c.a.l.s.c.ProductCatalogService - Found and cached 2 leathers for product: 13
2026-09-03 00:12:50.788 [http-nio-8080-exec-3] INFO  c.a.l.c.ProductCatalogCacheRepository - Product detail cached with key: product:detail:13:USD
2026-09-03 00:12:50.796 [http-nio-8080-exec-8] INFO  c.a.l.c.catalog.ProductController - GET /api/products/13/available-leathers
2026-09-03 00:12:50.796 [http-nio-8080-exec-8] INFO  c.a.l.s.c.ProductCatalogService - Fetching available leathers for product: 13
2026-09-03 00:12:50.806 [http-nio-8080-exec-8] INFO  c.a.l.cache.LeatherCacheRepository - Cache hit for leathers: 13
2026-09-03 00:12:50.807 [http-nio-8080-exec-5] INFO  c.a.l.c.catalog.ProductController - GET /api/products/13 - Product detail requested
2026-09-03 00:12:50.807 [http-nio-8080-exec-8] INFO  c.a.l.s.c.ProductCatalogService - Returning cached leathers for product: 13
2026-09-03 00:12:50.811 [http-nio-8080-exec-5] INFO  c.a.l.c.ProductCatalogCacheRepository - Product detail cache hit: product:detail:13:USD
2026-09-03 00:12:50.813 [http-nio-8080-exec-5] INFO  c.a.l.s.c.ProductCatalogService - Cache hit: Returning product 13 for USD
2026-09-03 00:12:54.765 [http-nio-8080-exec-10] INFO  c.a.l.c.catalog.ProductController - GET /api/products - page: 0, filter: ProductFilterRequest(modelType=null, search=, page=0, size=12)
2026-09-03 00:12:54.796 [http-nio-8080-exec-10] INFO  c.a.l.s.c.ProductCatalogService - Fetching product catalog - page: 0, currency: USD
2026-09-03 00:12:54.869 [http-nio-8080-exec-10] INFO  c.a.l.c.ProductCatalogCacheRepository - Initial page cache hit for USD
2026-09-03 00:12:56.223 [http-nio-8080-exec-2] INFO  c.a.l.c.catalog.ProductController - GET /api/products/13 - Product detail requested
2026-09-03 00:12:56.226 [http-nio-8080-exec-4] INFO  c.a.l.c.catalog.ProductController - GET /api/products/13/available-leathers
2026-09-03 00:12:56.232 [http-nio-8080-exec-4] INFO  c.a.l.s.c.ProductCatalogService - Fetching available leathers for product: 13
2026-09-03 00:12:56.236 [http-nio-8080-exec-2] INFO  c.a.l.c.ProductCatalogCacheRepository - Product detail cache hit: product:detail:13:USD
2026-09-03 00:12:56.236 [http-nio-8080-exec-2] INFO  c.a.l.s.c.ProductCatalogService - Cache hit: Returning product 13 for USD
2026-09-03 00:12:56.242 [http-nio-8080-exec-4] INFO  c.a.l.cache.LeatherCacheRepository - Cache hit for leathers: 13
2026-09-03 00:12:56.243 [http-nio-8080-exec-4] INFO  c.a.l.s.c.ProductCatalogService - Returning cached leathers for product: 13
2026-09-03 00:12:56.250 [http-nio-8080-exec-7] INFO  c.a.l.c.catalog.ProductController - GET /api/products/13 - Product detail requested
2026-09-03 00:12:56.257 [http-nio-8080-exec-6] INFO  c.a.l.c.catalog.ProductController - GET /api/products/13/available-leathers
2026-09-03 00:12:56.258 [http-nio-8080-exec-6] INFO  c.a.l.s.c.ProductCatalogService - Fetching available leathers for product: 13
2026-09-03 00:12:56.259 [http-nio-8080-exec-7] INFO  c.a.l.c.ProductCatalogCacheRepository - Product detail cache hit: product:detail:13:USD
2026-09-03 00:12:56.260 [http-nio-8080-exec-7] INFO  c.a.l.s.c.ProductCatalogService - Cache hit: Returning product 13 for USD
2026-09-03 00:12:56.262 [http-nio-8080-exec-6] INFO  c.a.l.cache.LeatherCacheRepository - Cache hit for leathers: 13
2026-09-03 00:12:56.263 [http-nio-8080-exec-6] INFO  c.a.l.s.c.ProductCatalogService - Returning cached leathers for product: 13
2026-09-03 00:12:58.840 [http-nio-8080-exec-9] INFO  c.a.l.c.catalog.ProductController - GET /api/products - page: 0, filter: ProductFilterRequest(modelType=null, search=, page=0, size=12)
2026-09-03 00:12:59.007 [http-nio-8080-exec-9] INFO  c.a.l.s.c.ProductCatalogService - Fetching product catalog - page: 0, currency: USD
2026-09-03 00:12:59.045 [http-nio-8080-exec-9] INFO  c.a.l.c.ProductCatalogCacheRepository - Initial page cache hit for USD
2026-09-03 00:13:00.420 [http-nio-8080-exec-10] INFO  c.a.l.c.catalog.ProductController - GET /api/products/14 - Product detail requested
2026-09-03 00:13:00.422 [http-nio-8080-exec-2] INFO  c.a.l.c.catalog.ProductController - GET /api/products/14/available-leathers
2026-09-03 00:13:00.424 [http-nio-8080-exec-2] INFO  c.a.l.s.c.ProductCatalogService - Fetching available leathers for product: 14
2026-09-03 00:13:00.439 [http-nio-8080-exec-10] INFO  c.a.l.c.ProductCatalogCacheRepository - Product detail cached with key: product:detail:14:USD
2026-09-03 00:13:00.444 [http-nio-8080-exec-2] WARN  c.a.l.s.c.ProductCatalogService - No leathers found for product: 14. Skipping cache to prevent empty cache pollution.
2026-09-03 00:13:00.452 [http-nio-8080-exec-4] INFO  c.a.l.c.catalog.ProductController - GET /api/products/14 - Product detail requested
2026-09-03 00:13:00.457 [http-nio-8080-exec-4] INFO  c.a.l.c.ProductCatalogCacheRepository - Product detail cache hit: product:detail:14:USD
2026-09-03 00:13:00.457 [http-nio-8080-exec-4] INFO  c.a.l.s.c.ProductCatalogService - Cache hit: Returning product 14 for USD
2026-09-03 00:13:00.460 [http-nio-8080-exec-7] INFO  c.a.l.c.catalog.ProductController - GET /api/products/14/available-leathers
2026-09-03 00:13:00.461 [http-nio-8080-exec-7] INFO  c.a.l.s.c.ProductCatalogService - Fetching available leathers for product: 14
2026-09-03 00:13:00.486 [http-nio-8080-exec-7] WARN  c.a.l.s.c.ProductCatalogService - No leathers found for product: 14. Skipping cache to prevent empty cache pollution.
2026-09-03 00:13:04.377 [http-nio-8080-exec-6] INFO  c.a.l.c.catalog.ProductController - GET /api/products - page: 0, filter: ProductFilterRequest(modelType=null, search=, page=0, size=12)
2026-09-03 00:13:04.409 [http-nio-8080-exec-6] INFO  c.a.l.s.c.ProductCatalogService - Fetching product catalog - page: 0, currency: USD
2026-09-03 00:13:04.444 [http-nio-8080-exec-6] INFO  c.a.l.c.ProductCatalogCacheRepository - Initial page cache hit for USD
2026-09-03 00:13:05.549 [http-nio-8080-exec-3] INFO  c.a.l.c.catalog.ProductController - GET /api/products/8 - Product detail requested
2026-09-03 00:13:05.550 [http-nio-8080-exec-10] INFO  c.a.l.c.catalog.ProductController - GET /api/products/8/available-leathers
2026-09-03 00:13:05.554 [http-nio-8080-exec-10] INFO  c.a.l.s.c.ProductCatalogService - Fetching available leathers for product: 8
2026-09-03 00:13:05.600 [http-nio-8080-exec-10] INFO  c.a.l.cache.LeatherCacheRepository - Cached 4 leathers for product: 8
2026-09-03 00:13:05.600 [http-nio-8080-exec-10] INFO  c.a.l.s.c.ProductCatalogService - Found and cached 4 leathers for product: 8
2026-09-03 00:13:05.611 [http-nio-8080-exec-3] INFO  c.a.l.cache.PriceCacheRepository - Price cached: price:product:8:grade:1:AZN
2026-09-03 00:13:05.625 [http-nio-8080-exec-2] INFO  c.a.l.c.catalog.ProductController - GET /api/products/8/available-leathers
2026-09-03 00:13:05.626 [http-nio-8080-exec-2] INFO  c.a.l.s.c.ProductCatalogService - Fetching available leathers for product: 8
2026-09-03 00:13:05.630 [http-nio-8080-exec-2] INFO  c.a.l.cache.LeatherCacheRepository - Cache hit for leathers: 8
2026-09-03 00:13:05.633 [http-nio-8080-exec-2] INFO  c.a.l.s.c.ProductCatalogService - Returning cached leathers for product: 8
2026-09-03 00:13:05.635 [http-nio-8080-exec-3] INFO  c.a.l.cache.PriceCacheRepository - Price cached: price:product:8:grade:2:AZN
2026-09-03 00:13:05.657 [http-nio-8080-exec-3] INFO  c.a.l.cache.PriceCacheRepository - Price cached: price:product:8:grade:3:AZN
2026-09-03 00:13:05.663 [http-nio-8080-exec-3] INFO  c.a.l.c.ProductCatalogCacheRepository - Product detail cached with key: product:detail:8:USD
2026-09-03 00:13:05.683 [http-nio-8080-exec-4] INFO  c.a.l.c.catalog.ProductController - GET /api/products/8 - Product detail requested
2026-09-03 00:13:05.689 [http-nio-8080-exec-4] INFO  c.a.l.c.ProductCatalogCacheRepository - Product detail cache hit: product:detail:8:USD
2026-09-03 00:13:05.689 [http-nio-8080-exec-4] INFO  c.a.l.s.c.ProductCatalogService - Cache hit: Returning product 8 for USD
2026-09-03 00:13:11.071 [http-nio-8080-exec-7] INFO  c.a.l.c.catalog.ProductController - GET /api/products - page: 0, filter: ProductFilterRequest(modelType=null, search=, page=0, size=12)
2026-09-03 00:13:11.125 [http-nio-8080-exec-7] INFO  c.a.l.s.c.ProductCatalogService - Fetching product catalog - page: 0, currency: USD
2026-09-03 00:13:11.209 [http-nio-8080-exec-7] INFO  c.a.l.c.ProductCatalogCacheRepository - Initial page cache hit for USD
2026-09-03 00:13:13.622 [http-nio-8080-exec-1] INFO  c.a.l.c.catalog.ProductController - GET /api/products/5 - Product detail requested
2026-09-03 00:13:13.623 [http-nio-8080-exec-10] INFO  c.a.l.c.catalog.ProductController - GET /api/products/5/available-leathers
2026-09-03 00:13:13.637 [http-nio-8080-exec-10] INFO  c.a.l.s.c.ProductCatalogService - Fetching available leathers for product: 5
2026-09-03 00:13:13.680 [http-nio-8080-exec-1] INFO  c.a.l.cache.PriceCacheRepository - Price cached: price:product:5:grade:2:AZN
2026-09-03 00:13:13.710 [http-nio-8080-exec-10] INFO  c.a.l.cache.LeatherCacheRepository - Cached 4 leathers for product: 5
2026-09-03 00:13:13.710 [http-nio-8080-exec-10] INFO  c.a.l.s.c.ProductCatalogService - Found and cached 4 leathers for product: 5
2026-09-03 00:13:13.717 [http-nio-8080-exec-1] INFO  c.a.l.cache.PriceCacheRepository - Price cached: price:product:5:grade:3:AZN
2026-09-03 00:13:13.727 [http-nio-8080-exec-2] INFO  c.a.l.c.catalog.ProductController - GET /api/products/5/available-leathers
2026-09-03 00:13:13.729 [http-nio-8080-exec-2] INFO  c.a.l.s.c.ProductCatalogService - Fetching available leathers for product: 5
2026-09-03 00:13:13.734 [http-nio-8080-exec-2] INFO  c.a.l.cache.LeatherCacheRepository - Cache hit for leathers: 5
2026-09-03 00:13:13.734 [http-nio-8080-exec-2] INFO  c.a.l.s.c.ProductCatalogService - Returning cached leathers for product: 5
2026-09-03 00:13:13.741 [http-nio-8080-exec-1] INFO  c.a.l.cache.PriceCacheRepository - Price cached: price:product:5:grade:1:AZN
2026-09-03 00:13:13.747 [http-nio-8080-exec-1] INFO  c.a.l.c.ProductCatalogCacheRepository - Product detail cached with key: product:detail:5:USD
2026-09-03 00:13:13.765 [http-nio-8080-exec-3] INFO  c.a.l.c.catalog.ProductController - GET /api/products/5 - Product detail requested
2026-09-03 00:13:13.768 [http-nio-8080-exec-3] INFO  c.a.l.c.ProductCatalogCacheRepository - Product detail cache hit: product:detail:5:USD
2026-09-03 00:13:13.769 [http-nio-8080-exec-3] INFO  c.a.l.s.c.ProductCatalogService - Cache hit: Returning product 5 for USD
2026-09-03 00:13:16.150 [http-nio-8080-exec-4] INFO  c.a.l.c.catalog.ProductController - GET /api/products - page: 0, filter: ProductFilterRequest(modelType=null, search=, page=0, size=12)
2026-09-03 00:13:16.157 [http-nio-8080-exec-4] INFO  c.a.l.s.c.ProductCatalogService - Fetching product catalog - page: 0, currency: USD
2026-09-03 00:13:16.190 [http-nio-8080-exec-4] INFO  c.a.l.c.ProductCatalogCacheRepository - Initial page cache hit for USD
2026-09-03 00:13:27.978 [http-nio-8080-exec-7] INFO  c.a.l.c.a.AdminPricingRuleController - GET /api/admin/pricing/rules
2026-09-03 00:13:28.005 [http-nio-8080-exec-7] INFO  c.a.l.s.pricing.PricingRuleService - Fetching pricing rules, activeOnly: false
2026-09-03 00:13:28.040 [http-nio-8080-exec-6] INFO  c.a.l.c.a.AdminPricingRuleController - GET /api/admin/pricing/rules
2026-09-03 00:13:28.046 [http-nio-8080-exec-6] INFO  c.a.l.s.pricing.PricingRuleService - Fetching pricing rules, activeOnly: false
2026-09-03 00:13:28.483 [http-nio-8080-exec-5] INFO  c.a.l.c.catalog.ProductController - GET /api/products - page: 0, filter: ProductFilterRequest(modelType=null, search=, page=0, size=12)
2026-09-03 00:13:28.483 [http-nio-8080-exec-5] INFO  c.a.l.s.c.ProductCatalogService - Fetching product catalog - page: 0, currency: USD
2026-09-03 00:13:28.511 [http-nio-8080-exec-5] INFO  c.a.l.c.ProductCatalogCacheRepository - Initial page cache hit for USD
2026-09-03 00:13:32.560 [http-nio-8080-exec-9] INFO  c.a.l.c.a.AdminProductsController - GET /api/admin/products - filter: ProductModelFilter(id=null, modelname=null, modelType=null, availabilityStatus=null, isActive=null, from=null, to=null), page: Page request [number: 0, size 12, sort: createdAt: DESC]
2026-09-03 00:13:32.662 [http-nio-8080-exec-9] INFO  c.a.l.s.c.AdminProductModelService - Admin fetching ALL product models (including inactive/draft) with filter: ProductModelFilter(id=null, modelname=null, modelType=null, availabilityStatus=null, isActive=null, from=null, to=null)
2026-09-03 00:13:37.797 [http-nio-8080-exec-2] INFO  c.a.l.c.a.AdminProductsController - GET /api/admin/products/8
2026-09-03 00:13:37.859 [http-nio-8080-exec-1] INFO  c.a.l.c.a.AdminProductsController - GET /api/admin/products/8
2026-09-03 00:13:37.885 [http-nio-8080-exec-4] INFO  c.a.l.c.a.AdminProductPriceController - GET /api/admin/products/8/calculated-prices
2026-09-03 00:13:37.890 [http-nio-8080-exec-4] INFO  c.a.l.s.pricing.ProductPriceService - Admin fetching calculated prices for product: 8
2026-09-03 00:13:37.970 [http-nio-8080-exec-7] INFO  c.a.l.c.a.AdminProductPriceController - GET /api/admin/products/8/calculated-prices
2026-09-03 00:13:37.970 [http-nio-8080-exec-7] INFO  c.a.l.s.pricing.ProductPriceService - Admin fetching calculated prices for product: 8
2026-09-03 00:13:55.236 [http-nio-8080-exec-5] INFO  c.a.l.c.a.AdminProductPriceManuelController - POST /api/admin/products/8/manual-prices
2026-09-03 00:13:55.244 [http-nio-8080-exec-5] INFO  c.a.l.s.pricing.ManualPriceService - Creating manual prices for product: 8
2026-09-03 00:13:55.367 [http-nio-8080-exec-5] INFO  c.a.l.cache.PriceCacheRepository - Price cached: price:product:8:grade:1:USD
2026-09-03 00:13:55.367 [http-nio-8080-exec-5] INFO  c.a.l.s.pricing.ManualPriceService - Manual USD price cached for Product: 8 | Grade: 1 | Amount: 15
2026-09-03 00:13:55.547 [http-nio-8080-exec-9] INFO  c.a.l.c.a.AdminProductsController - GET /api/admin/products/8
2026-09-03 00:13:55.643 [http-nio-8080-exec-10] INFO  c.a.l.c.a.AdminProductPriceController - GET /api/admin/products/8/calculated-prices
2026-09-03 00:13:55.644 [http-nio-8080-exec-10] INFO  c.a.l.s.pricing.ProductPriceService - Admin fetching calculated prices for product: 8
2026-09-03 00:14:02.868 [http-nio-8080-exec-8] INFO  c.a.l.c.a.AdminPricingRuleController - GET /api/admin/pricing/rules
2026-09-03 00:14:02.892 [http-nio-8080-exec-8] INFO  c.a.l.s.pricing.PricingRuleService - Fetching pricing rules, activeOnly: false
2026-09-03 00:14:03.107 [http-nio-8080-exec-2] INFO  c.a.l.c.a.AdminPricingRuleController - GET /api/admin/pricing/rules
2026-09-03 00:14:03.108 [http-nio-8080-exec-2] INFO  c.a.l.s.pricing.PricingRuleService - Fetching pricing rules, activeOnly: false
2026-09-03 00:14:03.249 [http-nio-8080-exec-3] INFO  c.a.l.c.catalog.ProductController - GET /api/products - page: 0, filter: ProductFilterRequest(modelType=null, search=, page=0, size=12)
2026-09-03 00:14:03.250 [http-nio-8080-exec-3] INFO  c.a.l.s.c.ProductCatalogService - Fetching product catalog - page: 0, currency: USD
2026-09-03 00:14:04.480 [http-nio-8080-exec-3] INFO  c.a.l.c.ProductCatalogCacheRepository - Initial page cache hit for USD
2026-09-03 00:14:07.754 [http-nio-8080-exec-1] INFO  c.a.l.c.catalog.ProductController - GET /api/products/8/available-leathers
2026-09-03 00:14:07.756 [http-nio-8080-exec-4] INFO  c.a.l.c.catalog.ProductController - GET /api/products/8 - Product detail requested
2026-09-03 00:14:07.767 [http-nio-8080-exec-1] INFO  c.a.l.s.c.ProductCatalogService - Fetching available leathers for product: 8
2026-09-03 00:14:07.778 [http-nio-8080-exec-1] INFO  c.a.l.cache.LeatherCacheRepository - Cache hit for leathers: 8
2026-09-03 00:14:07.778 [http-nio-8080-exec-1] INFO  c.a.l.s.c.ProductCatalogService - Returning cached leathers for product: 8
2026-09-03 00:14:07.795 [http-nio-8080-exec-4] INFO  c.a.l.c.ProductCatalogCacheRepository - Product detail cache hit: product:detail:8:USD
2026-09-03 00:14:07.795 [http-nio-8080-exec-4] INFO  c.a.l.s.c.ProductCatalogService - Cache hit: Returning product 8 for USD
2026-09-03 00:14:07.796 [http-nio-8080-exec-7] INFO  c.a.l.c.catalog.ProductController - GET /api/products/8/available-leathers
2026-09-03 00:14:07.800 [http-nio-8080-exec-7] INFO  c.a.l.s.c.ProductCatalogService - Fetching available leathers for product: 8
2026-09-03 00:14:07.811 [http-nio-8080-exec-6] INFO  c.a.l.c.catalog.ProductController - GET /api/products/8 - Product detail requested
2026-09-03 00:14:07.885 [http-nio-8080-exec-7] INFO  c.a.l.cache.LeatherCacheRepository - Cache hit for leathers: 8
2026-09-03 00:14:07.886 [http-nio-8080-exec-7] INFO  c.a.l.s.c.ProductCatalogService - Returning cached leathers for product: 8
2026-09-03 00:14:07.885 [http-nio-8080-exec-6] INFO  c.a.l.c.ProductCatalogCacheRepository - Product detail cache hit: product:detail:8:USD
2026-09-03 00:14:07.886 [http-nio-8080-exec-6] INFO  c.a.l.s.c.ProductCatalogService - Cache hit: Returning product 8 for USD
2026-09-03 00:14:14.621 [http-nio-8080-exec-8] INFO  c.a.l.c.a.AdminPricingRuleController - GET /api/admin/pricing/rules
2026-09-03 00:14:14.623 [http-nio-8080-exec-10] INFO  c.a.l.c.catalog.ProductController - GET /api/products/8/available-leathers
2026-09-03 00:14:14.632 [http-nio-8080-exec-9] INFO  c.a.l.c.catalog.ProductController - GET /api/products/8 - Product detail requested
2026-09-03 00:14:14.633 [http-nio-8080-exec-10] INFO  c.a.l.s.c.ProductCatalogService - Fetching available leathers for product: 8
2026-09-03 00:14:14.634 [http-nio-8080-exec-8] INFO  c.a.l.s.pricing.PricingRuleService - Fetching pricing rules, activeOnly: false
2026-09-03 00:14:14.704 [http-nio-8080-exec-10] INFO  c.a.l.cache.LeatherCacheRepository - Cache hit for leathers: 8
2026-09-03 00:14:14.705 [http-nio-8080-exec-10] INFO  c.a.l.s.c.ProductCatalogService - Returning cached leathers for product: 8
2026-09-03 00:14:14.719 [http-nio-8080-exec-9] INFO  c.a.l.c.ProductCatalogCacheRepository - Product detail cache hit: product:detail:8:USD
2026-09-03 00:14:14.719 [http-nio-8080-exec-9] INFO  c.a.l.s.c.ProductCatalogService - Cache hit: Returning product 8 for USD
2026-09-03 00:14:14.735 [http-nio-8080-exec-2] INFO  c.a.l.c.catalog.ProductController - GET /api/products/8/available-leathers
2026-09-03 00:14:14.737 [http-nio-8080-exec-2] INFO  c.a.l.s.c.ProductCatalogService - Fetching available leathers for product: 8
2026-09-03 00:14:14.750 [http-nio-8080-exec-3] INFO  c.a.l.c.a.AdminPricingRuleController - GET /api/admin/pricing/rules
2026-09-03 00:14:14.752 [http-nio-8080-exec-1] INFO  c.a.l.c.catalog.ProductController - GET /api/products/8 - Product detail requested
2026-09-03 00:14:14.752 [http-nio-8080-exec-3] INFO  c.a.l.s.pricing.PricingRuleService - Fetching pricing rules, activeOnly: false
2026-09-03 00:14:14.757 [http-nio-8080-exec-2] INFO  c.a.l.cache.LeatherCacheRepository - Cache hit for leathers: 8
2026-09-03 00:14:14.758 [http-nio-8080-exec-2] INFO  c.a.l.s.c.ProductCatalogService - Returning cached leathers for product: 8
2026-09-03 00:14:14.768 [http-nio-8080-exec-1] INFO  c.a.l.c.ProductCatalogCacheRepository - Product detail cache hit: product:detail:8:USD
2026-09-03 00:14:14.768 [http-nio-8080-exec-1] INFO  c.a.l.s.c.ProductCatalogService - Cache hit: Returning product 8 for USD
2026-09-03 00:14:22.160 [http-nio-8080-exec-4] INFO  c.a.l.c.catalog.ProductController - GET /api/products - page: 0, filter: ProductFilterRequest(modelType=null, search=, page=0, size=12)
2026-09-03 00:14:22.192 [http-nio-8080-exec-4] INFO  c.a.l.s.c.ProductCatalogService - Fetching product catalog - page: 0, currency: USD
2026-09-03 00:14:22.274 [http-nio-8080-exec-4] INFO  c.a.l.c.ProductCatalogCacheRepository - Initial page cache hit for USD
2026-09-03 00:14:49.260 [http-nio-8080-exec-7] INFO  c.a.l.c.catalog.ProductController - GET /api/products/8/available-leathers
2026-09-03 00:14:49.260 [http-nio-8080-exec-6] INFO  c.a.l.c.catalog.ProductController - GET /api/products/8 - Product detail requested
2026-09-03 00:14:49.262 [http-nio-8080-exec-7] INFO  c.a.l.s.c.ProductCatalogService - Fetching available leathers for product: 8
2026-09-03 00:14:49.271 [http-nio-8080-exec-6] INFO  c.a.l.c.ProductCatalogCacheRepository - Product detail cache hit: product:detail:8:USD
2026-09-03 00:14:49.271 [http-nio-8080-exec-7] INFO  c.a.l.cache.LeatherCacheRepository - Cache hit for leathers: 8
2026-09-03 00:14:49.272 [http-nio-8080-exec-6] INFO  c.a.l.s.c.ProductCatalogService - Cache hit: Returning product 8 for USD
2026-09-03 00:14:49.272 [http-nio-8080-exec-7] INFO  c.a.l.s.c.ProductCatalogService - Returning cached leathers for product: 8
2026-09-03 00:14:49.283 [http-nio-8080-exec-5] INFO  c.a.l.c.catalog.ProductController - GET /api/products/8/available-leathers
2026-09-03 00:14:49.284 [http-nio-8080-exec-10] INFO  c.a.l.c.catalog.ProductController - GET /api/products/8 - Product detail requested
2026-09-03 00:14:49.284 [http-nio-8080-exec-5] INFO  c.a.l.s.c.ProductCatalogService - Fetching available leathers for product: 8
2026-09-03 00:14:49.286 [http-nio-8080-exec-10] INFO  c.a.l.c.ProductCatalogCacheRepository - Product detail cache hit: product:detail:8:USD
2026-09-03 00:14:49.286 [http-nio-8080-exec-10] INFO  c.a.l.s.c.ProductCatalogService - Cache hit: Returning product 8 for USD
2026-09-03 00:14:49.289 [http-nio-8080-exec-5] INFO  c.a.l.cache.LeatherCacheRepository - Cache hit for leathers: 8
2026-09-03 00:14:49.289 [http-nio-8080-exec-5] INFO  c.a.l.s.c.ProductCatalogService - Returning cached leathers for product: 8
2026-09-03 00:15:26.600 [http-nio-8080-exec-8] INFO  c.a.l.c.catalog.ProductController - GET /api/products/8 - Product detail requested
2026-09-03 00:15:26.600 [http-nio-8080-exec-2] INFO  c.a.l.c.a.AdminPricingRuleController - GET /api/admin/pricing/rules
2026-09-03 00:15:26.603 [http-nio-8080-exec-9] INFO  c.a.l.c.catalog.ProductController - GET /api/products/8/available-leathers
2026-09-03 00:15:26.607 [http-nio-8080-exec-2] INFO  c.a.l.s.pricing.PricingRuleService - Fetching pricing rules, activeOnly: false
2026-09-03 00:15:26.611 [http-nio-8080-exec-9] INFO  c.a.l.s.c.ProductCatalogService - Fetching available leathers for product: 8
2026-09-03 00:15:26.613 [http-nio-8080-exec-8] INFO  c.a.l.c.ProductCatalogCacheRepository - Product detail cache hit: product:detail:8:USD
2026-09-03 00:15:26.613 [http-nio-8080-exec-8] INFO  c.a.l.s.c.ProductCatalogService - Cache hit: Returning product 8 for USD
2026-09-03 00:15:26.733 [http-nio-8080-exec-9] INFO  c.a.l.cache.LeatherCacheRepository - Cache hit for leathers: 8
2026-09-03 00:15:26.733 [http-nio-8080-exec-9] INFO  c.a.l.s.c.ProductCatalogService - Returning cached leathers for product: 8
2026-09-03 00:15:26.764 [http-nio-8080-exec-1] INFO  c.a.l.c.catalog.ProductController - GET /api/products/8 - Product detail requested
2026-09-03 00:15:26.789 [http-nio-8080-exec-3] INFO  c.a.l.c.catalog.ProductController - GET /api/products/8/available-leathers
2026-09-03 00:15:26.789 [http-nio-8080-exec-3] INFO  c.a.l.s.c.ProductCatalogService - Fetching available leathers for product: 8
2026-09-03 00:15:26.801 [http-nio-8080-exec-4] INFO  c.a.l.c.a.AdminPricingRuleController - GET /api/admin/pricing/rules
2026-09-03 00:15:26.801 [http-nio-8080-exec-4] INFO  c.a.l.s.pricing.PricingRuleService - Fetching pricing rules, activeOnly: false
2026-09-03 00:15:26.808 [http-nio-8080-exec-1] INFO  c.a.l.c.ProductCatalogCacheRepository - Product detail cache hit: product:detail:8:USD
2026-09-03 00:15:26.808 [http-nio-8080-exec-1] INFO  c.a.l.s.c.ProductCatalogService - Cache hit: Returning product 8 for USD
2026-09-03 00:15:26.828 [http-nio-8080-exec-3] INFO  c.a.l.cache.LeatherCacheRepository - Cache hit for leathers: 8
2026-09-03 00:15:26.828 [http-nio-8080-exec-3] INFO  c.a.l.s.c.ProductCatalogService - Returning cached leathers for product: 8
2026-09-03 00:15:30.706 [http-nio-8080-exec-7] INFO  c.a.l.c.catalog.ProductController - GET /api/products - page: 0, filter: ProductFilterRequest(modelType=null, search=, page=0, size=12)
2026-09-03 00:15:30.793 [http-nio-8080-exec-7] INFO  c.a.l.s.c.ProductCatalogService - Fetching product catalog - page: 0, currency: USD
2026-09-03 00:15:30.817 [http-nio-8080-exec-7] INFO  c.a.l.c.ProductCatalogCacheRepository - Initial page cache hit for USD
2026-09-03 00:15:34.154 [http-nio-8080-exec-6] INFO  c.a.l.c.a.AdminPricingRuleController - GET /api/admin/pricing/rules
2026-09-03 00:15:34.198 [http-nio-8080-exec-6] INFO  c.a.l.s.pricing.PricingRuleService - Fetching pricing rules, activeOnly: false
2026-09-03 00:15:34.429 [http-nio-8080-exec-10] INFO  c.a.l.c.a.AdminPricingRuleController - GET /api/admin/pricing/rules
2026-09-03 00:15:34.527 [http-nio-8080-exec-10] INFO  c.a.l.s.pricing.PricingRuleService - Fetching pricing rules, activeOnly: false
2026-09-03 00:15:34.668 [http-nio-8080-exec-5] INFO  c.a.l.c.catalog.ProductController - GET /api/products - page: 0, filter: ProductFilterRequest(modelType=null, search=, page=0, size=12)
2026-09-03 00:15:34.668 [http-nio-8080-exec-5] INFO  c.a.l.s.c.ProductCatalogService - Fetching product catalog - page: 0, currency: USD
2026-09-03 00:15:34.687 [http-nio-8080-exec-5] INFO  c.a.l.c.ProductCatalogCacheRepository - Initial page cache hit for USD
2026-09-03 00:15:37.705 [http-nio-8080-exec-8] INFO  c.a.l.c.catalog.ProductController - GET /api/products/8 - Product detail requested
2026-09-03 00:15:37.705 [http-nio-8080-exec-9] INFO  c.a.l.c.catalog.ProductController - GET /api/products/8/available-leathers
2026-09-03 00:15:37.720 [http-nio-8080-exec-9] INFO  c.a.l.s.c.ProductCatalogService - Fetching available leathers for product: 8
2026-09-03 00:15:37.742 [http-nio-8080-exec-9] INFO  c.a.l.cache.LeatherCacheRepository - Cache hit for leathers: 8
2026-09-03 00:15:37.742 [http-nio-8080-exec-8] INFO  c.a.l.c.ProductCatalogCacheRepository - Product detail cache hit: product:detail:8:USD
2026-09-03 00:15:37.742 [http-nio-8080-exec-9] INFO  c.a.l.s.c.ProductCatalogService - Returning cached leathers for product: 8
2026-09-03 00:15:37.742 [http-nio-8080-exec-8] INFO  c.a.l.s.c.ProductCatalogService - Cache hit: Returning product 8 for USD
2026-09-03 00:15:37.802 [http-nio-8080-exec-1] INFO  c.a.l.c.catalog.ProductController - GET /api/products/8 - Product detail requested
2026-09-03 00:15:37.804 [http-nio-8080-exec-2] INFO  c.a.l.c.catalog.ProductController - GET /api/products/8/available-leathers
2026-09-03 00:15:37.829 [http-nio-8080-exec-2] INFO  c.a.l.s.c.ProductCatalogService - Fetching available leathers for product: 8
2026-09-03 00:15:37.833 [http-nio-8080-exec-1] INFO  c.a.l.c.ProductCatalogCacheRepository - Product detail cache hit: product:detail:8:USD
2026-09-03 00:15:37.833 [http-nio-8080-exec-1] INFO  c.a.l.s.c.ProductCatalogService - Cache hit: Returning product 8 for USD
2026-09-03 00:15:37.859 [http-nio-8080-exec-2] INFO  c.a.l.cache.LeatherCacheRepository - Cache hit for leathers: 8
2026-09-03 00:15:37.860 [http-nio-8080-exec-2] INFO  c.a.l.s.c.ProductCatalogService - Returning cached leathers for product: 8
2026-09-03 00:15:47.569 [http-nio-8080-exec-3] INFO  c.a.l.c.catalog.ProductController - GET /api/products - page: 0, filter: ProductFilterRequest(modelType=null, search=, page=0, size=12)
2026-09-03 00:15:47.667 [http-nio-8080-exec-3] INFO  c.a.l.s.c.ProductCatalogService - Fetching product catalog - page: 0, currency: USD
2026-09-03 00:15:47.678 [http-nio-8080-exec-3] INFO  c.a.l.c.ProductCatalogCacheRepository - Initial page cache hit for USD
2026-09-03 00:16:17.825 [http-nio-8080-exec-4] INFO  c.a.l.c.a.AdminProductsController - GET /api/admin/products - filter: ProductModelFilter(id=null, modelname=null, modelType=null, availabilityStatus=null, isActive=null, from=null, to=null), page: Page request [number: 0, size 12, sort: createdAt: DESC]
2026-09-03 00:16:17.836 [http-nio-8080-exec-4] INFO  c.a.l.s.c.AdminProductModelService - Admin fetching ALL product models (including inactive/draft) with filter: ProductModelFilter(id=null, modelname=null, modelType=null, availabilityStatus=null, isActive=null, from=null, to=null)
2026-09-03 00:16:19.048 [http-nio-8080-exec-7] INFO  c.a.l.c.a.AdminProductsController - GET /api/admin/products/13
2026-09-03 00:16:19.104 [http-nio-8080-exec-6] INFO  c.a.l.c.a.AdminProductsController - GET /api/admin/products/13
2026-09-03 00:16:19.116 [http-nio-8080-exec-10] INFO  c.a.l.c.a.AdminProductPriceController - GET /api/admin/products/13/calculated-prices
2026-09-03 00:16:19.118 [http-nio-8080-exec-10] INFO  c.a.l.s.pricing.ProductPriceService - Admin fetching calculated prices for product: 13
2026-09-03 00:16:19.153 [http-nio-8080-exec-5] INFO  c.a.l.c.a.AdminProductPriceController - GET /api/admin/products/13/calculated-prices
2026-09-03 00:16:19.153 [http-nio-8080-exec-5] INFO  c.a.l.s.pricing.ProductPriceService - Admin fetching calculated prices for product: 13
2026-09-03 00:16:32.357 [http-nio-8080-exec-1] INFO  c.a.l.c.a.AdminProductPriceManuelController - POST /api/admin/products/13/manual-prices
2026-09-03 00:16:32.362 [http-nio-8080-exec-1] INFO  c.a.l.s.pricing.ManualPriceService - Creating manual prices for product: 13
2026-09-03 00:16:32.543 [http-nio-8080-exec-1] INFO  c.a.l.cache.PriceCacheRepository - Price cached: price:product:13:grade:1:USD
2026-09-03 00:16:32.543 [http-nio-8080-exec-1] INFO  c.a.l.s.pricing.ManualPriceService - Manual USD price cached for Product: 13 | Grade: 1 | Amount: 61
2026-09-03 00:16:32.637 [http-nio-8080-exec-2] INFO  c.a.l.c.a.AdminProductsController - GET /api/admin/products/13
2026-09-03 00:16:32.688 [http-nio-8080-exec-3] INFO  c.a.l.c.a.AdminProductPriceController - GET /api/admin/products/13/calculated-prices
2026-09-03 00:16:32.689 [http-nio-8080-exec-3] INFO  c.a.l.s.pricing.ProductPriceService - Admin fetching calculated prices for product: 13
2026-09-03 00:16:40.289 [http-nio-8080-exec-4] INFO  c.a.l.c.a.AdminPricingRuleController - GET /api/admin/pricing/rules
2026-09-03 00:16:40.624 [http-nio-8080-exec-7] INFO  c.a.l.c.catalog.ProductController - GET /api/products - page: 0, filter: ProductFilterRequest(modelType=null, search=, page=0, size=12)
2026-09-03 00:16:41.951 [http-nio-8080-exec-4] INFO  c.a.l.s.pricing.PricingRuleService - Fetching pricing rules, activeOnly: false
2026-09-03 00:16:41.951 [http-nio-8080-exec-7] INFO  c.a.l.s.c.ProductCatalogService - Fetching product catalog - page: 0, currency: USD
2026-09-03 00:16:41.994 [http-nio-8080-exec-7] INFO  c.a.l.c.ProductCatalogCacheRepository - Initial page cache hit for USD
2026-09-03 00:16:42.175 [http-nio-8080-exec-6] INFO  c.a.l.c.a.AdminPricingRuleController - GET /api/admin/pricing/rules
2026-09-03 00:16:42.176 [http-nio-8080-exec-6] INFO  c.a.l.s.pricing.PricingRuleService - Fetching pricing rules, activeOnly: false
2026-09-03 00:16:44.140 [http-nio-8080-exec-5] INFO  c.a.l.c.catalog.ProductController - GET /api/products/13/available-leathers
2026-09-03 00:16:44.141 [http-nio-8080-exec-10] INFO  c.a.l.c.catalog.ProductController - GET /api/products/13 - Product detail requested
2026-09-03 00:16:44.149 [http-nio-8080-exec-5] INFO  c.a.l.s.c.ProductCatalogService - Fetching available leathers for product: 13
2026-09-03 00:16:44.157 [http-nio-8080-exec-5] INFO  c.a.l.cache.LeatherCacheRepository - Cache hit for leathers: 13
2026-09-03 00:16:44.157 [http-nio-8080-exec-10] INFO  c.a.l.c.ProductCatalogCacheRepository - Product detail cache hit: product:detail:13:USD
2026-09-03 00:16:44.157 [http-nio-8080-exec-10] INFO  c.a.l.s.c.ProductCatalogService - Cache hit: Returning product 13 for USD
2026-09-03 00:16:44.157 [http-nio-8080-exec-5] INFO  c.a.l.s.c.ProductCatalogService - Returning cached leathers for product: 13
2026-09-03 00:16:44.197 [http-nio-8080-exec-9] INFO  c.a.l.c.catalog.ProductController - GET /api/products/13/available-leathers
2026-09-03 00:16:44.203 [http-nio-8080-exec-9] INFO  c.a.l.s.c.ProductCatalogService - Fetching available leathers for product: 13
2026-09-03 00:16:44.215 [http-nio-8080-exec-9] INFO  c.a.l.cache.LeatherCacheRepository - Cache hit for leathers: 13
2026-09-03 00:16:44.216 [http-nio-8080-exec-9] INFO  c.a.l.s.c.ProductCatalogService - Returning cached leathers for product: 13
2026-09-03 00:16:44.219 [http-nio-8080-exec-8] INFO  c.a.l.c.catalog.ProductController - GET /api/products/13 - Product detail requested
2026-09-03 00:16:44.235 [http-nio-8080-exec-8] INFO  c.a.l.c.ProductCatalogCacheRepository - Product detail cache hit: product:detail:13:USD
2026-09-03 00:16:44.235 [http-nio-8080-exec-8] INFO  c.a.l.s.c.ProductCatalogService - Cache hit: Returning product 13 for USD
2026-09-03 00:17:29.734 [http-nio-8080-exec-1] INFO  c.a.l.c.a.AdminProductsController - GET /api/admin/products - filter: ProductModelFilter(id=null, modelname=null, modelType=null, availabilityStatus=null, isActive=null, from=null, to=null), page: Page request [number: 0, size 12, sort: createdAt: DESC]
2026-09-03 00:17:29.752 [http-nio-8080-exec-1] INFO  c.a.l.s.c.AdminProductModelService - Admin fetching ALL product models (including inactive/draft) with filter: ProductModelFilter(id=null, modelname=null, modelType=null, availabilityStatus=null, isActive=null, from=null, to=null)
2026-09-03 00:17:36.820 [http-nio-8080-exec-2] INFO  c.a.l.c.catalog.ProductController - GET /api/products - page: 0, filter: ProductFilterRequest(modelType=null, search=, page=0, size=12)
2026-09-03 00:17:36.872 [http-nio-8080-exec-2] INFO  c.a.l.s.c.ProductCatalogService - Fetching product catalog - page: 0, currency: USD
2026-09-03 00:17:36.960 [http-nio-8080-exec-2] INFO  c.a.l.c.ProductCatalogCacheRepository - Initial page cache hit for USD
2026-09-03 00:17:55.996 [http-nio-8080-exec-4] INFO  c.a.l.c.catalog.ProductController - GET /api/products - page: 0, filter: ProductFilterRequest(modelType=null, search=, page=0, size=12)
2026-09-03 00:17:56.024 [http-nio-8080-exec-4] INFO  c.a.l.s.c.ProductCatalogService - Fetching product catalog - page: 0, currency: USD
2026-09-03 00:17:56.031 [http-nio-8080-exec-4] INFO  c.a.l.c.ProductCatalogCacheRepository - Initial page cache hit for USD
2026-09-03 00:18:01.298 [http-nio-8080-exec-6] INFO  c.a.l.c.catalog.ProductController - GET /api/products/13 - Product detail requested
2026-09-03 00:18:01.304 [http-nio-8080-exec-5] INFO  c.a.l.c.catalog.ProductController - GET /api/products/13/available-leathers
2026-09-03 00:18:01.307 [http-nio-8080-exec-6] INFO  c.a.l.c.ProductCatalogCacheRepository - Product detail cache hit: product:detail:13:USD
2026-09-03 00:18:01.307 [http-nio-8080-exec-5] INFO  c.a.l.s.c.ProductCatalogService - Fetching available leathers for product: 13
2026-09-03 00:18:01.307 [http-nio-8080-exec-6] INFO  c.a.l.s.c.ProductCatalogService - Cache hit: Returning product 13 for USD
2026-09-03 00:18:01.311 [http-nio-8080-exec-5] INFO  c.a.l.cache.LeatherCacheRepository - Cache hit for leathers: 13
2026-09-03 00:18:01.314 [http-nio-8080-exec-5] INFO  c.a.l.s.c.ProductCatalogService - Returning cached leathers for product: 13
2026-09-03 00:18:01.323 [http-nio-8080-exec-10] INFO  c.a.l.c.catalog.ProductController - GET /api/products/13 - Product detail requested
2026-09-03 00:18:01.326 [http-nio-8080-exec-9] INFO  c.a.l.c.catalog.ProductController - GET /api/products/13/available-leathers
2026-09-03 00:18:01.326 [http-nio-8080-exec-10] INFO  c.a.l.c.ProductCatalogCacheRepository - Product detail cache hit: product:detail:13:USD
2026-09-03 00:18:01.326 [http-nio-8080-exec-10] INFO  c.a.l.s.c.ProductCatalogService - Cache hit: Returning product 13 for USD
2026-09-03 00:18:01.331 [http-nio-8080-exec-9] INFO  c.a.l.s.c.ProductCatalogService - Fetching available leathers for product: 13
2026-09-03 00:18:01.335 [http-nio-8080-exec-9] INFO  c.a.l.cache.LeatherCacheRepository - Cache hit for leathers: 13
2026-09-03 00:18:01.335 [http-nio-8080-exec-9] INFO  c.a.l.s.c.ProductCatalogService - Returning cached leathers for product: 13
2026-09-03 00:18:06.284 [http-nio-8080-exec-8] INFO  c.a.l.c.catalog.ProductController - GET /api/products - page: 0, filter: ProductFilterRequest(modelType=null, search=, page=0, size=12)
2026-09-03 00:18:06.389 [http-nio-8080-exec-8] INFO  c.a.l.s.c.ProductCatalogService - Fetching product catalog - page: 0, currency: USD
2026-09-03 00:18:06.437 [http-nio-8080-exec-8] INFO  c.a.l.c.ProductCatalogCacheRepository - Initial page cache hit for USD
2026-09-03 00:18:09.792 [http-nio-8080-exec-3] INFO  c.a.l.c.catalog.ProductController - GET /api/products/8 - Product detail requested
2026-09-03 00:18:09.823 [http-nio-8080-exec-7] INFO  c.a.l.c.catalog.ProductController - GET /api/products/8/available-leathers
2026-09-03 00:18:09.877 [http-nio-8080-exec-7] INFO  c.a.l.s.c.ProductCatalogService - Fetching available leathers for product: 8
2026-09-03 00:18:09.893 [http-nio-8080-exec-3] INFO  c.a.l.c.ProductCatalogCacheRepository - Product detail cache hit: product:detail:8:USD
2026-09-03 00:18:09.893 [http-nio-8080-exec-7] INFO  c.a.l.cache.LeatherCacheRepository - Cache hit for leathers: 8
2026-09-03 00:18:09.893 [http-nio-8080-exec-3] INFO  c.a.l.s.c.ProductCatalogService - Cache hit: Returning product 8 for USD
2026-09-03 00:18:09.893 [http-nio-8080-exec-7] INFO  c.a.l.s.c.ProductCatalogService - Returning cached leathers for product: 8
2026-09-03 00:18:09.969 [http-nio-8080-exec-4] INFO  c.a.l.c.catalog.ProductController - GET /api/products/8/available-leathers
2026-09-03 00:18:09.980 [http-nio-8080-exec-6] INFO  c.a.l.c.catalog.ProductController - GET /api/products/8 - Product detail requested
2026-09-03 00:18:09.969 [http-nio-8080-exec-4] INFO  c.a.l.s.c.ProductCatalogService - Fetching available leathers for product: 8
2026-09-03 00:18:10.079 [http-nio-8080-exec-6] INFO  c.a.l.c.ProductCatalogCacheRepository - Product detail cache hit: product:detail:8:USD
2026-09-03 00:18:10.081 [http-nio-8080-exec-6] INFO  c.a.l.s.c.ProductCatalogService - Cache hit: Returning product 8 for USD
2026-09-03 00:18:10.164 [http-nio-8080-exec-4] INFO  c.a.l.cache.LeatherCacheRepository - Cache hit for leathers: 8
2026-09-03 00:18:10.164 [http-nio-8080-exec-4] INFO  c.a.l.s.c.ProductCatalogService - Returning cached leathers for product: 8
2026-09-03 00:18:13.875 [http-nio-8080-exec-5] INFO  c.a.l.c.catalog.ProductController - GET /api/products - page: 0, filter: ProductFilterRequest(modelType=null, search=, page=0, size=12)
2026-09-03 00:18:13.977 [http-nio-8080-exec-5] INFO  c.a.l.s.c.ProductCatalogService - Fetching product catalog - page: 0, currency: USD
2026-09-03 00:18:14.282 [http-nio-8080-exec-5] INFO  c.a.l.c.ProductCatalogCacheRepository - Initial page cache hit for USD
2026-09-03 00:18:22.364 [http-nio-8080-exec-9] INFO  c.a.l.c.order.CartController - POST /api/cart/preview - 1 items, currency: USD
2026-09-03 00:18:22.369 [http-nio-8080-exec-9] INFO  c.a.l.s.Order.CartPreviewService - Cart preview requested with 1 items, currency: USD
2026-09-03 00:18:22.516 [http-nio-8080-exec-9] INFO  c.a.l.cache.PriceCacheRepository - Price cache hit: price:product:13:grade:1:USD
2026-09-03 00:18:22.517 [http-nio-8080-exec-9] WARN  c.a.l.s.Order.CartPreviewService - Price mismatch for product 13: seen=39, current=61
2026-09-03 00:18:26.170 [http-nio-8080-exec-8] INFO  c.a.l.c.catalog.ProductController - GET /api/products/13 - Product detail requested
2026-09-03 00:18:26.172 [http-nio-8080-exec-1] INFO  c.a.l.c.catalog.ProductController - GET /api/products/13/available-leathers
2026-09-03 00:18:26.176 [http-nio-8080-exec-1] INFO  c.a.l.s.c.ProductCatalogService - Fetching available leathers for product: 13
2026-09-03 00:18:26.180 [http-nio-8080-exec-8] INFO  c.a.l.c.ProductCatalogCacheRepository - Product detail cache hit: product:detail:13:USD
2026-09-03 00:18:26.180 [http-nio-8080-exec-8] INFO  c.a.l.s.c.ProductCatalogService - Cache hit: Returning product 13 for USD
2026-09-03 00:18:26.180 [http-nio-8080-exec-1] INFO  c.a.l.cache.LeatherCacheRepository - Cache hit for leathers: 13
2026-09-03 00:18:26.181 [http-nio-8080-exec-1] INFO  c.a.l.s.c.ProductCatalogService - Returning cached leathers for product: 13
2026-09-03 00:18:26.193 [http-nio-8080-exec-2] INFO  c.a.l.c.catalog.ProductController - GET /api/products/13 - Product detail requested
2026-09-03 00:18:26.198 [http-nio-8080-exec-7] INFO  c.a.l.c.catalog.ProductController - GET /api/products/13/available-leathers
2026-09-03 00:18:26.198 [http-nio-8080-exec-7] INFO  c.a.l.s.c.ProductCatalogService - Fetching available leathers for product: 13
2026-09-03 00:18:26.203 [http-nio-8080-exec-7] INFO  c.a.l.cache.LeatherCacheRepository - Cache hit for leathers: 13
2026-09-03 00:18:26.203 [http-nio-8080-exec-2] INFO  c.a.l.c.ProductCatalogCacheRepository - Product detail cache hit: product:detail:13:USD
2026-09-03 00:18:26.203 [http-nio-8080-exec-2] INFO  c.a.l.s.c.ProductCatalogService - Cache hit: Returning product 13 for USD
2026-09-03 00:18:26.203 [http-nio-8080-exec-7] INFO  c.a.l.s.c.ProductCatalogService - Returning cached leathers for product: 13
2026-09-03 00:18:31.936 [http-nio-8080-exec-3] INFO  c.a.l.c.order.CartController - POST /api/cart/preview - 1 items, currency: USD
2026-09-03 00:18:32.027 [http-nio-8080-exec-3] INFO  c.a.l.s.Order.CartPreviewService - Cart preview requested with 1 items, currency: USD
2026-09-03 00:18:32.125 [http-nio-8080-exec-3] INFO  c.a.l.cache.PriceCacheRepository - Price cache hit: price:product:13:grade:1:USD
2026-09-03 00:18:32.125 [http-nio-8080-exec-3] WARN  c.a.l.s.Order.CartPreviewService - Price mismatch for product 13: seen=39, current=61
2026-09-03 00:18:40.502 [http-nio-8080-exec-6] INFO  c.a.l.c.order.CartController - POST /api/cart/preview - 1 items, currency: USD
2026-09-03 00:18:40.518 [http-nio-8080-exec-6] INFO  c.a.l.s.Order.CartPreviewService - Cart preview requested with 1 items, currency: USD
2026-09-03 00:18:40.576 [http-nio-8080-exec-6] INFO  c.a.l.cache.PriceCacheRepository - Price cache hit: price:product:13:grade:1:USD
2026-09-03 00:18:42.058 [http-nio-8080-exec-5] INFO  c.a.l.c.order.CartController - POST /api/cart/preview - 1 items, currency: AZN
2026-09-03 00:18:42.095 [http-nio-8080-exec-9] INFO  c.a.l.c.order.CartController - POST /api/cart/preview - 1 items, currency: AZN
2026-09-03 00:18:42.105 [http-nio-8080-exec-5] INFO  c.a.l.s.Order.CartPreviewService - Cart preview requested with 1 items, currency: AZN
2026-09-03 00:18:42.106 [http-nio-8080-exec-9] INFO  c.a.l.s.Order.CartPreviewService - Cart preview requested with 1 items, currency: AZN
2026-09-03 00:18:42.223 [http-nio-8080-exec-5] INFO  c.a.l.cache.PriceCacheRepository - Price cache hit: price:product:13:grade:1:AZN
2026-09-03 00:18:42.223 [http-nio-8080-exec-5] WARN  c.a.l.s.Order.CartPreviewService - Price mismatch for product 13: seen=61, current=150.00
2026-09-03 00:18:42.224 [http-nio-8080-exec-9] INFO  c.a.l.cache.PriceCacheRepository - Price cache hit: price:product:13:grade:1:AZN
2026-09-03 00:18:42.224 [http-nio-8080-exec-9] WARN  c.a.l.s.Order.CartPreviewService - Price mismatch for product 13: seen=61, current=150.00
2026-09-03 00:21:06.992 [http-nio-8080-exec-8] INFO  c.a.l.c.catalog.ProductController - GET /api/products - page: 0, filter: ProductFilterRequest(modelType=null, search=, page=0, size=12)
2026-09-03 00:21:07.137 [http-nio-8080-exec-8] INFO  c.a.l.s.c.ProductCatalogService - Fetching product catalog - page: 0, currency: USD
2026-09-03 00:21:07.207 [http-nio-8080-exec-8] INFO  c.a.l.c.ProductCatalogCacheRepository - Initial page cache hit for USD
2026-09-03 00:21:33.579 [http-nio-8080-exec-6] INFO  c.a.l.c.a.AdminPricingRuleController - GET /api/admin/pricing/rules
2026-09-03 00:21:33.593 [http-nio-8080-exec-6] INFO  c.a.l.s.pricing.PricingRuleService - Fetching pricing rules, activeOnly: false
2026-09-03 00:21:33.711 [http-nio-8080-exec-3] INFO  c.a.l.c.order.CartController - POST /api/cart/preview - 1 items, currency: AZN
2026-09-03 00:21:33.712 [http-nio-8080-exec-3] INFO  c.a.l.s.Order.CartPreviewService - Cart preview requested with 1 items, currency: AZN
2026-09-03 00:21:33.717 [http-nio-8080-exec-2] INFO  c.a.l.c.order.CartController - POST /api/cart/preview - 1 items, currency: AZN
2026-09-03 00:21:33.758 [http-nio-8080-exec-2] INFO  c.a.l.s.Order.CartPreviewService - Cart preview requested with 1 items, currency: AZN
2026-09-03 00:21:34.215 [http-nio-8080-exec-2] INFO  c.a.l.cache.PriceCacheRepository - Price cache hit: price:product:13:grade:1:AZN
2026-09-03 00:21:34.215 [http-nio-8080-exec-2] WARN  c.a.l.s.Order.CartPreviewService - Price mismatch for product 13: seen=61, current=150.00
2026-09-03 00:21:34.256 [http-nio-8080-exec-3] INFO  c.a.l.cache.PriceCacheRepository - Price cache hit: price:product:13:grade:1:AZN
2026-09-03 00:21:34.256 [http-nio-8080-exec-3] WARN  c.a.l.s.Order.CartPreviewService - Price mismatch for product 13: seen=61, current=150.00
2026-09-03 00:21:59.702 [http-nio-8080-exec-7] INFO  c.a.l.c.a.AdminPricingRuleController - GET /api/admin/pricing/rules
2026-09-03 00:21:59.807 [http-nio-8080-exec-7] INFO  c.a.l.s.pricing.PricingRuleService - Fetching pricing rules, activeOnly: false
2026-09-03 00:24:29.792 [http-nio-8080-exec-5] INFO  c.a.l.c.catalog.ProductController - GET /api/products - page: 0, filter: ProductFilterRequest(modelType=null, search=, page=0, size=12)
2026-09-03 00:24:30.170 [http-nio-8080-exec-5] INFO  c.a.l.s.c.ProductCatalogService - Fetching product catalog - page: 0, currency: USD
2026-09-03 00:24:30.746 [http-nio-8080-exec-5] INFO  c.a.l.c.ProductCatalogCacheRepository - Initial page cache hit for USD
2026-09-03 00:24:33.101 [http-nio-8080-exec-7] INFO  c.a.l.c.order.OrderController - GET /api/orders/me - User: 13, page: 0
2026-09-03 00:24:33.407 [http-nio-8080-exec-6] INFO  c.a.l.c.order.OrderController - GET /api/orders/me - User: 13, page: 0
2026-09-03 00:24:43.507 [http-nio-8080-exec-4] INFO  c.a.l.c.order.CartController - POST /api/cart/preview - 1 items, currency: USD
2026-09-03 00:24:43.532 [http-nio-8080-exec-4] INFO  c.a.l.s.Order.CartPreviewService - Cart preview requested with 1 items, currency: USD
2026-09-03 00:24:43.701 [http-nio-8080-exec-4] INFO  c.a.l.cache.PriceCacheRepository - Price cache hit: price:product:13:grade:1:USD
2026-09-03 00:24:43.702 [http-nio-8080-exec-4] WARN  c.a.l.s.Order.CartPreviewService - Price mismatch for product 13: seen=39, current=61
2026-09-03 00:24:44.934 [http-nio-8080-exec-10] INFO  c.a.l.c.order.CartController - POST /api/cart/preview - 1 items, currency: AZN
2026-09-03 00:24:44.944 [http-nio-8080-exec-3] INFO  c.a.l.c.order.CartController - POST /api/cart/preview - 1 items, currency: AZN
2026-09-03 00:24:44.984 [http-nio-8080-exec-3] INFO  c.a.l.s.Order.CartPreviewService - Cart preview requested with 1 items, currency: AZN
2026-09-03 00:24:44.984 [http-nio-8080-exec-10] INFO  c.a.l.s.Order.CartPreviewService - Cart preview requested with 1 items, currency: AZN
2026-09-03 00:24:45.695 [http-nio-8080-exec-10] INFO  c.a.l.cache.PriceCacheRepository - Price cache hit: price:product:13:grade:1:AZN
2026-09-03 00:24:45.696 [http-nio-8080-exec-10] WARN  c.a.l.s.Order.CartPreviewService - Price mismatch for product 13: seen=61, current=150.00
2026-09-03 00:24:45.719 [http-nio-8080-exec-3] INFO  c.a.l.cache.PriceCacheRepository - Price cache hit: price:product:13:grade:1:AZN
2026-09-03 00:24:45.719 [http-nio-8080-exec-3] WARN  c.a.l.s.Order.CartPreviewService - Price mismatch for product 13: seen=61, current=150.00
2026-09-03 00:25:01.044 [http-nio-8080-exec-5] INFO  c.a.l.c.order.CartController - POST /api/cart/preview - 1 items, currency: USD
2026-09-03 00:25:01.153 [http-nio-8080-exec-5] INFO  c.a.l.s.Order.CartPreviewService - Cart preview requested with 1 items, currency: USD
2026-09-03 00:25:01.388 [http-nio-8080-exec-5] INFO  c.a.l.cache.PriceCacheRepository - Price cache hit: price:product:13:grade:1:USD
2026-09-03 00:26:03.669 [http-nio-8080-exec-4] INFO  c.a.l.c.order.OrderController - POST /api/orders - User: 13, Items: 1
2026-09-03 00:26:03.672 [http-nio-8080-exec-4] INFO  c.a.l.service.Order.OrderService - Creating order for user: 13, items: 1, currency: USD
2026-09-03 00:26:03.949 [http-nio-8080-exec-4] INFO  c.a.l.cache.PriceCacheRepository - Price cache hit: price:product:13:grade:1:USD
2026-09-03 00:26:04.251 [http-nio-8080-exec-4] INFO  c.a.l.service.Order.OrderService - Order created: ORD-20260903-0020 for user: 13, total: 61.0000
2026-09-03 00:26:04.635 [http-nio-8080-exec-3] INFO  c.a.l.controller.PaymentController - POST /api/payments/checkout/7 - User: 13
2026-09-03 00:26:04.659 [http-nio-8080-exec-9] INFO  c.a.l.c.order.OrderController - GET /api/orders/7 - User: 13
2026-09-03 00:26:04.711 [http-nio-8080-exec-8] INFO  c.a.l.c.order.OrderController - GET /api/orders/7 - User: 13
2026-09-03 00:26:05.962 [http-nio-8080-exec-3] INFO  c.a.l.s.p.PaymentServiceImpl - PayRiff checkout created: orderId=7, providerOrderId=2ffbe8cc-b07d-46de-8452-77802379513d
2026-09-03 00:30:53.830 [http-nio-8080-exec-4] INFO  c.a.l.c.order.OrderController - GET /api/orders/7 - User: 13
2026-09-03 00:30:54.254 [http-nio-8080-exec-4] INFO  c.a.l.c.order.OrderController - GET /api/orders/7 - User: 13
2026-09-03 00:31:13.896 [http-nio-8080-exec-2] INFO  c.a.l.controller.PaymentController - POST /api/payments/checkout/7 - User: 13
2026-09-03 00:31:14.781 [http-nio-8080-exec-2] INFO  c.a.l.s.p.PaymentServiceImpl - PayRiff checkout created: orderId=7, providerOrderId=4e5481b4-cfaa-415d-b8c4-6ece7c1cfd6a
2026-09-03 00:39:54.839 [org.springframework.amqp.rabbit.RabbitListenerEndpointContainer#0-2] INFO  o.s.a.r.l.SimpleMessageListenerContainer - Waiting for workers to finish.
2026-09-03 00:39:55.460 [org.springframework.amqp.rabbit.RabbitListenerEndpointContainer#0-2] INFO  o.s.a.r.l.SimpleMessageListenerContainer - Successfully waited for workers to finish.
2026-09-03 00:39:55.995 [SpringApplicationShutdownHook] INFO  o.s.b.w.e.tomcat.GracefulShutdown - Commencing graceful shutdown. Waiting for active requests to complete
2026-09-03 00:39:56.252 [tomcat-shutdown] INFO  o.s.b.w.e.tomcat.GracefulShutdown - Graceful shutdown complete
2026-09-03 00:39:58.095 [SpringApplicationShutdownHook] INFO  o.s.o.j.LocalContainerEntityManagerFactoryBean - Closing JPA EntityManagerFactory for persistence unit 'default'
2026-09-03 00:39:58.263 [SpringApplicationShutdownHook] INFO  com.zaxxer.hikari.HikariDataSource - HikariPool-1 - Shutdown initiated...
2026-09-03 00:39:58.311 [SpringApplicationShutdownHook] INFO  com.zaxxer.hikari.HikariDataSource - HikariPool-1 - Shutdown completed.
2026-09-03 00:41:13.912 [background-preinit] INFO  o.h.validator.internal.util.Version - HV000001: Hibernate Validator 8.0.3.Final
2026-09-03 00:41:14.016 [main] INFO  c.a.leather.AiatelyeApplication - Starting AiatelyeApplication using Java 21.0.8 with PID 16784 (D:\My_project_Spring\Aiatelye\Aiatelye\build\classes\java\main started by elcin in D:\My_project_Spring\Aiatelye\Aiatelye)
2026-09-03 00:41:14.017 [main] INFO  c.a.leather.AiatelyeApplication - No active profile set, falling back to 1 default profile: "default"
2026-09-03 00:41:20.458 [main] INFO  o.s.d.r.c.RepositoryConfigurationDelegate - Multiple Spring Data modules found, entering strict repository configuration mode
2026-09-03 00:41:20.463 [main] INFO  o.s.d.r.c.RepositoryConfigurationDelegate - Bootstrapping Spring Data JPA repositories in DEFAULT mode.
2026-09-03 00:41:21.545 [main] INFO  o.s.d.r.c.RepositoryConfigurationDelegate - Finished Spring Data repository scanning in 1055 ms. Found 16 JPA repository interfaces.
2026-09-03 00:41:21.615 [main] INFO  o.s.d.r.c.RepositoryConfigurationDelegate - Multiple Spring Data modules found, entering strict repository configuration mode
2026-09-03 00:41:21.623 [main] INFO  o.s.d.r.c.RepositoryConfigurationDelegate - Bootstrapping Spring Data Redis repositories in DEFAULT mode.
2026-09-03 00:41:21.722 [main] INFO  o.s.d.r.c.RepositoryConfigurationExtensionSupport - Spring Data Redis - Could not safely identify store assignment for repository candidate interface com.aiatelye.leather.repository.CustomDesignRepository; If you want this repository to be a Redis repository, consider annotating your entities with one of these annotations: org.springframework.data.redis.core.RedisHash (preferred), or consider extending one of the following types with your repository: org.springframework.data.keyvalue.repository.KeyValueRepository
2026-09-03 00:41:21.723 [main] INFO  o.s.d.r.c.RepositoryConfigurationExtensionSupport - Spring Data Redis - Could not safely identify store assignment for repository candidate interface com.aiatelye.leather.repository.DeliveryCountryConfigRepository; If you want this repository to be a Redis repository, consider annotating your entities with one of these annotations: org.springframework.data.redis.core.RedisHash (preferred), or consider extending one of the following types with your repository: org.springframework.data.keyvalue.repository.KeyValueRepository
2026-09-03 00:41:21.725 [main] INFO  o.s.d.r.c.RepositoryConfigurationExtensionSupport - Spring Data Redis - Could not safely identify store assignment for repository candidate interface com.aiatelye.leather.repository.LeatherGradeRepository; If you want this repository to be a Redis repository, consider annotating your entities with one of these annotations: org.springframework.data.redis.core.RedisHash (preferred), or consider extending one of the following types with your repository: org.springframework.data.keyvalue.repository.KeyValueRepository
2026-09-03 00:41:21.725 [main] INFO  o.s.d.r.c.RepositoryConfigurationExtensionSupport - Spring Data Redis - Could not safely identify store assignment for repository candidate interface com.aiatelye.leather.repository.LeatherRepository; If you want this repository to be a Redis repository, consider annotating your entities with one of these annotations: org.springframework.data.redis.core.RedisHash (preferred), or consider extending one of the following types with your repository: org.springframework.data.keyvalue.repository.KeyValueRepository
2026-09-03 00:41:21.727 [main] INFO  o.s.d.r.c.RepositoryConfigurationExtensionSupport - Spring Data Redis - Could not safely identify store assignment for repository candidate interface com.aiatelye.leather.repository.OrderItemRepository; If you want this repository to be a Redis repository, consider annotating your entities with one of these annotations: org.springframework.data.redis.core.RedisHash (preferred), or consider extending one of the following types with your repository: org.springframework.data.keyvalue.repository.KeyValueRepository
2026-09-03 00:41:21.728 [main] INFO  o.s.d.r.c.RepositoryConfigurationExtensionSupport - Spring Data Redis - Could not safely identify store assignment for repository candidate interface com.aiatelye.leather.repository.OrderRepository; If you want this repository to be a Redis repository, consider annotating your entities with one of these annotations: org.springframework.data.redis.core.RedisHash (preferred), or consider extending one of the following types with your repository: org.springframework.data.keyvalue.repository.KeyValueRepository
2026-09-03 00:41:21.728 [main] INFO  o.s.d.r.c.RepositoryConfigurationExtensionSupport - Spring Data Redis - Could not safely identify store assignment for repository candidate interface com.aiatelye.leather.repository.PasswordResetTokenRepository; If you want this repository to be a Redis repository, consider annotating your entities with one of these annotations: org.springframework.data.redis.core.RedisHash (preferred), or consider extending one of the following types with your repository: org.springframework.data.keyvalue.repository.KeyValueRepository
2026-09-03 00:41:21.729 [main] INFO  o.s.d.r.c.RepositoryConfigurationExtensionSupport - Spring Data Redis - Could not safely identify store assignment for repository candidate interface com.aiatelye.leather.repository.PaymentRepository; If you want this repository to be a Redis repository, consider annotating your entities with one of these annotations: org.springframework.data.redis.core.RedisHash (preferred), or consider extending one of the following types with your repository: org.springframework.data.keyvalue.repository.KeyValueRepository
2026-09-03 00:41:21.731 [main] INFO  o.s.d.r.c.RepositoryConfigurationExtensionSupport - Spring Data Redis - Could not safely identify store assignment for repository candidate interface com.aiatelye.leather.repository.PricingRuleRepository; If you want this repository to be a Redis repository, consider annotating your entities with one of these annotations: org.springframework.data.redis.core.RedisHash (preferred), or consider extending one of the following types with your repository: org.springframework.data.keyvalue.repository.KeyValueRepository
2026-09-03 00:41:21.731 [main] INFO  o.s.d.r.c.RepositoryConfigurationExtensionSupport - Spring Data Redis - Could not safely identify store assignment for repository candidate interface com.aiatelye.leather.repository.ProductGradePriceRepository; If you want this repository to be a Redis repository, consider annotating your entities with one of these annotations: org.springframework.data.redis.core.RedisHash (preferred), or consider extending one of the following types with your repository: org.springframework.data.keyvalue.repository.KeyValueRepository
2026-09-03 00:41:21.733 [main] INFO  o.s.d.r.c.RepositoryConfigurationExtensionSupport - Spring Data Redis - Could not safely identify store assignment for repository candidate interface com.aiatelye.leather.repository.ProductImageRepository; If you want this repository to be a Redis repository, consider annotating your entities with one of these annotations: org.springframework.data.redis.core.RedisHash (preferred), or consider extending one of the following types with your repository: org.springframework.data.keyvalue.repository.KeyValueRepository
2026-09-03 00:41:21.734 [main] INFO  o.s.d.r.c.RepositoryConfigurationExtensionSupport - Spring Data Redis - Could not safely identify store assignment for repository candidate interface com.aiatelye.leather.repository.ProductModelRepository; If you want this repository to be a Redis repository, consider annotating your entities with one of these annotations: org.springframework.data.redis.core.RedisHash (preferred), or consider extending one of the following types with your repository: org.springframework.data.keyvalue.repository.KeyValueRepository
2026-09-03 00:41:21.735 [main] INFO  o.s.d.r.c.RepositoryConfigurationExtensionSupport - Spring Data Redis - Could not safely identify store assignment for repository candidate interface com.aiatelye.leather.repository.ShippingLocationRepository; If you want this repository to be a Redis repository, consider annotating your entities with one of these annotations: org.springframework.data.redis.core.RedisHash (preferred), or consider extending one of the following types with your repository: org.springframework.data.keyvalue.repository.KeyValueRepository
2026-09-03 00:41:21.736 [main] INFO  o.s.d.r.c.RepositoryConfigurationExtensionSupport - Spring Data Redis - Could not safely identify store assignment for repository candidate interface com.aiatelye.leather.repository.UserLimitRepository; If you want this repository to be a Redis repository, consider annotating your entities with one of these annotations: org.springframework.data.redis.core.RedisHash (preferred), or consider extending one of the following types with your repository: org.springframework.data.keyvalue.repository.KeyValueRepository
2026-09-03 00:41:21.736 [main] INFO  o.s.d.r.c.RepositoryConfigurationExtensionSupport - Spring Data Redis - Could not safely identify store assignment for repository candidate interface com.aiatelye.leather.repository.UserRepository; If you want this repository to be a Redis repository, consider annotating your entities with one of these annotations: org.springframework.data.redis.core.RedisHash (preferred), or consider extending one of the following types with your repository: org.springframework.data.keyvalue.repository.KeyValueRepository
2026-09-03 00:41:21.737 [main] INFO  o.s.d.r.c.RepositoryConfigurationExtensionSupport - Spring Data Redis - Could not safely identify store assignment for repository candidate interface com.aiatelye.leather.Securty.repository.AuthUserRepository; If you want this repository to be a Redis repository, consider annotating your entities with one of these annotations: org.springframework.data.redis.core.RedisHash (preferred), or consider extending one of the following types with your repository: org.springframework.data.keyvalue.repository.KeyValueRepository
2026-09-03 00:41:21.737 [main] INFO  o.s.d.r.c.RepositoryConfigurationDelegate - Finished Spring Data repository scanning in 85 ms. Found 0 Redis repository interfaces.
2026-09-03 00:41:22.758 [main] INFO  o.s.cloud.context.scope.GenericScope - BeanFactory id=35dc3c04-cf60-3a22-a864-4e0a2a33e972
2026-09-03 00:41:24.159 [main] INFO  o.s.b.w.e.tomcat.TomcatWebServer - Tomcat initialized with port 8080 (http)
2026-09-03 00:41:24.187 [main] INFO  o.a.coyote.http11.Http11NioProtocol - Initializing ProtocolHandler ["http-nio-8080"]
2026-09-03 00:41:24.192 [main] INFO  o.a.catalina.core.StandardService - Starting service [Tomcat]
2026-09-03 00:41:24.192 [main] INFO  o.a.catalina.core.StandardEngine - Starting Servlet engine: [Apache Tomcat/10.1.50]
2026-09-03 00:41:24.411 [main] INFO  o.a.c.c.C.[Tomcat].[localhost].[/] - Initializing Spring embedded WebApplicationContext
2026-09-03 00:41:24.412 [main] INFO  o.s.b.w.s.c.ServletWebServerApplicationContext - Root WebApplicationContext: initialization completed in 10246 ms
2026-09-03 00:41:24.935 [main] INFO  o.h.jpa.internal.util.LogHelper - HHH000204: Processing PersistenceUnitInfo [name: default]
2026-09-03 00:41:25.088 [main] INFO  org.hibernate.Version - HHH000412: Hibernate ORM core version 6.6.41.Final
2026-09-03 00:41:25.210 [main] INFO  o.h.c.i.RegionFactoryInitiator - HHH000026: Second-level cache disabled
2026-09-03 00:41:26.458 [main] INFO  o.s.o.j.p.SpringPersistenceUnitInfo - No LoadTimeWeaver setup: ignoring JPA class transformer
2026-09-03 00:41:26.534 [main] INFO  com.zaxxer.hikari.HikariDataSource - HikariPool-1 - Starting...
2026-09-03 00:41:26.956 [main] INFO  com.zaxxer.hikari.pool.HikariPool - HikariPool-1 - Added connection org.postgresql.jdbc.PgConnection@7cc3a7f7
2026-09-03 00:41:26.960 [main] INFO  com.zaxxer.hikari.HikariDataSource - HikariPool-1 - Start completed.
2026-09-03 00:41:27.357 [main] INFO  o.hibernate.orm.connections.pooling - HHH10001005: Database info:
	Database JDBC URL [Connecting through datasource 'HikariDataSource (HikariPool-1)']
	Database driver: undefined/unknown
	Database version: 15.17
	Autocommit mode: undefined/unknown
	Isolation level: undefined/unknown
	Minimum pool size: undefined/unknown
	Maximum pool size: undefined/unknown
2026-09-03 00:41:31.423 [main] INFO  o.h.e.t.j.p.i.JtaPlatformInitiator - HHH000489: No JTA platform available (set 'hibernate.transaction.jta.platform' to enable JTA platform integration)
2026-09-03 00:41:32.074 [main] WARN  o.h.e.jdbc.spi.SqlExceptionHelper - SQL Warning Code: 0, SQLState: 00000
2026-09-03 00:41:32.074 [main] WARN  o.h.e.jdbc.spi.SqlExceptionHelper - constraint "uk781pmjx7kf279uopjhmbwnqhl" of relation "favorites" does not exist, skipping
2026-09-03 00:41:32.846 [main] INFO  o.s.o.j.LocalContainerEntityManagerFactoryBean - Initialized JPA EntityManagerFactory for persistence unit 'default'
2026-09-03 00:41:33.736 [main] INFO  o.hibernate.query.sqm.tree.SqmNode - ========== PAYRIFF CONFIG YOXLANIŞI ==========
2026-09-03 00:41:33.736 [main] INFO  o.hibernate.query.sqm.tree.SqmNode - Base URL: {}https://api.payriff.com/api/v3
2026-09-03 00:41:33.737 [main] INFO  o.hibernate.query.sqm.tree.SqmNode - Merchant ID: {}ES1097832
2026-09-03 00:41:33.737 [main] INFO  o.hibernate.query.sqm.tree.SqmNode - Callback URL: {} https://furless-birgit-journalary.ngrok-free.dev/api/internal/payriff-callback
2026-09-03 00:41:33.737 [main] INFO  o.hibernate.query.sqm.tree.SqmNode - Secret Key Mövcuddur?: {}true
2026-09-03 00:41:33.737 [main] INFO  o.hibernate.query.sqm.tree.SqmNode - Secret Key (İlkin 6 simvol): {}******3D6627
2026-09-03 00:41:33.737 [main] INFO  o.hibernate.query.sqm.tree.SqmNode - ===============================================
2026-09-03 00:41:34.642 [main] INFO  c.a.l.componet.OrderNumberGenerator - Database sequence 'order_number_seq' checked/created successfully.
2026-09-03 00:41:35.231 [main] INFO  o.s.d.j.r.query.QueryEnhancerFactory - Hibernate is in classpath; If applicable, HQL parser will be used.
2026-09-03 00:41:38.658 [main] INFO  o.s.s.c.a.a.c.InitializeAuthenticationProviderBeanManagerConfigurer$InitializeAuthenticationProviderManagerConfigurer - Global AuthenticationManager configured with AuthenticationProvider bean with name daoAuthenticationProvider
2026-09-03 00:41:38.659 [main] WARN  o.s.s.c.a.a.c.InitializeUserDetailsBeanManagerConfigurer$InitializeUserDetailsManagerConfigurer - Global AuthenticationManager configured with an AuthenticationProvider bean. UserDetailsService beans will not be used by Spring Security for automatically configuring username/password login. Consider removing the AuthenticationProvider bean. Alternatively, consider using the UserDetailsService in a manually instantiated DaoAuthenticationProvider. If the current configuration is intentional, to turn off this warning, increase the logging level of 'org.springframework.security.config.annotation.authentication.configuration.InitializeUserDetailsBeanManagerConfigurer' to ERROR
2026-09-03 00:41:40.019 [main] INFO  o.a.coyote.http11.Http11NioProtocol - Starting ProtocolHandler ["http-nio-8080"]
2026-09-03 00:41:40.044 [main] INFO  o.s.b.w.e.tomcat.TomcatWebServer - Tomcat started on port 8080 (http) with context path '/'
2026-09-03 00:41:40.061 [main] INFO  o.s.a.r.c.CachingConnectionFactory - Attempting to connect to: [localhost:5672]
2026-09-03 00:41:40.400 [main] INFO  o.s.a.r.c.CachingConnectionFactory - Created new connection: rabbitConnectionFactory#5b91c33f:0/SimpleConnection@2c6062bd [delegate=amqp://admin@127.0.0.1:5672/, localPort=56113]
2026-09-03 00:41:40.679 [main] INFO  c.a.leather.AiatelyeApplication - Started AiatelyeApplication in 31.8 seconds (process running for 36.471)
2026-09-03 00:41:40.689 [main] INFO  c.a.l.componet.CountryConfigSeeder - Ölkələrin bazada olub-olmaması yoxlanılır...
2026-09-03 00:41:43.927 [main] INFO  c.a.l.componet.CountryConfigSeeder - Bütün çatdırılma ölkələri artıq bazada mövcuddur. Əlavə işləməyə ehtiyac yoxdur.
2026-09-03 00:42:05.633 [http-nio-8080-exec-1] INFO  o.a.c.c.C.[Tomcat].[localhost].[/] - Initializing Spring DispatcherServlet 'dispatcherServlet'
2026-09-03 00:42:05.634 [http-nio-8080-exec-1] INFO  o.s.web.servlet.DispatcherServlet - Initializing Servlet 'dispatcherServlet'
2026-09-03 00:42:05.644 [http-nio-8080-exec-1] INFO  o.s.web.servlet.DispatcherServlet - Completed initialization in 9 ms
2026-09-03 00:42:07.709 [http-nio-8080-exec-2] INFO  c.a.l.c.catalog.ProductController - GET /api/products - page: 0, filter: ProductFilterRequest(modelType=null, search=, page=0, size=12)
2026-09-03 00:42:07.911 [http-nio-8080-exec-2] INFO  c.a.l.s.c.ProductCatalogService - Fetching product catalog - page: 0, currency: USD
2026-09-03 00:42:08.368 [http-nio-8080-exec-3] INFO  c.a.l.c.order.CartController - POST /api/cart/preview - 1 items, currency: USD
2026-09-03 00:42:08.588 [http-nio-8080-exec-3] INFO  c.a.l.s.Order.CartPreviewService - Cart preview requested with 1 items, currency: USD
2026-09-03 00:42:09.984 [http-nio-8080-exec-3] INFO  c.a.l.cache.PriceCacheRepository - Price cache hit: price:product:13:grade:1:USD
2026-09-03 00:42:10.602 [http-nio-8080-exec-2] INFO  c.a.l.cache.PriceCacheRepository - Price cache hit: price:product:13:grade:1:USD
2026-09-03 00:42:11.096 [http-nio-8080-exec-2] INFO  c.a.l.cache.PriceCacheRepository - Price cached: price:product:8:grade:3:AZN
2026-09-03 00:42:11.324 [http-nio-8080-exec-2] INFO  c.a.l.cache.PriceCacheRepository - Price cached: price:product:5:grade:2:AZN
2026-09-03 00:42:11.511 [http-nio-8080-exec-2] INFO  c.a.l.cache.PriceCacheRepository - Price cached: price:product:1:grade:1:AZN
2026-09-03 00:42:11.590 [http-nio-8080-exec-2] INFO  c.a.l.c.ProductCatalogCacheRepository - Initial page cached for USD: 6 products
2026-09-03 00:42:12.555 [http-nio-8080-exec-4] INFO  c.a.l.c.order.CartController - POST /api/cart/preview - 1 items, currency: AZN
2026-09-03 00:42:12.557 [http-nio-8080-exec-5] INFO  c.a.l.c.order.CartController - POST /api/cart/preview - 1 items, currency: AZN
2026-09-03 00:42:12.566 [http-nio-8080-exec-5] INFO  c.a.l.s.Order.CartPreviewService - Cart preview requested with 1 items, currency: AZN
2026-09-03 00:42:12.572 [http-nio-8080-exec-4] INFO  c.a.l.s.Order.CartPreviewService - Cart preview requested with 1 items, currency: AZN
2026-09-03 00:42:12.704 [http-nio-8080-exec-5] INFO  c.a.l.cache.PriceCacheRepository - Price cache hit: price:product:13:grade:1:AZN
2026-09-03 00:42:12.704 [http-nio-8080-exec-5] WARN  c.a.l.s.Order.CartPreviewService - Price mismatch for product 13: seen=61, current=150.00
2026-09-03 00:42:12.820 [http-nio-8080-exec-4] INFO  c.a.l.cache.PriceCacheRepository - Price cache hit: price:product:13:grade:1:AZN
2026-09-03 00:42:12.821 [http-nio-8080-exec-4] WARN  c.a.l.s.Order.CartPreviewService - Price mismatch for product 13: seen=61, current=150.00
2026-09-03 00:42:23.263 [http-nio-8080-exec-8] INFO  c.a.l.c.order.CartController - POST /api/cart/preview - 1 items, currency: USD
2026-09-03 00:42:23.277 [http-nio-8080-exec-8] INFO  c.a.l.s.Order.CartPreviewService - Cart preview requested with 1 items, currency: USD
2026-09-03 00:42:23.315 [http-nio-8080-exec-8] INFO  c.a.l.cache.PriceCacheRepository - Price cache hit: price:product:13:grade:1:USD
2026-09-03 00:42:26.530 [http-nio-8080-exec-9] INFO  c.a.l.c.catalog.ProductController - GET /api/products - page: 0, filter: ProductFilterRequest(modelType=null, search=, page=0, size=12)
2026-09-03 00:42:26.541 [http-nio-8080-exec-9] INFO  c.a.l.s.c.ProductCatalogService - Fetching product catalog - page: 0, currency: USD
2026-09-03 00:42:26.593 [http-nio-8080-exec-9] INFO  c.a.l.c.ProductCatalogCacheRepository - Initial page cache hit for USD
2026-09-03 00:42:29.961 [http-nio-8080-exec-10] INFO  c.a.l.c.order.OrderController - GET /api/orders/me - User: 13, page: 0
2026-09-03 00:42:30.068 [http-nio-8080-exec-1] INFO  c.a.l.c.order.OrderController - GET /api/orders/me - User: 13, page: 0
2026-09-03 00:42:34.475 [http-nio-8080-exec-3] INFO  c.a.l.c.order.OrderController - GET /api/orders/7 - User: 13
2026-09-03 00:42:34.680 [http-nio-8080-exec-2] INFO  c.a.l.c.order.OrderController - GET /api/orders/7 - User: 13
2026-09-03 00:42:55.420 [http-nio-8080-exec-6] INFO  c.a.l.c.order.OrderController - GET /api/orders/me - User: 13, page: 0
2026-09-03 00:42:55.478 [http-nio-8080-exec-7] INFO  c.a.l.c.order.OrderController - GET /api/orders/me - User: 13, page: 0
2026-09-03 00:43:09.173 [http-nio-8080-exec-8] INFO  c.a.l.c.order.OrderController - GET /api/orders/7 - User: 13
2026-09-03 00:43:09.551 [http-nio-8080-exec-9] INFO  c.a.l.c.order.OrderController - GET /api/orders/7 - User: 13
2026-09-03 00:43:23.008 [http-nio-8080-exec-1] INFO  c.a.l.c.order.OrderController - GET /api/orders/me - User: 13, page: 0
2026-09-03 00:43:23.046 [http-nio-8080-exec-3] INFO  c.a.l.c.order.OrderController - GET /api/orders/me - User: 13, page: 0
2026-09-03 00:43:24.659 [http-nio-8080-exec-4] INFO  c.a.l.c.order.OrderController - GET /api/orders/5 - User: 13
2026-09-03 00:43:24.700 [http-nio-8080-exec-6] INFO  c.a.l.c.order.OrderController - GET /api/orders/5 - User: 13
2026-09-03 00:43:32.827 [http-nio-8080-exec-7] INFO  c.a.l.c.order.OrderController - GET /api/orders/me - User: 13, page: 0
2026-09-03 00:43:32.915 [http-nio-8080-exec-8] INFO  c.a.l.c.order.OrderController - GET /api/orders/me - User: 13, page: 0
2026-09-03 00:43:34.855 [http-nio-8080-exec-9] INFO  c.a.l.c.order.OrderController - GET /api/orders/7 - User: 13
2026-09-03 00:43:34.883 [http-nio-8080-exec-10] INFO  c.a.l.c.order.OrderController - GET /api/orders/7 - User: 13
2026-09-03 00:44:34.503 [http-nio-8080-exec-3] INFO  c.a.l.c.order.OrderController - GET /api/orders/me - User: 13, page: 0
2026-09-03 00:44:34.656 [http-nio-8080-exec-2] INFO  c.a.l.c.order.OrderController - GET /api/orders/me - User: 13, page: 0
2026-09-03 00:44:40.506 [http-nio-8080-exec-5] INFO  c.a.l.c.order.CartController - POST /api/cart/preview - 1 items, currency: USD
2026-09-03 00:44:40.531 [http-nio-8080-exec-5] INFO  c.a.l.s.Order.CartPreviewService - Cart preview requested with 1 items, currency: USD
2026-09-03 00:44:40.609 [http-nio-8080-exec-5] INFO  c.a.l.cache.PriceCacheRepository - Price cache hit: price:product:13:grade:1:USD
2026-09-03 00:44:41.983 [http-nio-8080-exec-6] INFO  c.a.l.c.order.CartController - POST /api/cart/preview - 1 items, currency: AZN
2026-09-03 00:44:41.996 [http-nio-8080-exec-4] INFO  c.a.l.c.order.CartController - POST /api/cart/preview - 1 items, currency: AZN
2026-09-03 00:44:42.003 [http-nio-8080-exec-4] INFO  c.a.l.s.Order.CartPreviewService - Cart preview requested with 1 items, currency: AZN
2026-09-03 00:44:42.020 [http-nio-8080-exec-6] INFO  c.a.l.s.Order.CartPreviewService - Cart preview requested with 1 items, currency: AZN
2026-09-03 00:44:42.052 [http-nio-8080-exec-4] INFO  c.a.l.cache.PriceCacheRepository - Price cache hit: price:product:13:grade:1:AZN
2026-09-03 00:44:42.053 [http-nio-8080-exec-4] WARN  c.a.l.s.Order.CartPreviewService - Price mismatch for product 13: seen=61, current=150.00
2026-09-03 00:44:42.178 [http-nio-8080-exec-6] INFO  c.a.l.cache.PriceCacheRepository - Price cache hit: price:product:13:grade:1:AZN
2026-09-03 00:44:42.178 [http-nio-8080-exec-6] WARN  c.a.l.s.Order.CartPreviewService - Price mismatch for product 13: seen=61, current=150.00
2026-09-03 00:44:49.875 [http-nio-8080-exec-9] INFO  c.a.l.c.order.OrderController - GET /api/orders/me - User: 13, page: 0
2026-09-03 00:44:49.923 [http-nio-8080-exec-10] INFO  c.a.l.c.order.OrderController - GET /api/orders/me - User: 13, page: 0
2026-09-03 00:44:52.706 [http-nio-8080-exec-1] INFO  c.a.l.c.order.OrderController - GET /api/orders/7 - User: 13
2026-09-03 00:44:52.753 [http-nio-8080-exec-3] INFO  c.a.l.c.order.OrderController - GET /api/orders/7 - User: 13
2026-09-03 00:45:25.904 [http-nio-8080-exec-2] INFO  c.a.l.c.order.OrderController - PUT /api/orders/7/cancel - User: 13
2026-09-03 00:45:26.133 [http-nio-8080-exec-2] INFO  c.a.l.service.Order.OrderService - Order cancelled: ORD-20260903-0020 by user: 13
2026-09-03 00:45:29.938 [http-nio-8080-exec-5] INFO  c.a.l.c.order.OrderController - GET /api/orders/me - User: 13, page: 0
2026-09-03 00:45:29.990 [http-nio-8080-exec-7] INFO  c.a.l.c.order.OrderController - GET /api/orders/me - User: 13, page: 0
2026-09-03 00:45:35.230 [http-nio-8080-exec-4] INFO  c.a.l.c.order.CartController - POST /api/cart/preview - 1 items, currency: USD
2026-09-03 00:45:36.304 [http-nio-8080-exec-4] INFO  c.a.l.s.Order.CartPreviewService - Cart preview requested with 1 items, currency: USD
2026-09-03 00:45:36.795 [http-nio-8080-exec-4] INFO  c.a.l.cache.PriceCacheRepository - Price cache hit: price:product:13:grade:1:USD
2026-09-03 00:45:38.395 [http-nio-8080-exec-8] INFO  c.a.l.c.order.CartController - POST /api/cart/preview - 1 items, currency: AZN
2026-09-03 00:45:38.407 [http-nio-8080-exec-8] INFO  c.a.l.s.Order.CartPreviewService - Cart preview requested with 1 items, currency: AZN
2026-09-03 00:45:38.413 [http-nio-8080-exec-9] INFO  c.a.l.c.order.CartController - POST /api/cart/preview - 1 items, currency: AZN
2026-09-03 00:45:38.423 [http-nio-8080-exec-9] INFO  c.a.l.s.Order.CartPreviewService - Cart preview requested with 1 items, currency: AZN
2026-09-03 00:45:38.483 [http-nio-8080-exec-9] INFO  c.a.l.cache.PriceCacheRepository - Price cache hit: price:product:13:grade:1:AZN
2026-09-03 00:45:38.483 [http-nio-8080-exec-9] WARN  c.a.l.s.Order.CartPreviewService - Price mismatch for product 13: seen=61, current=150.00
2026-09-03 00:45:38.483 [http-nio-8080-exec-8] INFO  c.a.l.cache.PriceCacheRepository - Price cache hit: price:product:13:grade:1:AZN
2026-09-03 00:45:38.483 [http-nio-8080-exec-8] WARN  c.a.l.s.Order.CartPreviewService - Price mismatch for product 13: seen=61, current=150.00
2026-09-03 00:46:05.948 [http-nio-8080-exec-1] INFO  c.a.l.c.order.CartController - POST /api/cart/preview - 1 items, currency: USD
2026-09-03 00:46:05.952 [http-nio-8080-exec-1] INFO  c.a.l.s.Order.CartPreviewService - Cart preview requested with 1 items, currency: USD
2026-09-03 00:46:06.003 [http-nio-8080-exec-1] INFO  c.a.l.cache.PriceCacheRepository - Price cache hit: price:product:13:grade:1:USD
2026-09-03 00:46:39.476 [http-nio-8080-exec-5] INFO  c.a.l.c.order.OrderController - POST /api/orders - User: 13, Items: 1
2026-09-03 00:46:39.543 [http-nio-8080-exec-5] INFO  c.a.l.service.Order.OrderService - Creating order for user: 13, items: 1, currency: USD
2026-09-03 00:46:40.222 [http-nio-8080-exec-5] INFO  c.a.l.cache.PriceCacheRepository - Price cache hit: price:product:13:grade:1:USD
2026-09-03 00:46:40.383 [http-nio-8080-exec-5] INFO  c.a.l.service.Order.OrderService - Order created: ORD-20260903-0021 for user: 13, total: 61.0000
2026-09-03 00:46:40.517 [http-nio-8080-exec-8] INFO  c.a.l.c.order.OrderController - GET /api/orders/8 - User: 13
2026-09-03 00:46:40.559 [http-nio-8080-exec-10] INFO  c.a.l.c.order.OrderController - GET /api/orders/8 - User: 13
2026-09-03 00:46:57.111 [http-nio-8080-exec-3] INFO  c.a.l.c.order.OrderController - GET /api/orders/me - User: 13, page: 0
2026-09-03 00:46:57.282 [http-nio-8080-exec-2] INFO  c.a.l.c.order.OrderController - GET /api/orders/me - User: 13, page: 0
2026-09-03 00:47:04.128 [http-nio-8080-exec-5] INFO  c.a.l.c.order.OrderController - GET /api/orders/8 - User: 13
2026-09-03 00:47:04.161 [http-nio-8080-exec-7] INFO  c.a.l.c.order.OrderController - GET /api/orders/8 - User: 13
2026-09-03 00:50:09.208 [http-nio-8080-exec-8] INFO  c.a.l.c.order.OrderController - GET /api/orders/me - User: 13, page: 0
2026-09-03 00:50:09.488 [http-nio-8080-exec-10] INFO  c.a.l.c.order.OrderController - GET /api/orders/me - User: 13, page: 0
2026-09-03 00:50:12.560 [http-nio-8080-exec-1] INFO  c.a.l.c.order.OrderController - GET /api/orders/8 - User: 13
2026-09-03 00:50:12.623 [http-nio-8080-exec-3] INFO  c.a.l.c.order.OrderController - GET /api/orders/8 - User: 13
2026-09-03 00:50:40.401 [http-nio-8080-exec-5] INFO  c.a.l.c.catalog.ProductController - GET /api/products - page: 0, filter: ProductFilterRequest(modelType=null, search=, page=0, size=12)
2026-09-03 00:50:40.468 [http-nio-8080-exec-5] INFO  c.a.l.s.c.ProductCatalogService - Fetching product catalog - page: 0, currency: USD
2026-09-03 00:50:40.545 [http-nio-8080-exec-5] INFO  c.a.l.c.ProductCatalogCacheRepository - Initial page cache hit for USD
2026-09-03 00:50:45.088 [http-nio-8080-exec-10] INFO  c.a.l.c.catalog.ProductController - GET /api/products/13/available-leathers
2026-09-03 00:50:45.109 [http-nio-8080-exec-8] INFO  c.a.l.c.catalog.ProductController - GET /api/products/13 - Product detail requested
2026-09-03 00:50:45.598 [http-nio-8080-exec-10] INFO  c.a.l.s.c.ProductCatalogService - Fetching available leathers for product: 13
2026-09-03 00:50:46.070 [http-nio-8080-exec-8] INFO  c.a.l.c.ProductCatalogCacheRepository - Product detail cache hit: product:detail:13:USD
2026-09-03 00:50:46.072 [http-nio-8080-exec-8] INFO  c.a.l.s.c.ProductCatalogService - Cache hit: Returning product 13 for USD
2026-09-03 00:50:46.491 [http-nio-8080-exec-1] INFO  c.a.l.c.catalog.ProductController - GET /api/products/13 - Product detail requested
2026-09-03 00:50:46.516 [http-nio-8080-exec-1] INFO  c.a.l.c.ProductCatalogCacheRepository - Product detail cache hit: product:detail:13:USD
2026-09-03 00:50:46.516 [http-nio-8080-exec-1] INFO  c.a.l.s.c.ProductCatalogService - Cache hit: Returning product 13 for USD
2026-09-03 00:50:46.834 [http-nio-8080-exec-10] INFO  c.a.l.cache.LeatherCacheRepository - Cached 2 leathers for product: 13
2026-09-03 00:50:46.835 [http-nio-8080-exec-10] INFO  c.a.l.s.c.ProductCatalogService - Found and cached 2 leathers for product: 13
2026-09-03 00:50:46.876 [http-nio-8080-exec-3] INFO  c.a.l.c.catalog.ProductController - GET /api/products/13/available-leathers
2026-09-03 00:50:46.884 [http-nio-8080-exec-3] INFO  c.a.l.s.c.ProductCatalogService - Fetching available leathers for product: 13
2026-09-03 00:50:46.889 [http-nio-8080-exec-3] INFO  c.a.l.cache.LeatherCacheRepository - Cache hit for leathers: 13
2026-09-03 00:50:46.898 [http-nio-8080-exec-3] INFO  c.a.l.s.c.ProductCatalogService - Returning cached leathers for product: 13
2026-09-03 00:50:49.866 [http-nio-8080-exec-5] INFO  c.a.l.c.order.CartController - POST /api/cart/preview - 1 items, currency: USD
2026-09-03 00:50:49.878 [http-nio-8080-exec-5] INFO  c.a.l.s.Order.CartPreviewService - Cart preview requested with 1 items, currency: USD
2026-09-03 00:50:49.937 [http-nio-8080-exec-5] INFO  c.a.l.cache.PriceCacheRepository - Price cache hit: price:product:13:grade:1:USD
2026-09-03 00:50:49.937 [http-nio-8080-exec-5] WARN  c.a.l.s.Order.CartPreviewService - Price mismatch for product 13: seen=39, current=61
2026-09-03 00:50:51.983 [http-nio-8080-exec-7] INFO  c.a.l.c.order.CartController - POST /api/cart/preview - 1 items, currency: USD
2026-09-03 00:50:51.989 [http-nio-8080-exec-7] INFO  c.a.l.s.Order.CartPreviewService - Cart preview requested with 1 items, currency: USD
2026-09-03 00:50:52.034 [http-nio-8080-exec-7] INFO  c.a.l.cache.PriceCacheRepository - Price cache hit: price:product:13:grade:1:USD
2026-09-03 00:50:53.546 [http-nio-8080-exec-4] INFO  c.a.l.c.order.CartController - POST /api/cart/preview - 1 items, currency: AZN
2026-09-03 00:50:53.552 [http-nio-8080-exec-9] INFO  c.a.l.c.order.CartController - POST /api/cart/preview - 1 items, currency: AZN
2026-09-03 00:50:53.578 [http-nio-8080-exec-9] INFO  c.a.l.s.Order.CartPreviewService - Cart preview requested with 1 items, currency: AZN
2026-09-03 00:50:53.581 [http-nio-8080-exec-4] INFO  c.a.l.s.Order.CartPreviewService - Cart preview requested with 1 items, currency: AZN
2026-09-03 00:50:53.644 [http-nio-8080-exec-4] INFO  c.a.l.cache.PriceCacheRepository - Price cache hit: price:product:13:grade:1:AZN
2026-09-03 00:50:53.644 [http-nio-8080-exec-4] WARN  c.a.l.s.Order.CartPreviewService - Price mismatch for product 13: seen=61, current=150.00
2026-09-03 00:50:53.644 [http-nio-8080-exec-9] INFO  c.a.l.cache.PriceCacheRepository - Price cache hit: price:product:13:grade:1:AZN
2026-09-03 00:50:53.645 [http-nio-8080-exec-9] WARN  c.a.l.s.Order.CartPreviewService - Price mismatch for product 13: seen=61, current=150.00
2026-09-03 00:51:07.967 [http-nio-8080-exec-3] INFO  c.a.l.c.order.CartController - POST /api/cart/preview - 1 items, currency: USD
2026-09-03 00:51:07.978 [http-nio-8080-exec-3] INFO  c.a.l.s.Order.CartPreviewService - Cart preview requested with 1 items, currency: USD
2026-09-03 00:51:08.270 [http-nio-8080-exec-3] INFO  c.a.l.cache.PriceCacheRepository - Price cache hit: price:product:13:grade:1:USD
2026-09-03 00:51:42.640 [http-nio-8080-exec-2] INFO  c.a.l.c.order.OrderController - POST /api/orders - User: 13, Items: 1
2026-09-03 00:51:42.643 [http-nio-8080-exec-2] INFO  c.a.l.service.Order.OrderService - Creating order for user: 13, items: 1, currency: USD
2026-09-03 00:51:42.820 [http-nio-8080-exec-2] INFO  c.a.l.cache.PriceCacheRepository - Price cache hit: price:product:13:grade:1:USD
2026-09-03 00:51:43.067 [http-nio-8080-exec-2] INFO  c.a.l.service.Order.OrderService - Order created: ORD-20260903-0022 for user: 13, total: 122.0000
2026-09-03 00:51:43.258 [http-nio-8080-exec-7] INFO  c.a.l.controller.PaymentController - POST /api/payments/checkout/9 - User: 13
2026-09-03 00:51:43.317 [http-nio-8080-exec-6] INFO  c.a.l.c.order.OrderController - GET /api/orders/9 - User: 13
2026-09-03 00:51:43.389 [http-nio-8080-exec-4] INFO  c.a.l.c.order.OrderController - GET /api/orders/9 - User: 13
2026-09-03 00:51:45.068 [http-nio-8080-exec-7] INFO  c.a.l.s.p.PaymentServiceImpl - PayRiff checkout created: orderId=9, providerOrderId=7493e153-2648-41ec-8b29-77a345e755b5
2026-09-03 00:56:24.902 [http-nio-8080-exec-5] INFO  c.a.l.c.catalog.ProductController - GET /api/products - page: 0, filter: ProductFilterRequest(modelType=null, search=, page=0, size=12)
2026-09-03 00:56:25.089 [http-nio-8080-exec-5] INFO  c.a.l.s.c.ProductCatalogService - Fetching product catalog - page: 0, currency: USD
2026-09-03 00:56:25.178 [http-nio-8080-exec-5] INFO  c.a.l.c.ProductCatalogCacheRepository - Initial page cache hit for USD
2026-09-03 00:56:30.665 [http-nio-8080-exec-6] INFO  c.a.l.c.order.OrderController - GET /api/orders/me - User: 13, page: 0
2026-09-03 00:56:31.054 [http-nio-8080-exec-4] INFO  c.a.l.c.order.OrderController - GET /api/orders/me - User: 13, page: 0
2026-09-03 00:56:40.564 [http-nio-8080-exec-7] INFO  c.a.l.c.order.OrderController - GET /api/orders/9 - User: 13
2026-09-03 00:56:40.630 [http-nio-8080-exec-9] INFO  c.a.l.c.order.OrderController - GET /api/orders/9 - User: 13
2026-09-03 00:57:17.649 [http-nio-8080-exec-10] INFO  c.a.l.c.order.OrderController - GET /api/orders/9 - User: 13
2026-09-03 00:57:21.986 [http-nio-8080-exec-3] INFO  c.a.l.c.order.OrderController - GET /api/orders/9 - User: 13
2026-09-03 00:57:27.455 [http-nio-8080-exec-2] INFO  c.a.l.c.order.OrderController - GET /api/orders/9 - User: 13
2026-09-03 00:57:31.560 [http-nio-8080-exec-5] INFO  c.a.l.c.order.OrderController - GET /api/orders/9 - User: 13
2026-09-03 01:01:33.460 [http-nio-8080-exec-6] INFO  c.a.l.c.order.OrderController - GET /api/orders/me - User: 13, page: 0
2026-09-03 01:01:39.665 [http-nio-8080-exec-4] INFO  c.a.l.c.order.OrderController - GET /api/orders/me - User: 13, page: 0
2026-09-03 01:02:02.261 [http-nio-8080-exec-7] INFO  c.a.l.c.order.OrderController - GET /api/orders/9 - User: 13
2026-09-03 01:02:02.900 [http-nio-8080-exec-9] INFO  c.a.l.c.order.OrderController - GET /api/orders/9 - User: 13
2026-09-03 01:03:31.592 [org.springframework.amqp.rabbit.RabbitListenerEndpointContainer#0-2] INFO  o.s.a.r.l.SimpleMessageListenerContainer - Waiting for workers to finish.
2026-09-03 01:03:31.601 [org.springframework.amqp.rabbit.RabbitListenerEndpointContainer#0-2] INFO  o.s.a.r.l.SimpleMessageListenerContainer - Successfully waited for workers to finish.
2026-09-03 01:03:31.634 [SpringApplicationShutdownHook] INFO  o.s.b.w.e.tomcat.GracefulShutdown - Commencing graceful shutdown. Waiting for active requests to complete
2026-09-03 01:03:31.711 [tomcat-shutdown] INFO  o.s.b.w.e.tomcat.GracefulShutdown - Graceful shutdown complete
2026-09-03 01:03:32.040 [SpringApplicationShutdownHook] INFO  o.s.o.j.LocalContainerEntityManagerFactoryBean - Closing JPA EntityManagerFactory for persistence unit 'default'
2026-09-03 01:03:32.096 [SpringApplicationShutdownHook] INFO  com.zaxxer.hikari.HikariDataSource - HikariPool-1 - Shutdown initiated...
2026-09-03 01:03:32.114 [SpringApplicationShutdownHook] INFO  com.zaxxer.hikari.HikariDataSource - HikariPool-1 - Shutdown completed.
2026-09-03 23:16:45.718 [background-preinit] INFO  o.h.validator.internal.util.Version - HV000001: Hibernate Validator 8.0.3.Final
2026-09-03 23:16:45.857 [main] INFO  c.a.leather.AiatelyeApplication - Starting AiatelyeApplication using Java 21.0.8 with PID 16592 (D:\My_project_Spring\Aiatelye\Aiatelye\build\classes\java\main started by elcin in D:\My_project_Spring\Aiatelye\Aiatelye)
2026-09-03 23:16:45.859 [main] INFO  c.a.leather.AiatelyeApplication - No active profile set, falling back to 1 default profile: "default"
2026-09-03 23:16:51.122 [main] INFO  o.s.d.r.c.RepositoryConfigurationDelegate - Multiple Spring Data modules found, entering strict repository configuration mode
2026-09-03 23:16:51.129 [main] INFO  o.s.d.r.c.RepositoryConfigurationDelegate - Bootstrapping Spring Data JPA repositories in DEFAULT mode.
2026-09-03 23:16:52.066 [main] INFO  o.s.d.r.c.RepositoryConfigurationDelegate - Finished Spring Data repository scanning in 875 ms. Found 16 JPA repository interfaces.
2026-09-03 23:16:52.115 [main] INFO  o.s.d.r.c.RepositoryConfigurationDelegate - Multiple Spring Data modules found, entering strict repository configuration mode
2026-09-03 23:16:52.119 [main] INFO  o.s.d.r.c.RepositoryConfigurationDelegate - Bootstrapping Spring Data Redis repositories in DEFAULT mode.
2026-09-03 23:16:52.192 [main] INFO  o.s.d.r.c.RepositoryConfigurationExtensionSupport - Spring Data Redis - Could not safely identify store assignment for repository candidate interface com.aiatelye.leather.repository.CustomDesignRepository; If you want this repository to be a Redis repository, consider annotating your entities with one of these annotations: org.springframework.data.redis.core.RedisHash (preferred), or consider extending one of the following types with your repository: org.springframework.data.keyvalue.repository.KeyValueRepository
2026-09-03 23:16:52.193 [main] INFO  o.s.d.r.c.RepositoryConfigurationExtensionSupport - Spring Data Redis - Could not safely identify store assignment for repository candidate interface com.aiatelye.leather.repository.DeliveryCountryConfigRepository; If you want this repository to be a Redis repository, consider annotating your entities with one of these annotations: org.springframework.data.redis.core.RedisHash (preferred), or consider extending one of the following types with your repository: org.springframework.data.keyvalue.repository.KeyValueRepository
2026-09-03 23:16:52.194 [main] INFO  o.s.d.r.c.RepositoryConfigurationExtensionSupport - Spring Data Redis - Could not safely identify store assignment for repository candidate interface com.aiatelye.leather.repository.LeatherGradeRepository; If you want this repository to be a Redis repository, consider annotating your entities with one of these annotations: org.springframework.data.redis.core.RedisHash (preferred), or consider extending one of the following types with your repository: org.springframework.data.keyvalue.repository.KeyValueRepository
2026-09-03 23:16:52.194 [main] INFO  o.s.d.r.c.RepositoryConfigurationExtensionSupport - Spring Data Redis - Could not safely identify store assignment for repository candidate interface com.aiatelye.leather.repository.LeatherRepository; If you want this repository to be a Redis repository, consider annotating your entities with one of these annotations: org.springframework.data.redis.core.RedisHash (preferred), or consider extending one of the following types with your repository: org.springframework.data.keyvalue.repository.KeyValueRepository
2026-09-03 23:16:52.196 [main] INFO  o.s.d.r.c.RepositoryConfigurationExtensionSupport - Spring Data Redis - Could not safely identify store assignment for repository candidate interface com.aiatelye.leather.repository.OrderItemRepository; If you want this repository to be a Redis repository, consider annotating your entities with one of these annotations: org.springframework.data.redis.core.RedisHash (preferred), or consider extending one of the following types with your repository: org.springframework.data.keyvalue.repository.KeyValueRepository
2026-09-03 23:16:52.197 [main] INFO  o.s.d.r.c.RepositoryConfigurationExtensionSupport - Spring Data Redis - Could not safely identify store assignment for repository candidate interface com.aiatelye.leather.repository.OrderRepository; If you want this repository to be a Redis repository, consider annotating your entities with one of these annotations: org.springframework.data.redis.core.RedisHash (preferred), or consider extending one of the following types with your repository: org.springframework.data.keyvalue.repository.KeyValueRepository
2026-09-03 23:16:52.197 [main] INFO  o.s.d.r.c.RepositoryConfigurationExtensionSupport - Spring Data Redis - Could not safely identify store assignment for repository candidate interface com.aiatelye.leather.repository.PasswordResetTokenRepository; If you want this repository to be a Redis repository, consider annotating your entities with one of these annotations: org.springframework.data.redis.core.RedisHash (preferred), or consider extending one of the following types with your repository: org.springframework.data.keyvalue.repository.KeyValueRepository
2026-09-03 23:16:52.198 [main] INFO  o.s.d.r.c.RepositoryConfigurationExtensionSupport - Spring Data Redis - Could not safely identify store assignment for repository candidate interface com.aiatelye.leather.repository.PaymentRepository; If you want this repository to be a Redis repository, consider annotating your entities with one of these annotations: org.springframework.data.redis.core.RedisHash (preferred), or consider extending one of the following types with your repository: org.springframework.data.keyvalue.repository.KeyValueRepository
2026-09-03 23:16:52.198 [main] INFO  o.s.d.r.c.RepositoryConfigurationExtensionSupport - Spring Data Redis - Could not safely identify store assignment for repository candidate interface com.aiatelye.leather.repository.PricingRuleRepository; If you want this repository to be a Redis repository, consider annotating your entities with one of these annotations: org.springframework.data.redis.core.RedisHash (preferred), or consider extending one of the following types with your repository: org.springframework.data.keyvalue.repository.KeyValueRepository
2026-09-03 23:16:52.199 [main] INFO  o.s.d.r.c.RepositoryConfigurationExtensionSupport - Spring Data Redis - Could not safely identify store assignment for repository candidate interface com.aiatelye.leather.repository.ProductGradePriceRepository; If you want this repository to be a Redis repository, consider annotating your entities with one of these annotations: org.springframework.data.redis.core.RedisHash (preferred), or consider extending one of the following types with your repository: org.springframework.data.keyvalue.repository.KeyValueRepository
2026-09-03 23:16:52.200 [main] INFO  o.s.d.r.c.RepositoryConfigurationExtensionSupport - Spring Data Redis - Could not safely identify store assignment for repository candidate interface com.aiatelye.leather.repository.ProductImageRepository; If you want this repository to be a Redis repository, consider annotating your entities with one of these annotations: org.springframework.data.redis.core.RedisHash (preferred), or consider extending one of the following types with your repository: org.springframework.data.keyvalue.repository.KeyValueRepository
2026-09-03 23:16:52.201 [main] INFO  o.s.d.r.c.RepositoryConfigurationExtensionSupport - Spring Data Redis - Could not safely identify store assignment for repository candidate interface com.aiatelye.leather.repository.ProductModelRepository; If you want this repository to be a Redis repository, consider annotating your entities with one of these annotations: org.springframework.data.redis.core.RedisHash (preferred), or consider extending one of the following types with your repository: org.springframework.data.keyvalue.repository.KeyValueRepository
2026-09-03 23:16:52.202 [main] INFO  o.s.d.r.c.RepositoryConfigurationExtensionSupport - Spring Data Redis - Could not safely identify store assignment for repository candidate interface com.aiatelye.leather.repository.ShippingLocationRepository; If you want this repository to be a Redis repository, consider annotating your entities with one of these annotations: org.springframework.data.redis.core.RedisHash (preferred), or consider extending one of the following types with your repository: org.springframework.data.keyvalue.repository.KeyValueRepository
2026-09-03 23:16:52.203 [main] INFO  o.s.d.r.c.RepositoryConfigurationExtensionSupport - Spring Data Redis - Could not safely identify store assignment for repository candidate interface com.aiatelye.leather.repository.UserLimitRepository; If you want this repository to be a Redis repository, consider annotating your entities with one of these annotations: org.springframework.data.redis.core.RedisHash (preferred), or consider extending one of the following types with your repository: org.springframework.data.keyvalue.repository.KeyValueRepository
2026-09-03 23:16:52.203 [main] INFO  o.s.d.r.c.RepositoryConfigurationExtensionSupport - Spring Data Redis - Could not safely identify store assignment for repository candidate interface com.aiatelye.leather.repository.UserRepository; If you want this repository to be a Redis repository, consider annotating your entities with one of these annotations: org.springframework.data.redis.core.RedisHash (preferred), or consider extending one of the following types with your repository: org.springframework.data.keyvalue.repository.KeyValueRepository
2026-09-03 23:16:52.203 [main] INFO  o.s.d.r.c.RepositoryConfigurationExtensionSupport - Spring Data Redis - Could not safely identify store assignment for repository candidate interface com.aiatelye.leather.Securty.repository.AuthUserRepository; If you want this repository to be a Redis repository, consider annotating your entities with one of these annotations: org.springframework.data.redis.core.RedisHash (preferred), or consider extending one of the following types with your repository: org.springframework.data.keyvalue.repository.KeyValueRepository
2026-09-03 23:16:52.204 [main] INFO  o.s.d.r.c.RepositoryConfigurationDelegate - Finished Spring Data repository scanning in 58 ms. Found 0 Redis repository interfaces.
2026-09-03 23:16:53.174 [main] INFO  o.s.cloud.context.scope.GenericScope - BeanFactory id=35dc3c04-cf60-3a22-a864-4e0a2a33e972
2026-09-03 23:16:55.028 [main] INFO  o.s.b.w.e.tomcat.TomcatWebServer - Tomcat initialized with port 8080 (http)
2026-09-03 23:16:55.060 [main] INFO  o.a.coyote.http11.Http11NioProtocol - Initializing ProtocolHandler ["http-nio-8080"]
2026-09-03 23:16:55.065 [main] INFO  o.a.catalina.core.StandardService - Starting service [Tomcat]
2026-09-03 23:16:55.066 [main] INFO  o.a.catalina.core.StandardEngine - Starting Servlet engine: [Apache Tomcat/10.1.50]
2026-09-03 23:16:55.406 [main] INFO  o.a.c.c.C.[Tomcat].[localhost].[/] - Initializing Spring embedded WebApplicationContext
2026-09-03 23:16:55.407 [main] INFO  o.s.b.w.s.c.ServletWebServerApplicationContext - Root WebApplicationContext: initialization completed in 9346 ms
2026-09-03 23:16:56.199 [main] INFO  o.h.jpa.internal.util.LogHelper - HHH000204: Processing PersistenceUnitInfo [name: default]
2026-09-03 23:16:56.481 [main] INFO  org.hibernate.Version - HHH000412: Hibernate ORM core version 6.6.41.Final
2026-09-03 23:16:56.604 [main] INFO  o.h.c.i.RegionFactoryInitiator - HHH000026: Second-level cache disabled
2026-09-03 23:16:57.641 [main] INFO  o.s.o.j.p.SpringPersistenceUnitInfo - No LoadTimeWeaver setup: ignoring JPA class transformer
2026-09-03 23:16:57.732 [main] INFO  com.zaxxer.hikari.HikariDataSource - HikariPool-1 - Starting...
2026-09-03 23:16:58.295 [main] INFO  com.zaxxer.hikari.pool.HikariPool - HikariPool-1 - Added connection org.postgresql.jdbc.PgConnection@47c15468
2026-09-03 23:16:58.300 [main] INFO  com.zaxxer.hikari.HikariDataSource - HikariPool-1 - Start completed.
2026-09-03 23:16:58.693 [main] INFO  o.hibernate.orm.connections.pooling - HHH10001005: Database info:
	Database JDBC URL [Connecting through datasource 'HikariDataSource (HikariPool-1)']
	Database driver: undefined/unknown
	Database version: 15.17
	Autocommit mode: undefined/unknown
	Isolation level: undefined/unknown
	Minimum pool size: undefined/unknown
	Maximum pool size: undefined/unknown
2026-09-03 23:17:03.925 [main] INFO  o.h.e.t.j.p.i.JtaPlatformInitiator - HHH000489: No JTA platform available (set 'hibernate.transaction.jta.platform' to enable JTA platform integration)
2026-09-03 23:17:05.008 [main] WARN  o.h.e.jdbc.spi.SqlExceptionHelper - SQL Warning Code: 0, SQLState: 00000
2026-09-03 23:17:05.009 [main] WARN  o.h.e.jdbc.spi.SqlExceptionHelper - constraint "uk781pmjx7kf279uopjhmbwnqhl" of relation "favorites" does not exist, skipping
2026-09-03 23:17:14.363 [main] INFO  o.s.o.j.LocalContainerEntityManagerFactoryBean - Initialized JPA EntityManagerFactory for persistence unit 'default'
2026-09-03 23:17:16.416 [main] INFO  o.hibernate.query.sqm.tree.SqmNode - ========== PAYRIFF CONFIG YOXLANIŞI ==========
2026-09-03 23:17:16.417 [main] INFO  o.hibernate.query.sqm.tree.SqmNode - Base URL: {}https://api.payriff.com/api/v3
2026-09-03 23:17:16.417 [main] INFO  o.hibernate.query.sqm.tree.SqmNode - Merchant ID: {}ES1097832
2026-09-03 23:17:16.417 [main] INFO  o.hibernate.query.sqm.tree.SqmNode - Callback URL: {} https://furless-birgit-journalary.ngrok-free.dev/api/internal/payriff-callback
2026-09-03 23:17:16.418 [main] INFO  o.hibernate.query.sqm.tree.SqmNode - Secret Key Mövcuddur?: {}true
2026-09-03 23:17:16.418 [main] INFO  o.hibernate.query.sqm.tree.SqmNode - Secret Key (İlkin 6 simvol): {}******3D6627
2026-09-03 23:17:16.418 [main] INFO  o.hibernate.query.sqm.tree.SqmNode - ===============================================
2026-09-03 23:17:18.193 [main] INFO  c.a.l.componet.OrderNumberGenerator - Database sequence 'order_number_seq' checked/created successfully.
2026-09-03 23:17:18.918 [main] INFO  o.s.d.j.r.query.QueryEnhancerFactory - Hibernate is in classpath; If applicable, HQL parser will be used.
2026-09-03 23:17:23.981 [main] INFO  o.s.s.c.a.a.c.InitializeAuthenticationProviderBeanManagerConfigurer$InitializeAuthenticationProviderManagerConfigurer - Global AuthenticationManager configured with AuthenticationProvider bean with name daoAuthenticationProvider
2026-09-03 23:17:23.983 [main] WARN  o.s.s.c.a.a.c.InitializeUserDetailsBeanManagerConfigurer$InitializeUserDetailsManagerConfigurer - Global AuthenticationManager configured with an AuthenticationProvider bean. UserDetailsService beans will not be used by Spring Security for automatically configuring username/password login. Consider removing the AuthenticationProvider bean. Alternatively, consider using the UserDetailsService in a manually instantiated DaoAuthenticationProvider. If the current configuration is intentional, to turn off this warning, increase the logging level of 'org.springframework.security.config.annotation.authentication.configuration.InitializeUserDetailsBeanManagerConfigurer' to ERROR
2026-09-03 23:17:26.728 [main] INFO  o.a.coyote.http11.Http11NioProtocol - Starting ProtocolHandler ["http-nio-8080"]
2026-09-03 23:17:26.825 [main] INFO  o.s.b.w.e.tomcat.TomcatWebServer - Tomcat started on port 8080 (http) with context path '/'
2026-09-03 23:17:26.851 [main] INFO  o.s.a.r.c.CachingConnectionFactory - Attempting to connect to: [localhost:5672]
2026-09-03 23:17:27.775 [main] INFO  o.s.a.r.c.CachingConnectionFactory - Created new connection: rabbitConnectionFactory#6014a1f5:0/SimpleConnection@3bbd0a50 [delegate=amqp://admin@127.0.0.1:5672/, localPort=60471]
2026-09-03 23:17:28.268 [main] INFO  c.a.leather.AiatelyeApplication - Started AiatelyeApplication in 44.234 seconds (process running for 48.357)
2026-09-03 23:17:28.277 [main] INFO  c.a.l.componet.CountryConfigSeeder - Ölkələrin bazada olub-olmaması yoxlanılır...
2026-09-03 23:17:33.746 [main] INFO  c.a.l.componet.CountryConfigSeeder - Bütün çatdırılma ölkələri artıq bazada mövcuddur. Əlavə işləməyə ehtiyac yoxdur.
2026-09-03 23:22:26.786 [http-nio-8080-exec-1] INFO  o.a.c.c.C.[Tomcat].[localhost].[/] - Initializing Spring DispatcherServlet 'dispatcherServlet'
2026-09-03 23:22:26.817 [http-nio-8080-exec-1] INFO  o.s.web.servlet.DispatcherServlet - Initializing Servlet 'dispatcherServlet'
2026-09-03 23:22:27.171 [http-nio-8080-exec-1] INFO  o.s.web.servlet.DispatcherServlet - Completed initialization in 348 ms
2026-09-03 23:22:30.967 [http-nio-8080-exec-1] INFO  c.a.l.c.catalog.ProductController - GET /api/products - page: 0, filter: ProductFilterRequest(modelType=null, search=, page=0, size=12)
2026-09-03 23:22:31.196 [http-nio-8080-exec-4] INFO  c.a.l.c.order.OrderController - GET /api/orders/me - User: 13, page: 0
2026-09-03 23:22:31.277 [http-nio-8080-exec-1] INFO  c.a.l.s.c.ProductCatalogService - Fetching product catalog - page: 0, currency: USD
2026-09-03 23:22:33.908 [http-nio-8080-exec-5] INFO  c.a.l.c.order.OrderController - GET /api/orders/me - User: 13, page: 0
2026-09-03 23:22:35.068 [http-nio-8080-exec-1] INFO  c.a.l.cache.PriceCacheRepository - Price cached: price:product:13:grade:1:AZN
2026-09-03 23:22:35.128 [http-nio-8080-exec-1] INFO  c.a.l.cache.PriceCacheRepository - Price cached: price:product:8:grade:3:AZN
2026-09-03 23:22:35.169 [http-nio-8080-exec-1] INFO  c.a.l.cache.PriceCacheRepository - Price cached: price:product:5:grade:2:AZN
2026-09-03 23:22:35.204 [http-nio-8080-exec-1] INFO  c.a.l.cache.PriceCacheRepository - Price cached: price:product:1:grade:1:AZN
2026-09-03 23:22:35.232 [http-nio-8080-exec-1] INFO  c.a.l.c.ProductCatalogCacheRepository - Initial page cached for USD: 6 products
2026-09-03 23:26:14.882 [http-nio-8080-exec-5] INFO  c.a.l.c.order.OrderController - GET /api/orders/9 - User: 13
2026-09-03 23:26:16.916 [http-nio-8080-exec-1] INFO  c.a.l.c.order.OrderController - GET /api/orders/9 - User: 13
2026-09-03 23:26:21.368 [http-nio-8080-exec-7] INFO  c.a.l.controller.PaymentController - POST /api/payments/checkout/9 - User: 13
2026-09-03 23:26:23.480 [http-nio-8080-exec-7] INFO  c.a.l.s.p.PaymentServiceImpl - PayRiff checkout created: orderId=9, providerOrderId=22991114-c2ab-478e-981b-3cc598df1b0d
2026-09-03 23:27:26.823 [http-nio-8080-exec-10] INFO  c.a.l.c.order.OrderController - GET /api/orders/me - User: 13, page: 0
2026-09-03 23:27:26.965 [http-nio-8080-exec-2] INFO  c.a.l.c.order.OrderController - GET /api/orders/me - User: 13, page: 0
2026-09-03 23:37:08.932 [http-nio-8080-exec-3] INFO  c.a.l.c.order.OrderController - GET /api/orders/me - User: 13, page: 0
2026-09-03 23:37:10.416 [http-nio-8080-exec-5] INFO  c.a.l.c.order.OrderController - GET /api/orders/me - User: 13, page: 0
2026-09-03 23:37:17.873 [http-nio-8080-exec-1] INFO  c.a.l.c.order.OrderController - GET /api/orders/9 - User: 13
2026-09-03 23:37:17.978 [http-nio-8080-exec-8] INFO  c.a.l.c.order.OrderController - GET /api/orders/9 - User: 13
2026-09-03 23:37:21.047 [http-nio-8080-exec-7] INFO  c.a.l.controller.PaymentController - POST /api/payments/checkout/9 - User: 13
2026-09-03 23:37:21.665 [http-nio-8080-exec-7] INFO  c.a.l.s.p.PaymentServiceImpl - PayRiff checkout created: orderId=9, providerOrderId=4e9a5c79-c03c-4b25-a4df-41e5e2323832
2026-09-03 23:43:43.642 [http-nio-8080-exec-10] INFO  c.a.l.c.order.OrderController - GET /api/orders/9 - User: 13
2026-09-03 23:43:44.256 [http-nio-8080-exec-2] INFO  c.a.l.c.order.OrderController - GET /api/orders/9 - User: 13
2026-09-03 23:43:48.843 [http-nio-8080-exec-4] INFO  c.a.l.c.order.OrderController - GET /api/orders/9 - User: 13
2026-09-03 23:43:49.579 [http-nio-8080-exec-3] INFO  c.a.l.c.order.OrderController - GET /api/orders/9 - User: 13
2026-09-03 23:43:57.417 [http-nio-8080-exec-5] INFO  c.a.l.c.order.OrderController - GET /api/orders/9 - User: 13
2026-09-03 23:44:10.716 [http-nio-8080-exec-1] INFO  c.a.l.c.order.OrderController - GET /api/orders/9 - User: 13
2026-09-03 23:44:17.339 [http-nio-8080-exec-8] INFO  c.a.l.c.order.OrderController - GET /api/orders/9 - User: 13
2026-09-03 23:49:36.420 [http-nio-8080-exec-9] INFO  c.a.l.controller.PaymentController - POST /api/payments/checkout/9 - User: 13
2026-09-03 23:49:51.257 [http-nio-8080-exec-9] INFO  c.a.l.s.p.PaymentServiceImpl - PayRiff checkout created: orderId=9, providerOrderId=c165fa72-7295-42bf-8771-79942ebdc147
2026-09-03 23:51:08.539 [http-nio-8080-exec-2] INFO  c.a.l.c.order.OrderController - GET /api/orders/9 - User: 13
2026-09-03 23:51:08.940 [http-nio-8080-exec-4] INFO  c.a.l.c.order.OrderController - GET /api/orders/9 - User: 13
2026-09-03 23:54:47.096 [http-nio-8080-exec-5] INFO  c.a.l.c.order.OrderController - GET /api/orders/9 - User: 13
2026-09-03 23:54:58.344 [http-nio-8080-exec-1] INFO  c.a.l.c.order.OrderController - GET /api/orders/9 - User: 13
2026-09-03 23:55:01.361 [http-nio-8080-exec-8] INFO  c.a.l.c.order.OrderController - GET /api/orders/9 - User: 13
2026-09-03 23:55:29.988 [http-nio-8080-exec-7] INFO  c.a.l.c.order.OrderController - GET /api/orders/9 - User: 13
2026-09-03 23:55:43.422 [http-nio-8080-exec-6] INFO  c.a.l.c.order.OrderController - GET /api/orders/9 - User: 13
2026-09-03 23:55:45.083 [http-nio-8080-exec-9] INFO  c.a.l.c.order.OrderController - GET /api/orders/9 - User: 13
