2026-09-04 00:04:35.068 [http-nio-8080-exec-3] INFO  c.a.l.c.order.OrderController - GET /api/orders/9 - User: 13
2026-09-04 00:04:36.652 [http-nio-8080-exec-5] INFO  c.a.l.c.order.OrderController - GET /api/orders/9 - User: 13
2026-09-04 00:04:49.045 [http-nio-8080-exec-1] INFO  c.a.l.c.order.OrderController - GET /api/orders/9 - User: 13
2026-09-04 00:04:51.371 [http-nio-8080-exec-8] INFO  c.a.l.c.order.OrderController - GET /api/orders/9 - User: 13
2026-09-04 00:04:56.246 [http-nio-8080-exec-7] INFO  c.a.l.c.order.OrderController - GET /api/orders/9 - User: 13
2026-09-04 00:05:02.550 [http-nio-8080-exec-9] INFO  c.a.l.controller.PaymentController - POST /api/payments/checkout/9 - User: 13
2026-09-04 00:05:04.055 [http-nio-8080-exec-9] INFO  c.a.l.s.p.PaymentServiceImpl - PayRiff checkout created: orderId=9, providerOrderId=70997d0e-1b45-4eff-b31f-544b532eb4d3
2026-09-04 00:05:17.981 [http-nio-8080-exec-10] INFO  c.a.l.c.order.OrderController - GET /api/orders/9 - User: 13
2026-09-04 00:05:18.458 [http-nio-8080-exec-2] INFO  c.a.l.c.order.OrderController - GET /api/orders/9 - User: 13
2026-09-04 00:05:34.668 [http-nio-8080-exec-4] INFO  c.a.l.c.order.OrderController - GET /api/orders/9 - User: 13
2026-09-04 00:06:01.408 [http-nio-8080-exec-8] INFO  c.a.l.c.order.OrderController - GET /api/orders/me - User: 13, page: 0
2026-09-04 00:06:01.581 [http-nio-8080-exec-7] INFO  c.a.l.c.order.OrderController - GET /api/orders/me - User: 13, page: 0
2026-09-04 00:06:05.755 [http-nio-8080-exec-10] INFO  c.a.l.c.order.OrderController - GET /api/orders/7 - User: 13
2026-09-04 00:06:06.153 [http-nio-8080-exec-2] INFO  c.a.l.c.order.OrderController - GET /api/orders/7 - User: 13
2026-09-04 00:06:09.332 [http-nio-8080-exec-4] INFO  c.a.l.c.order.OrderController - GET /api/orders/me - User: 13, page: 0
2026-09-04 00:06:09.600 [http-nio-8080-exec-3] INFO  c.a.l.c.order.OrderController - GET /api/orders/me - User: 13, page: 0
2026-09-04 00:06:15.858 [http-nio-8080-exec-8] INFO  c.a.l.c.order.OrderController - GET /api/orders/5 - User: 13
2026-09-04 00:06:15.889 [http-nio-8080-exec-7] INFO  c.a.l.c.order.OrderController - GET /api/orders/5 - User: 13
2026-09-04 00:06:55.770 [http-nio-8080-exec-6] INFO  c.a.l.c.order.OrderController - GET /api/orders/5 - User: 13
2026-09-04 00:06:58.815 [http-nio-8080-exec-9] INFO  c.a.l.c.order.OrderController - GET /api/orders/5 - User: 13
2026-09-04 00:07:02.316 [http-nio-8080-exec-10] INFO  c.a.l.c.order.OrderController - GET /api/orders/me - User: 13, page: 0
2026-09-04 00:07:03.237 [http-nio-8080-exec-2] INFO  c.a.l.c.order.OrderController - GET /api/orders/me - User: 13, page: 0
2026-09-04 00:07:08.458 [http-nio-8080-exec-3] INFO  c.a.l.c.catalog.ProductController - GET /api/products - page: 0, filter: ProductFilterRequest(modelType=null, search=, page=0, size=12)
2026-09-04 00:07:08.599 [http-nio-8080-exec-3] INFO  c.a.l.s.c.ProductCatalogService - Fetching product catalog - page: 0, currency: USD
2026-09-04 00:07:09.284 [http-nio-8080-exec-3] INFO  c.a.l.cache.PriceCacheRepository - Price cached: price:product:13:grade:1:AZN
2026-09-04 00:07:09.322 [http-nio-8080-exec-3] INFO  c.a.l.cache.PriceCacheRepository - Price cached: price:product:8:grade:3:AZN
2026-09-04 00:07:09.348 [http-nio-8080-exec-3] INFO  c.a.l.cache.PriceCacheRepository - Price cached: price:product:5:grade:2:AZN
2026-09-04 00:07:09.414 [http-nio-8080-exec-3] INFO  c.a.l.cache.PriceCacheRepository - Price cached: price:product:1:grade:1:AZN
2026-09-04 00:07:09.432 [http-nio-8080-exec-3] INFO  c.a.l.c.ProductCatalogCacheRepository - Initial page cached for USD: 6 products
2026-09-04 00:07:13.857 [http-nio-8080-exec-9] INFO  c.a.l.c.catalog.ProductController - GET /api/products/8/available-leathers
2026-09-04 00:07:13.862 [http-nio-8080-exec-6] INFO  c.a.l.c.catalog.ProductController - GET /api/products/8 - Product detail requested
2026-09-04 00:07:13.886 [http-nio-8080-exec-9] INFO  c.a.l.s.c.ProductCatalogService - Fetching available leathers for product: 8
2026-09-04 00:07:13.945 [http-nio-8080-exec-6] INFO  c.a.l.c.ProductCatalogCacheRepository - Product detail cache hit: product:detail:8:USD
2026-09-04 00:07:13.946 [http-nio-8080-exec-6] INFO  c.a.l.s.c.ProductCatalogService - Cache hit: Returning product 8 for USD
2026-09-04 00:07:14.992 [http-nio-8080-exec-10] INFO  c.a.l.c.catalog.ProductController - GET /api/products/8 - Product detail requested
2026-09-04 00:07:15.022 [http-nio-8080-exec-10] INFO  c.a.l.c.ProductCatalogCacheRepository - Product detail cache hit: product:detail:8:USD
2026-09-04 00:07:15.022 [http-nio-8080-exec-10] INFO  c.a.l.s.c.ProductCatalogService - Cache hit: Returning product 8 for USD
2026-09-04 00:07:15.649 [http-nio-8080-exec-9] INFO  c.a.l.cache.LeatherCacheRepository - Cached 4 leathers for product: 8
2026-09-04 00:07:15.649 [http-nio-8080-exec-9] INFO  c.a.l.s.c.ProductCatalogService - Found and cached 4 leathers for product: 8
2026-09-04 00:07:15.669 [http-nio-8080-exec-2] INFO  c.a.l.c.catalog.ProductController - GET /api/products/8/available-leathers
2026-09-04 00:07:15.670 [http-nio-8080-exec-2] INFO  c.a.l.s.c.ProductCatalogService - Fetching available leathers for product: 8
2026-09-04 00:07:15.673 [http-nio-8080-exec-2] INFO  c.a.l.cache.LeatherCacheRepository - Cache hit for leathers: 8
2026-09-04 00:07:15.681 [http-nio-8080-exec-2] INFO  c.a.l.s.c.ProductCatalogService - Returning cached leathers for product: 8
2026-09-04 00:07:21.631 [http-nio-8080-exec-4] INFO  c.a.l.c.catalog.ProductController - GET /api/products - page: 0, filter: ProductFilterRequest(modelType=null, search=, page=0, size=12)
2026-09-04 00:07:21.826 [http-nio-8080-exec-4] INFO  c.a.l.s.c.ProductCatalogService - Fetching product catalog - page: 0, currency: USD
2026-09-04 00:07:22.109 [http-nio-8080-exec-4] INFO  c.a.l.c.ProductCatalogCacheRepository - Initial page cache hit for USD
2026-09-04 00:08:59.953 [http-nio-8080-exec-6] INFO  c.a.l.c.catalog.ProductController - GET /api/products/8/available-leathers
2026-09-04 00:08:59.956 [http-nio-8080-exec-5] INFO  c.a.l.c.catalog.ProductController - GET /api/products/8 - Product detail requested
2026-09-04 00:09:01.856 [http-nio-8080-exec-6] INFO  c.a.l.s.c.ProductCatalogService - Fetching available leathers for product: 8
2026-09-04 00:09:02.557 [http-nio-8080-exec-6] INFO  c.a.l.cache.LeatherCacheRepository - Cache hit for leathers: 8
2026-09-04 00:09:02.566 [http-nio-8080-exec-6] INFO  c.a.l.s.c.ProductCatalogService - Returning cached leathers for product: 8
2026-09-04 00:09:02.747 [http-nio-8080-exec-10] INFO  c.a.l.c.catalog.ProductController - GET /api/products/8/available-leathers
2026-09-04 00:09:02.748 [http-nio-8080-exec-10] INFO  c.a.l.s.c.ProductCatalogService - Fetching available leathers for product: 8
2026-09-04 00:09:02.896 [http-nio-8080-exec-5] INFO  c.a.l.c.ProductCatalogCacheRepository - Product detail cache hit: product:detail:8:USD
2026-09-04 00:09:02.896 [http-nio-8080-exec-5] INFO  c.a.l.s.c.ProductCatalogService - Cache hit: Returning product 8 for USD
2026-09-04 00:09:02.898 [http-nio-8080-exec-10] INFO  c.a.l.cache.LeatherCacheRepository - Cache hit for leathers: 8
2026-09-04 00:09:02.899 [http-nio-8080-exec-10] INFO  c.a.l.s.c.ProductCatalogService - Returning cached leathers for product: 8
2026-09-04 00:09:03.023 [http-nio-8080-exec-9] INFO  c.a.l.c.catalog.ProductController - GET /api/products/8 - Product detail requested
2026-09-04 00:09:03.855 [http-nio-8080-exec-9] INFO  c.a.l.c.ProductCatalogCacheRepository - Product detail cache hit: product:detail:8:USD
2026-09-04 00:09:03.856 [http-nio-8080-exec-9] INFO  c.a.l.s.c.ProductCatalogService - Cache hit: Returning product 8 for USD
2026-09-04 00:09:04.684 [http-nio-8080-exec-2] INFO  c.a.l.c.catalog.ProductController - GET /api/products - page: 0, filter: ProductFilterRequest(modelType=null, search=, page=0, size=12)
2026-09-04 00:09:04.892 [http-nio-8080-exec-2] INFO  c.a.l.s.c.ProductCatalogService - Fetching product catalog - page: 0, currency: USD
2026-09-04 00:09:04.996 [http-nio-8080-exec-2] INFO  c.a.l.c.ProductCatalogCacheRepository - Initial page cache hit for USD
2026-09-04 00:09:06.649 [http-nio-8080-exec-6] INFO  c.a.l.c.catalog.ProductController - GET /api/products/13 - Product detail requested
2026-09-04 00:09:06.650 [http-nio-8080-exec-7] INFO  c.a.l.c.catalog.ProductController - GET /api/products/13/available-leathers
2026-09-04 00:09:06.654 [http-nio-8080-exec-7] INFO  c.a.l.s.c.ProductCatalogService - Fetching available leathers for product: 13
2026-09-04 00:09:06.658 [http-nio-8080-exec-6] INFO  c.a.l.c.ProductCatalogCacheRepository - Product detail cache hit: product:detail:13:USD
2026-09-04 00:09:06.658 [http-nio-8080-exec-6] INFO  c.a.l.s.c.ProductCatalogService - Cache hit: Returning product 13 for USD
2026-09-04 00:09:06.709 [http-nio-8080-exec-10] INFO  c.a.l.c.catalog.ProductController - GET /api/products/13 - Product detail requested
2026-09-04 00:09:06.720 [http-nio-8080-exec-10] INFO  c.a.l.c.ProductCatalogCacheRepository - Product detail cache hit: product:detail:13:USD
2026-09-04 00:09:06.720 [http-nio-8080-exec-10] INFO  c.a.l.s.c.ProductCatalogService - Cache hit: Returning product 13 for USD
2026-09-04 00:09:07.091 [http-nio-8080-exec-7] INFO  c.a.l.cache.LeatherCacheRepository - Cached 2 leathers for product: 13
2026-09-04 00:09:07.091 [http-nio-8080-exec-7] INFO  c.a.l.s.c.ProductCatalogService - Found and cached 2 leathers for product: 13
2026-09-04 00:09:07.152 [http-nio-8080-exec-5] INFO  c.a.l.c.catalog.ProductController - GET /api/products/13/available-leathers
2026-09-04 00:09:07.161 [http-nio-8080-exec-5] INFO  c.a.l.s.c.ProductCatalogService - Fetching available leathers for product: 13
2026-09-04 00:09:07.174 [http-nio-8080-exec-5] INFO  c.a.l.cache.LeatherCacheRepository - Cache hit for leathers: 13
2026-09-04 00:09:07.175 [http-nio-8080-exec-5] INFO  c.a.l.s.c.ProductCatalogService - Returning cached leathers for product: 13
2026-09-04 00:09:12.205 [http-nio-8080-exec-9] INFO  c.a.l.c.catalog.ProductController - GET /api/products - page: 0, filter: ProductFilterRequest(modelType=null, search=, page=0, size=12)
2026-09-04 00:09:12.209 [http-nio-8080-exec-9] INFO  c.a.l.s.c.ProductCatalogService - Fetching product catalog - page: 0, currency: USD
2026-09-04 00:09:12.234 [http-nio-8080-exec-9] INFO  c.a.l.c.ProductCatalogCacheRepository - Initial page cache hit for USD
2026-09-04 00:09:13.815 [http-nio-8080-exec-3] INFO  c.a.l.c.catalog.ProductController - GET /api/products/13/available-leathers
2026-09-04 00:09:13.822 [http-nio-8080-exec-3] INFO  c.a.l.s.c.ProductCatalogService - Fetching available leathers for product: 13
2026-09-04 00:09:13.821 [http-nio-8080-exec-2] INFO  c.a.l.c.catalog.ProductController - GET /api/products/13 - Product detail requested
2026-09-04 00:09:13.833 [http-nio-8080-exec-3] INFO  c.a.l.cache.LeatherCacheRepository - Cache hit for leathers: 13
2026-09-04 00:09:13.838 [http-nio-8080-exec-3] INFO  c.a.l.s.c.ProductCatalogService - Returning cached leathers for product: 13
2026-09-04 00:09:13.846 [http-nio-8080-exec-2] INFO  c.a.l.c.ProductCatalogCacheRepository - Product detail cache hit: product:detail:13:USD
2026-09-04 00:09:13.846 [http-nio-8080-exec-2] INFO  c.a.l.s.c.ProductCatalogService - Cache hit: Returning product 13 for USD
2026-09-04 00:09:13.874 [http-nio-8080-exec-8] INFO  c.a.l.c.catalog.ProductController - GET /api/products/13 - Product detail requested
2026-09-04 00:09:13.874 [http-nio-8080-exec-1] INFO  c.a.l.c.catalog.ProductController - GET /api/products/13/available-leathers
2026-09-04 00:09:13.875 [http-nio-8080-exec-1] INFO  c.a.l.s.c.ProductCatalogService - Fetching available leathers for product: 13
2026-09-04 00:09:13.897 [http-nio-8080-exec-8] INFO  c.a.l.c.ProductCatalogCacheRepository - Product detail cache hit: product:detail:13:USD
2026-09-04 00:09:13.898 [http-nio-8080-exec-8] INFO  c.a.l.s.c.ProductCatalogService - Cache hit: Returning product 13 for USD
2026-09-04 00:09:13.897 [http-nio-8080-exec-1] INFO  c.a.l.cache.LeatherCacheRepository - Cache hit for leathers: 13
2026-09-04 00:09:13.899 [http-nio-8080-exec-1] INFO  c.a.l.s.c.ProductCatalogService - Returning cached leathers for product: 13
2026-09-04 00:09:32.323 [http-nio-8080-exec-4] INFO  c.a.l.c.catalog.ProductController - GET /api/products - page: 0, filter: ProductFilterRequest(modelType=null, search=, page=0, size=12)
2026-09-04 00:09:32.369 [http-nio-8080-exec-4] INFO  c.a.l.s.c.ProductCatalogService - Fetching product catalog - page: 0, currency: USD
2026-09-04 00:09:32.432 [http-nio-8080-exec-4] INFO  c.a.l.c.ProductCatalogCacheRepository - Initial page cache hit for USD
2026-09-04 00:17:03.173 [HikariPool-1:housekeeper] WARN  com.zaxxer.hikari.pool.PoolBase - HikariPool-1 - Failed to validate connection org.postgresql.jdbc.PgConnection@7f3a5007 (This connection has been closed.). Possibly consider using a shorter maxLifetime value.
2026-09-04 00:26:18.917 [http-nio-8080-exec-9] INFO  c.a.l.c.catalog.ProductController - GET /api/products - page: 0, filter: ProductFilterRequest(modelType=null, search=, page=0, size=12)
2026-09-04 00:26:19.078 [http-nio-8080-exec-9] INFO  c.a.l.s.c.ProductCatalogService - Fetching product catalog - page: 0, currency: USD
2026-09-04 00:26:19.429 [http-nio-8080-exec-9] INFO  c.a.l.c.ProductCatalogCacheRepository - Initial page cache hit for USD
2026-09-04 00:26:46.937 [http-nio-8080-exec-8] INFO  c.a.l.c.a.AdminPricingRuleController - GET /api/admin/pricing/rules
2026-09-04 00:26:46.951 [http-nio-8080-exec-8] INFO  c.a.l.s.pricing.PricingRuleService - Fetching pricing rules, activeOnly: false
2026-09-04 00:26:47.157 [http-nio-8080-exec-4] INFO  c.a.l.c.catalog.ProductController - GET /api/products - page: 0, filter: ProductFilterRequest(modelType=null, search=, page=0, size=12)
2026-09-04 00:26:47.319 [http-nio-8080-exec-4] INFO  c.a.l.s.c.ProductCatalogService - Fetching product catalog - page: 0, currency: USD
2026-09-04 00:26:47.448 [http-nio-8080-exec-4] INFO  c.a.l.c.ProductCatalogCacheRepository - Initial page cache hit for USD
2026-09-04 00:26:54.986 [http-nio-8080-exec-10] INFO  c.a.l.c.a.AdminProductsController - GET /api/admin/products - filter: ProductModelFilter(id=null, modelname=null, modelType=null, availabilityStatus=null, isActive=null, from=null, to=null), page: Page request [number: 0, size 12, sort: createdAt: DESC]
2026-09-04 00:26:55.035 [http-nio-8080-exec-10] INFO  c.a.l.s.c.AdminProductModelService - Admin fetching ALL product models (including inactive/draft) with filter: ProductModelFilter(id=null, modelname=null, modelType=null, availabilityStatus=null, isActive=null, from=null, to=null)
2026-09-04 00:26:57.596 [http-nio-8080-exec-9] INFO  c.a.l.c.a.AdminProductsController - GET /api/admin/products/13
2026-09-04 00:26:57.767 [http-nio-8080-exec-3] INFO  c.a.l.c.a.AdminProductsController - GET /api/admin/products/13
2026-09-04 00:26:57.778 [http-nio-8080-exec-1] INFO  c.a.l.c.a.AdminProductPriceController - GET /api/admin/products/13/calculated-prices
2026-09-04 00:26:57.788 [http-nio-8080-exec-1] INFO  c.a.l.s.pricing.ProductPriceService - Admin fetching calculated prices for product: 13
2026-09-04 00:26:58.027 [http-nio-8080-exec-4] INFO  c.a.l.c.a.AdminProductPriceController - GET /api/admin/products/13/calculated-prices
2026-09-04 00:26:58.027 [http-nio-8080-exec-4] INFO  c.a.l.s.pricing.ProductPriceService - Admin fetching calculated prices for product: 13
2026-09-04 00:27:08.341 [http-nio-8080-exec-6] INFO  c.a.l.c.a.AdminProductPriceManuelController - POST /api/admin/products/13/manual-prices
2026-09-04 00:27:08.346 [http-nio-8080-exec-6] INFO  c.a.l.s.pricing.ManualPriceService - Creating manual prices for product: 13
2026-09-04 00:27:08.414 [http-nio-8080-exec-6] INFO  c.a.l.cache.PriceCacheRepository - Price cached: price:product:13:grade:1:USD
2026-09-04 00:27:08.414 [http-nio-8080-exec-6] INFO  c.a.l.s.pricing.ManualPriceService - Manual USD price cached for Product: 13 | Grade: 1 | Amount: 56
2026-09-04 00:27:08.515 [http-nio-8080-exec-10] INFO  c.a.l.c.a.AdminProductsController - GET /api/admin/products/13
2026-09-04 00:27:08.666 [http-nio-8080-exec-5] INFO  c.a.l.c.a.AdminProductPriceController - GET /api/admin/products/13/calculated-prices
2026-09-04 00:27:08.689 [http-nio-8080-exec-5] INFO  c.a.l.s.pricing.ProductPriceService - Admin fetching calculated prices for product: 13
2026-09-04 00:29:37.982 [http-nio-8080-exec-2] INFO  c.a.l.c.a.AdminProductPriceManuelController - POST /api/admin/products/13/manual-prices
2026-09-04 00:29:38.050 [http-nio-8080-exec-2] INFO  c.a.l.s.pricing.ManualPriceService - Creating manual prices for product: 13
2026-09-04 00:29:38.631 [http-nio-8080-exec-2] INFO  c.a.l.cache.PriceCacheRepository - Price cached: price:product:13:grade:1:USD
2026-09-04 00:29:38.632 [http-nio-8080-exec-2] INFO  c.a.l.s.pricing.ManualPriceService - Manual USD price cached for Product: 13 | Grade: 1 | Amount: 70
2026-09-04 00:29:38.812 [http-nio-8080-exec-3] INFO  c.a.l.c.a.AdminProductsController - GET /api/admin/products/13
2026-09-04 00:29:38.895 [http-nio-8080-exec-1] INFO  c.a.l.c.a.AdminProductPriceController - GET /api/admin/products/13/calculated-prices
2026-09-04 00:29:38.908 [http-nio-8080-exec-1] INFO  c.a.l.s.pricing.ProductPriceService - Admin fetching calculated prices for product: 13
2026-09-04 01:09:49.312 [org.springframework.amqp.rabbit.RabbitListenerEndpointContainer#0-2] INFO  o.s.a.r.l.SimpleMessageListenerContainer - Waiting for workers to finish.
2026-09-04 01:09:49.343 [org.springframework.amqp.rabbit.RabbitListenerEndpointContainer#0-2] INFO  o.s.a.r.l.SimpleMessageListenerContainer - Successfully waited for workers to finish.
2026-09-04 01:09:49.404 [SpringApplicationShutdownHook] INFO  o.s.b.w.e.tomcat.GracefulShutdown - Commencing graceful shutdown. Waiting for active requests to complete
2026-09-04 01:09:49.588 [tomcat-shutdown] INFO  o.s.b.w.e.tomcat.GracefulShutdown - Graceful shutdown complete
2026-09-04 01:09:50.282 [SpringApplicationShutdownHook] INFO  o.s.o.j.LocalContainerEntityManagerFactoryBean - Closing JPA EntityManagerFactory for persistence unit 'default'
2026-09-04 01:09:50.449 [SpringApplicationShutdownHook] INFO  com.zaxxer.hikari.HikariDataSource - HikariPool-1 - Shutdown initiated...
2026-09-04 01:09:50.574 [SpringApplicationShutdownHook] INFO  com.zaxxer.hikari.HikariDataSource - HikariPool-1 - Shutdown completed.
2026-09-04 01:10:36.267 [background-preinit] INFO  o.h.validator.internal.util.Version - HV000001: Hibernate Validator 8.0.3.Final
2026-09-04 01:10:36.384 [main] INFO  c.a.leather.AiatelyeApplication - Starting AiatelyeApplication using Java 21.0.8 with PID 24236 (D:\My_project_Spring\Aiatelye\Aiatelye\build\classes\java\main started by elcin in D:\My_project_Spring\Aiatelye\Aiatelye)
2026-09-04 01:10:36.386 [main] INFO  c.a.leather.AiatelyeApplication - No active profile set, falling back to 1 default profile: "default"
2026-09-04 01:10:41.101 [main] INFO  o.s.d.r.c.RepositoryConfigurationDelegate - Multiple Spring Data modules found, entering strict repository configuration mode
2026-09-04 01:10:41.106 [main] INFO  o.s.d.r.c.RepositoryConfigurationDelegate - Bootstrapping Spring Data JPA repositories in DEFAULT mode.
2026-09-04 01:10:41.951 [main] INFO  o.s.d.r.c.RepositoryConfigurationDelegate - Finished Spring Data repository scanning in 821 ms. Found 16 JPA repository interfaces.
2026-09-04 01:10:42.011 [main] INFO  o.s.d.r.c.RepositoryConfigurationDelegate - Multiple Spring Data modules found, entering strict repository configuration mode
2026-09-04 01:10:42.015 [main] INFO  o.s.d.r.c.RepositoryConfigurationDelegate - Bootstrapping Spring Data Redis repositories in DEFAULT mode.
2026-09-04 01:10:42.108 [main] INFO  o.s.d.r.c.RepositoryConfigurationExtensionSupport - Spring Data Redis - Could not safely identify store assignment for repository candidate interface com.aiatelye.leather.repository.CustomDesignRepository; If you want this repository to be a Redis repository, consider annotating your entities with one of these annotations: org.springframework.data.redis.core.RedisHash (preferred), or consider extending one of the following types with your repository: org.springframework.data.keyvalue.repository.KeyValueRepository
2026-09-04 01:10:42.109 [main] INFO  o.s.d.r.c.RepositoryConfigurationExtensionSupport - Spring Data Redis - Could not safely identify store assignment for repository candidate interface com.aiatelye.leather.repository.DeliveryCountryConfigRepository; If you want this repository to be a Redis repository, consider annotating your entities with one of these annotations: org.springframework.data.redis.core.RedisHash (preferred), or consider extending one of the following types with your repository: org.springframework.data.keyvalue.repository.KeyValueRepository
2026-09-04 01:10:42.110 [main] INFO  o.s.d.r.c.RepositoryConfigurationExtensionSupport - Spring Data Redis - Could not safely identify store assignment for repository candidate interface com.aiatelye.leather.repository.LeatherGradeRepository; If you want this repository to be a Redis repository, consider annotating your entities with one of these annotations: org.springframework.data.redis.core.RedisHash (preferred), or consider extending one of the following types with your repository: org.springframework.data.keyvalue.repository.KeyValueRepository
2026-09-04 01:10:42.111 [main] INFO  o.s.d.r.c.RepositoryConfigurationExtensionSupport - Spring Data Redis - Could not safely identify store assignment for repository candidate interface com.aiatelye.leather.repository.LeatherRepository; If you want this repository to be a Redis repository, consider annotating your entities with one of these annotations: org.springframework.data.redis.core.RedisHash (preferred), or consider extending one of the following types with your repository: org.springframework.data.keyvalue.repository.KeyValueRepository
2026-09-04 01:10:42.113 [main] INFO  o.s.d.r.c.RepositoryConfigurationExtensionSupport - Spring Data Redis - Could not safely identify store assignment for repository candidate interface com.aiatelye.leather.repository.OrderItemRepository; If you want this repository to be a Redis repository, consider annotating your entities with one of these annotations: org.springframework.data.redis.core.RedisHash (preferred), or consider extending one of the following types with your repository: org.springframework.data.keyvalue.repository.KeyValueRepository
2026-09-04 01:10:42.114 [main] INFO  o.s.d.r.c.RepositoryConfigurationExtensionSupport - Spring Data Redis - Could not safely identify store assignment for repository candidate interface com.aiatelye.leather.repository.OrderRepository; If you want this repository to be a Redis repository, consider annotating your entities with one of these annotations: org.springframework.data.redis.core.RedisHash (preferred), or consider extending one of the following types with your repository: org.springframework.data.keyvalue.repository.KeyValueRepository
2026-09-04 01:10:42.115 [main] INFO  o.s.d.r.c.RepositoryConfigurationExtensionSupport - Spring Data Redis - Could not safely identify store assignment for repository candidate interface com.aiatelye.leather.repository.PasswordResetTokenRepository; If you want this repository to be a Redis repository, consider annotating your entities with one of these annotations: org.springframework.data.redis.core.RedisHash (preferred), or consider extending one of the following types with your repository: org.springframework.data.keyvalue.repository.KeyValueRepository
2026-09-04 01:10:42.115 [main] INFO  o.s.d.r.c.RepositoryConfigurationExtensionSupport - Spring Data Redis - Could not safely identify store assignment for repository candidate interface com.aiatelye.leather.repository.PaymentRepository; If you want this repository to be a Redis repository, consider annotating your entities with one of these annotations: org.springframework.data.redis.core.RedisHash (preferred), or consider extending one of the following types with your repository: org.springframework.data.keyvalue.repository.KeyValueRepository
2026-09-04 01:10:42.116 [main] INFO  o.s.d.r.c.RepositoryConfigurationExtensionSupport - Spring Data Redis - Could not safely identify store assignment for repository candidate interface com.aiatelye.leather.repository.PricingRuleRepository; If you want this repository to be a Redis repository, consider annotating your entities with one of these annotations: org.springframework.data.redis.core.RedisHash (preferred), or consider extending one of the following types with your repository: org.springframework.data.keyvalue.repository.KeyValueRepository
2026-09-04 01:10:42.118 [main] INFO  o.s.d.r.c.RepositoryConfigurationExtensionSupport - Spring Data Redis - Could not safely identify store assignment for repository candidate interface com.aiatelye.leather.repository.ProductGradePriceRepository; If you want this repository to be a Redis repository, consider annotating your entities with one of these annotations: org.springframework.data.redis.core.RedisHash (preferred), or consider extending one of the following types with your repository: org.springframework.data.keyvalue.repository.KeyValueRepository
2026-09-04 01:10:42.119 [main] INFO  o.s.d.r.c.RepositoryConfigurationExtensionSupport - Spring Data Redis - Could not safely identify store assignment for repository candidate interface com.aiatelye.leather.repository.ProductImageRepository; If you want this repository to be a Redis repository, consider annotating your entities with one of these annotations: org.springframework.data.redis.core.RedisHash (preferred), or consider extending one of the following types with your repository: org.springframework.data.keyvalue.repository.KeyValueRepository
2026-09-04 01:10:42.120 [main] INFO  o.s.d.r.c.RepositoryConfigurationExtensionSupport - Spring Data Redis - Could not safely identify store assignment for repository candidate interface com.aiatelye.leather.repository.ProductModelRepository; If you want this repository to be a Redis repository, consider annotating your entities with one of these annotations: org.springframework.data.redis.core.RedisHash (preferred), or consider extending one of the following types with your repository: org.springframework.data.keyvalue.repository.KeyValueRepository
2026-09-04 01:10:42.121 [main] INFO  o.s.d.r.c.RepositoryConfigurationExtensionSupport - Spring Data Redis - Could not safely identify store assignment for repository candidate interface com.aiatelye.leather.repository.ShippingLocationRepository; If you want this repository to be a Redis repository, consider annotating your entities with one of these annotations: org.springframework.data.redis.core.RedisHash (preferred), or consider extending one of the following types with your repository: org.springframework.data.keyvalue.repository.KeyValueRepository
2026-09-04 01:10:42.122 [main] INFO  o.s.d.r.c.RepositoryConfigurationExtensionSupport - Spring Data Redis - Could not safely identify store assignment for repository candidate interface com.aiatelye.leather.repository.UserLimitRepository; If you want this repository to be a Redis repository, consider annotating your entities with one of these annotations: org.springframework.data.redis.core.RedisHash (preferred), or consider extending one of the following types with your repository: org.springframework.data.keyvalue.repository.KeyValueRepository
2026-09-04 01:10:42.122 [main] INFO  o.s.d.r.c.RepositoryConfigurationExtensionSupport - Spring Data Redis - Could not safely identify store assignment for repository candidate interface com.aiatelye.leather.repository.UserRepository; If you want this repository to be a Redis repository, consider annotating your entities with one of these annotations: org.springframework.data.redis.core.RedisHash (preferred), or consider extending one of the following types with your repository: org.springframework.data.keyvalue.repository.KeyValueRepository
2026-09-04 01:10:42.123 [main] INFO  o.s.d.r.c.RepositoryConfigurationExtensionSupport - Spring Data Redis - Could not safely identify store assignment for repository candidate interface com.aiatelye.leather.Securty.repository.AuthUserRepository; If you want this repository to be a Redis repository, consider annotating your entities with one of these annotations: org.springframework.data.redis.core.RedisHash (preferred), or consider extending one of the following types with your repository: org.springframework.data.keyvalue.repository.KeyValueRepository
2026-09-04 01:10:42.125 [main] INFO  o.s.d.r.c.RepositoryConfigurationDelegate - Finished Spring Data repository scanning in 75 ms. Found 0 Redis repository interfaces.
2026-09-04 01:10:43.304 [main] INFO  o.s.cloud.context.scope.GenericScope - BeanFactory id=35dc3c04-cf60-3a22-a864-4e0a2a33e972
2026-09-04 01:10:44.912 [main] INFO  o.s.b.w.e.tomcat.TomcatWebServer - Tomcat initialized with port 8080 (http)
2026-09-04 01:10:44.951 [main] INFO  o.a.coyote.http11.Http11NioProtocol - Initializing ProtocolHandler ["http-nio-8080"]
2026-09-04 01:10:44.956 [main] INFO  o.a.catalina.core.StandardService - Starting service [Tomcat]
2026-09-04 01:10:44.956 [main] INFO  o.a.catalina.core.StandardEngine - Starting Servlet engine: [Apache Tomcat/10.1.50]
2026-09-04 01:10:46.973 [main] INFO  o.a.c.c.C.[Tomcat].[localhost].[/] - Initializing Spring embedded WebApplicationContext
2026-09-04 01:10:46.975 [main] INFO  o.s.b.w.s.c.ServletWebServerApplicationContext - Root WebApplicationContext: initialization completed in 10381 ms
2026-09-04 01:10:47.756 [main] INFO  o.h.jpa.internal.util.LogHelper - HHH000204: Processing PersistenceUnitInfo [name: default]
2026-09-04 01:10:48.006 [main] INFO  org.hibernate.Version - HHH000412: Hibernate ORM core version 6.6.41.Final
2026-09-04 01:10:48.374 [main] INFO  o.h.c.i.RegionFactoryInitiator - HHH000026: Second-level cache disabled
2026-09-04 01:10:52.085 [main] INFO  o.s.o.j.p.SpringPersistenceUnitInfo - No LoadTimeWeaver setup: ignoring JPA class transformer
2026-09-04 01:10:52.693 [main] INFO  com.zaxxer.hikari.HikariDataSource - HikariPool-1 - Starting...
2026-09-04 01:10:56.288 [main] INFO  com.zaxxer.hikari.pool.HikariPool - HikariPool-1 - Added connection org.postgresql.jdbc.PgConnection@55574295
2026-09-04 01:10:56.293 [main] INFO  com.zaxxer.hikari.HikariDataSource - HikariPool-1 - Start completed.
2026-09-04 01:10:59.582 [main] INFO  o.hibernate.orm.connections.pooling - HHH10001005: Database info:
	Database JDBC URL [Connecting through datasource 'HikariDataSource (HikariPool-1)']
	Database driver: undefined/unknown
	Database version: 15.17
	Autocommit mode: undefined/unknown
	Isolation level: undefined/unknown
	Minimum pool size: undefined/unknown
	Maximum pool size: undefined/unknown
2026-09-04 01:11:08.393 [main] INFO  o.h.e.t.j.p.i.JtaPlatformInitiator - HHH000489: No JTA platform available (set 'hibernate.transaction.jta.platform' to enable JTA platform integration)
2026-09-04 01:11:15.006 [main] WARN  o.h.e.jdbc.spi.SqlExceptionHelper - SQL Warning Code: 0, SQLState: 00000
2026-09-04 01:11:15.007 [main] WARN  o.h.e.jdbc.spi.SqlExceptionHelper - constraint "uk781pmjx7kf279uopjhmbwnqhl" of relation "favorites" does not exist, skipping
2026-09-04 01:11:19.400 [main] INFO  o.s.o.j.LocalContainerEntityManagerFactoryBean - Initialized JPA EntityManagerFactory for persistence unit 'default'
2026-09-04 01:11:20.631 [main] INFO  o.hibernate.query.sqm.tree.SqmNode - ========== PAYRIFF CONFIG YOXLANIŞI ==========
2026-09-04 01:11:20.632 [main] INFO  o.hibernate.query.sqm.tree.SqmNode - Base URL: {}https://api.payriff.com/api/v3
2026-09-04 01:11:20.632 [main] INFO  o.hibernate.query.sqm.tree.SqmNode - Merchant ID: {}ES1097832
2026-09-04 01:11:20.633 [main] INFO  o.hibernate.query.sqm.tree.SqmNode - Callback URL: {} https://furless-birgit-journalary.ngrok-free.dev/api/internal/payriff-callback
2026-09-04 01:11:20.633 [main] INFO  o.hibernate.query.sqm.tree.SqmNode - Secret Key Mövcuddur?: {}true
2026-09-04 01:11:20.633 [main] INFO  o.hibernate.query.sqm.tree.SqmNode - Secret Key (İlkin 6 simvol): {}******3D6627
2026-09-04 01:11:20.634 [main] INFO  o.hibernate.query.sqm.tree.SqmNode - ===============================================
2026-09-04 01:11:22.222 [main] INFO  c.a.l.componet.OrderNumberGenerator - Database sequence 'order_number_seq' checked/created successfully.
2026-09-04 01:11:25.306 [main] INFO  o.s.d.j.r.query.QueryEnhancerFactory - Hibernate is in classpath; If applicable, HQL parser will be used.
2026-09-04 01:11:32.988 [main] INFO  o.s.s.c.a.a.c.InitializeAuthenticationProviderBeanManagerConfigurer$InitializeAuthenticationProviderManagerConfigurer - Global AuthenticationManager configured with AuthenticationProvider bean with name daoAuthenticationProvider
2026-09-04 01:11:32.990 [main] WARN  o.s.s.c.a.a.c.InitializeUserDetailsBeanManagerConfigurer$InitializeUserDetailsManagerConfigurer - Global AuthenticationManager configured with an AuthenticationProvider bean. UserDetailsService beans will not be used by Spring Security for automatically configuring username/password login. Consider removing the AuthenticationProvider bean. Alternatively, consider using the UserDetailsService in a manually instantiated DaoAuthenticationProvider. If the current configuration is intentional, to turn off this warning, increase the logging level of 'org.springframework.security.config.annotation.authentication.configuration.InitializeUserDetailsBeanManagerConfigurer' to ERROR
2026-09-04 01:11:35.108 [main] INFO  o.a.coyote.http11.Http11NioProtocol - Starting ProtocolHandler ["http-nio-8080"]
2026-09-04 01:11:35.144 [main] INFO  o.s.b.w.e.tomcat.TomcatWebServer - Tomcat started on port 8080 (http) with context path '/'
2026-09-04 01:11:35.188 [main] INFO  o.s.a.r.c.CachingConnectionFactory - Attempting to connect to: [localhost:5672]
2026-09-04 01:11:35.562 [main] INFO  o.s.a.r.c.CachingConnectionFactory - Created new connection: rabbitConnectionFactory#6c6a8692:0/SimpleConnection@3e660ff5 [delegate=amqp://admin@127.0.0.1:5672/, localPort=62701]
2026-09-04 01:11:35.902 [main] INFO  c.a.leather.AiatelyeApplication - Started AiatelyeApplication in 61.56 seconds (process running for 64.183)
2026-09-04 01:11:35.918 [main] INFO  c.a.l.componet.CountryConfigSeeder - Ölkələrin bazada olub-olmaması yoxlanılır...
2026-09-04 01:11:46.105 [main] INFO  c.a.l.componet.CountryConfigSeeder - Bütün çatdırılma ölkələri artıq bazada mövcuddur. Əlavə işləməyə ehtiyac yoxdur.
2026-09-04 01:14:41.449 [http-nio-8080-exec-1] INFO  o.a.c.c.C.[Tomcat].[localhost].[/] - Initializing Spring DispatcherServlet 'dispatcherServlet'
2026-09-04 01:14:41.469 [http-nio-8080-exec-1] INFO  o.s.web.servlet.DispatcherServlet - Initializing Servlet 'dispatcherServlet'
2026-09-04 01:14:41.674 [http-nio-8080-exec-1] INFO  o.s.web.servlet.DispatcherServlet - Completed initialization in 204 ms
2026-09-04 01:14:42.828 [http-nio-8080-exec-1] INFO  c.a.l.c.catalog.ProductController - GET /api/products - page: 0, filter: ProductFilterRequest(modelType=null, search=, page=0, size=12)
2026-09-04 01:14:42.917 [http-nio-8080-exec-1] INFO  c.a.l.s.c.ProductCatalogService - Fetching product catalog - page: 0, currency: USD
2026-09-04 01:14:47.920 [http-nio-8080-exec-1] INFO  c.a.l.cache.PriceCacheRepository - Price cache hit: price:product:13:grade:1:USD
2026-09-04 01:14:48.106 [http-nio-8080-exec-1] INFO  c.a.l.cache.PriceCacheRepository - Price cached: price:product:8:grade:3:AZN
2026-09-04 01:14:48.147 [http-nio-8080-exec-1] INFO  c.a.l.cache.PriceCacheRepository - Price cached: price:product:5:grade:2:AZN
2026-09-04 01:14:48.170 [http-nio-8080-exec-1] INFO  c.a.l.cache.PriceCacheRepository - Price cached: price:product:1:grade:1:AZN
2026-09-04 01:14:48.368 [http-nio-8080-exec-1] INFO  c.a.l.c.ProductCatalogCacheRepository - Initial page cached for USD: 6 products
2026-09-04 01:14:56.706 [http-nio-8080-exec-3] INFO  c.a.l.c.a.AdminPricingRuleController - GET /api/admin/pricing/rules
2026-09-04 01:14:56.714 [http-nio-8080-exec-3] INFO  c.a.l.s.pricing.PricingRuleService - Fetching pricing rules, activeOnly: false
2026-09-04 01:14:56.778 [http-nio-8080-exec-5] INFO  c.a.l.c.a.AdminPricingRuleController - GET /api/admin/pricing/rules
2026-09-04 01:14:56.778 [http-nio-8080-exec-5] INFO  c.a.l.s.pricing.PricingRuleService - Fetching pricing rules, activeOnly: false
2026-09-04 01:14:56.973 [http-nio-8080-exec-6] INFO  c.a.l.c.catalog.ProductController - GET /api/products - page: 0, filter: ProductFilterRequest(modelType=null, search=, page=0, size=12)
2026-09-04 01:14:56.976 [http-nio-8080-exec-6] INFO  c.a.l.s.c.ProductCatalogService - Fetching product catalog - page: 0, currency: USD
2026-09-04 01:14:57.332 [http-nio-8080-exec-6] INFO  c.a.l.c.ProductCatalogCacheRepository - Initial page cache hit for USD
2026-09-04 01:15:03.377 [http-nio-8080-exec-1] INFO  c.a.l.c.catalog.ProductController - GET /api/products/8 - Product detail requested
2026-09-04 01:15:03.377 [http-nio-8080-exec-4] INFO  c.a.l.c.catalog.ProductController - GET /api/products/8/available-leathers
2026-09-04 01:15:03.443 [http-nio-8080-exec-4] INFO  c.a.l.s.c.ProductCatalogService - Fetching available leathers for product: 8
2026-09-04 01:15:04.685 [http-nio-8080-exec-4] INFO  c.a.l.cache.LeatherCacheRepository - Cached 4 leathers for product: 8
2026-09-04 01:15:04.685 [http-nio-8080-exec-4] INFO  c.a.l.s.c.ProductCatalogService - Found and cached 4 leathers for product: 8
2026-09-04 01:15:04.703 [http-nio-8080-exec-1] INFO  c.a.l.cache.PriceCacheRepository - Price cached: price:product:8:grade:2:AZN
2026-09-04 01:15:04.722 [http-nio-8080-exec-2] INFO  c.a.l.c.catalog.ProductController - GET /api/products/8/available-leathers
2026-09-04 01:15:04.722 [http-nio-8080-exec-2] INFO  c.a.l.s.c.ProductCatalogService - Fetching available leathers for product: 8
2026-09-04 01:15:04.755 [http-nio-8080-exec-2] INFO  c.a.l.cache.LeatherCacheRepository - Cache hit for leathers: 8
2026-09-04 01:15:04.760 [http-nio-8080-exec-2] INFO  c.a.l.s.c.ProductCatalogService - Returning cached leathers for product: 8
2026-09-04 01:15:04.914 [http-nio-8080-exec-1] INFO  c.a.l.cache.PriceCacheRepository - Price cached: price:product:8:grade:3:AZN
2026-09-04 01:15:05.212 [http-nio-8080-exec-1] INFO  c.a.l.cache.PriceCacheRepository - Price cached: price:product:8:grade:1:AZN
2026-09-04 01:15:05.295 [http-nio-8080-exec-1] INFO  c.a.l.c.ProductCatalogCacheRepository - Product detail cached with key: product:detail:8:USD
2026-09-04 01:15:05.361 [http-nio-8080-exec-3] INFO  c.a.l.c.catalog.ProductController - GET /api/products/8 - Product detail requested
2026-09-04 01:15:05.534 [http-nio-8080-exec-3] INFO  c.a.l.c.ProductCatalogCacheRepository - Product detail cache hit: product:detail:8:USD
2026-09-04 01:15:05.792 [http-nio-8080-exec-3] INFO  c.a.l.s.c.ProductCatalogService - Cache hit: Returning product 8 for USD
2026-09-04 01:15:09.661 [http-nio-8080-exec-5] INFO  c.a.l.c.catalog.ProductController - GET /api/products - page: 0, filter: ProductFilterRequest(modelType=null, search=, page=0, size=12)
2026-09-04 01:15:09.705 [http-nio-8080-exec-5] INFO  c.a.l.s.c.ProductCatalogService - Fetching product catalog - page: 0, currency: USD
2026-09-04 01:15:09.713 [http-nio-8080-exec-5] INFO  c.a.l.c.ProductCatalogCacheRepository - Initial page cache hit for USD
2026-09-04 01:15:13.464 [http-nio-8080-exec-4] INFO  c.a.l.c.catalog.ProductController - GET /api/products/13/available-leathers
2026-09-04 01:15:13.470 [http-nio-8080-exec-9] INFO  c.a.l.c.catalog.ProductController - GET /api/products/13 - Product detail requested
2026-09-04 01:15:13.470 [http-nio-8080-exec-4] INFO  c.a.l.s.c.ProductCatalogService - Fetching available leathers for product: 13
2026-09-04 01:15:13.496 [http-nio-8080-exec-9] INFO  c.a.l.cache.PriceCacheRepository - Price cache hit: price:product:13:grade:1:USD
2026-09-04 01:15:13.519 [http-nio-8080-exec-9] INFO  c.a.l.c.ProductCatalogCacheRepository - Product detail cached with key: product:detail:13:USD
2026-09-04 01:15:13.522 [http-nio-8080-exec-4] INFO  c.a.l.cache.LeatherCacheRepository - Cached 2 leathers for product: 13
2026-09-04 01:15:13.522 [http-nio-8080-exec-4] INFO  c.a.l.s.c.ProductCatalogService - Found and cached 2 leathers for product: 13
2026-09-04 01:15:13.549 [http-nio-8080-exec-2] INFO  c.a.l.c.catalog.ProductController - GET /api/products/13 - Product detail requested
2026-09-04 01:15:13.559 [http-nio-8080-exec-2] INFO  c.a.l.c.ProductCatalogCacheRepository - Product detail cache hit: product:detail:13:USD
2026-09-04 01:15:13.560 [http-nio-8080-exec-2] INFO  c.a.l.s.c.ProductCatalogService - Cache hit: Returning product 13 for USD
2026-09-04 01:15:13.567 [http-nio-8080-exec-1] INFO  c.a.l.c.catalog.ProductController - GET /api/products/13/available-leathers
2026-09-04 01:15:13.567 [http-nio-8080-exec-1] INFO  c.a.l.s.c.ProductCatalogService - Fetching available leathers for product: 13
2026-09-04 01:15:13.576 [http-nio-8080-exec-1] INFO  c.a.l.cache.LeatherCacheRepository - Cache hit for leathers: 13
2026-09-04 01:15:13.578 [http-nio-8080-exec-1] INFO  c.a.l.s.c.ProductCatalogService - Returning cached leathers for product: 13
2026-09-04 01:15:16.553 [http-nio-8080-exec-3] INFO  c.a.l.c.catalog.ProductController - GET /api/products - page: 0, filter: ProductFilterRequest(modelType=null, search=, page=0, size=12)
2026-09-04 01:15:16.721 [http-nio-8080-exec-3] INFO  c.a.l.s.c.ProductCatalogService - Fetching product catalog - page: 0, currency: USD
2026-09-04 01:15:16.865 [http-nio-8080-exec-3] INFO  c.a.l.c.ProductCatalogCacheRepository - Initial page cache hit for USD
2026-09-04 01:15:33.651 [http-nio-8080-exec-10] INFO  c.a.l.c.a.AdminProductsController - GET /api/admin/products - filter: ProductModelFilter(id=null, modelname=null, modelType=null, availabilityStatus=null, isActive=null, from=null, to=null), page: Page request [number: 0, size 12, sort: createdAt: DESC]
2026-09-04 01:15:33.661 [http-nio-8080-exec-10] INFO  c.a.l.s.c.AdminProductModelService - Admin fetching ALL product models (including inactive/draft) with filter: ProductModelFilter(id=null, modelname=null, modelType=null, availabilityStatus=null, isActive=null, from=null, to=null)
2026-09-04 01:15:35.471 [http-nio-8080-exec-7] INFO  c.a.l.c.a.AdminProductsController - GET /api/admin/products/13
2026-09-04 01:15:35.518 [http-nio-8080-exec-9] INFO  c.a.l.c.a.AdminProductsController - GET /api/admin/products/13
2026-09-04 01:15:35.525 [http-nio-8080-exec-2] INFO  c.a.l.c.a.AdminProductPriceController - GET /api/admin/products/13/calculated-prices
2026-09-04 01:15:35.528 [http-nio-8080-exec-2] INFO  c.a.l.s.pricing.ProductPriceService - Admin fetching calculated prices for product: 13
2026-09-04 01:15:35.599 [http-nio-8080-exec-1] INFO  c.a.l.c.a.AdminProductPriceController - GET /api/admin/products/13/calculated-prices
2026-09-04 01:15:35.600 [http-nio-8080-exec-1] INFO  c.a.l.s.pricing.ProductPriceService - Admin fetching calculated prices for product: 13
2026-09-04 01:15:44.085 [http-nio-8080-exec-5] INFO  c.a.l.c.a.AdminProductPriceManuelController - POST /api/admin/products/13/manual-prices
2026-09-04 01:15:44.089 [http-nio-8080-exec-5] INFO  c.a.l.s.pricing.ManualPriceService - Creating manual prices for product: 13
2026-09-04 01:15:44.172 [http-nio-8080-exec-5] INFO  c.a.l.cache.PriceCacheRepository - Price cached: price:product:13:grade:1:USD
2026-09-04 01:15:44.172 [http-nio-8080-exec-5] INFO  c.a.l.s.pricing.ManualPriceService - Manual USD price cached for Product: 13 | Grade: 1 | Amount: 71
2026-09-04 01:15:44.310 [http-nio-8080-exec-5] INFO  c.a.l.c.ProductCatalogCacheRepository - All initial page caches invalidated
2026-09-04 01:15:44.354 [http-nio-8080-exec-10] INFO  c.a.l.c.a.AdminProductsController - GET /api/admin/products/13
2026-09-04 01:15:44.453 [http-nio-8080-exec-8] INFO  c.a.l.c.a.AdminProductPriceController - GET /api/admin/products/13/calculated-prices
2026-09-04 01:15:44.453 [http-nio-8080-exec-8] INFO  c.a.l.s.pricing.ProductPriceService - Admin fetching calculated prices for product: 13
2026-09-04 01:15:48.424 [http-nio-8080-exec-6] INFO  c.a.l.c.catalog.ProductController - GET /api/products - page: 0, filter: ProductFilterRequest(modelType=null, search=, page=0, size=12)
2026-09-04 01:15:48.565 [http-nio-8080-exec-6] INFO  c.a.l.s.c.ProductCatalogService - Fetching product catalog - page: 0, currency: USD
2026-09-04 01:15:48.830 [http-nio-8080-exec-6] INFO  c.a.l.cache.PriceCacheRepository - Price cache hit: price:product:13:grade:1:USD
2026-09-04 01:15:49.326 [http-nio-8080-exec-6] INFO  c.a.l.cache.PriceCacheRepository - Price cached: price:product:8:grade:3:AZN
2026-09-04 01:15:49.952 [http-nio-8080-exec-6] INFO  c.a.l.cache.PriceCacheRepository - Price cached: price:product:5:grade:2:AZN
2026-09-04 01:15:50.175 [http-nio-8080-exec-6] INFO  c.a.l.cache.PriceCacheRepository - Price cached: price:product:1:grade:1:AZN
2026-09-04 01:15:50.241 [http-nio-8080-exec-6] INFO  c.a.l.c.ProductCatalogCacheRepository - Initial page cached for USD: 6 products
2026-09-04 01:15:56.540 [http-nio-8080-exec-4] INFO  c.a.l.c.catalog.ProductController - GET /api/products/8/available-leathers
2026-09-04 01:15:56.546 [http-nio-8080-exec-7] INFO  c.a.l.c.catalog.ProductController - GET /api/products/8 - Product detail requested
2026-09-04 01:15:56.557 [http-nio-8080-exec-4] INFO  c.a.l.s.c.ProductCatalogService - Fetching available leathers for product: 8
2026-09-04 01:15:56.563 [http-nio-8080-exec-4] INFO  c.a.l.cache.LeatherCacheRepository - Cache hit for leathers: 8
2026-09-04 01:15:56.563 [http-nio-8080-exec-4] INFO  c.a.l.s.c.ProductCatalogService - Returning cached leathers for product: 8
2026-09-04 01:15:56.563 [http-nio-8080-exec-7] INFO  c.a.l.c.ProductCatalogCacheRepository - Product detail cache hit: product:detail:8:USD
2026-09-04 01:15:56.563 [http-nio-8080-exec-7] INFO  c.a.l.s.c.ProductCatalogService - Cache hit: Returning product 8 for USD
2026-09-04 01:15:56.588 [http-nio-8080-exec-9] INFO  c.a.l.c.catalog.ProductController - GET /api/products/8/available-leathers
2026-09-04 01:15:56.588 [http-nio-8080-exec-9] INFO  c.a.l.s.c.ProductCatalogService - Fetching available leathers for product: 8
2026-09-04 01:15:56.591 [http-nio-8080-exec-2] INFO  c.a.l.c.catalog.ProductController - GET /api/products/8 - Product detail requested
2026-09-04 01:15:56.596 [http-nio-8080-exec-9] INFO  c.a.l.cache.LeatherCacheRepository - Cache hit for leathers: 8
2026-09-04 01:15:56.599 [http-nio-8080-exec-9] INFO  c.a.l.s.c.ProductCatalogService - Returning cached leathers for product: 8
2026-09-04 01:15:56.607 [http-nio-8080-exec-2] INFO  c.a.l.c.ProductCatalogCacheRepository - Product detail cache hit: product:detail:8:USD
2026-09-04 01:15:56.607 [http-nio-8080-exec-2] INFO  c.a.l.s.c.ProductCatalogService - Cache hit: Returning product 8 for USD
2026-09-04 01:16:05.105 [http-nio-8080-exec-1] INFO  c.a.l.c.a.AdminProductsController - GET /api/admin/products - filter: ProductModelFilter(id=null, modelname=null, modelType=null, availabilityStatus=null, isActive=null, from=null, to=null), page: Page request [number: 0, size 12, sort: createdAt: DESC]
2026-09-04 01:16:05.121 [http-nio-8080-exec-1] INFO  c.a.l.s.c.AdminProductModelService - Admin fetching ALL product models (including inactive/draft) with filter: ProductModelFilter(id=null, modelname=null, modelType=null, availabilityStatus=null, isActive=null, from=null, to=null)
2026-09-04 01:16:07.027 [http-nio-8080-exec-10] INFO  c.a.l.c.a.AdminProductsController - GET /api/admin/products/10
2026-09-04 01:16:07.202 [http-nio-8080-exec-8] INFO  c.a.l.c.a.AdminProductsController - GET /api/admin/products/10
2026-09-04 01:16:07.205 [http-nio-8080-exec-4] INFO  c.a.l.c.a.AdminProductPriceController - GET /api/admin/products/10/calculated-prices
2026-09-04 01:16:07.220 [http-nio-8080-exec-4] INFO  c.a.l.s.pricing.ProductPriceService - Admin fetching calculated prices for product: 10
2026-09-04 01:16:07.303 [http-nio-8080-exec-7] INFO  c.a.l.c.a.AdminProductPriceController - GET /api/admin/products/10/calculated-prices
2026-09-04 01:16:07.303 [http-nio-8080-exec-7] INFO  c.a.l.s.pricing.ProductPriceService - Admin fetching calculated prices for product: 10
2026-09-04 01:16:16.147 [http-nio-8080-exec-3] INFO  c.a.l.c.a.AdminLeathersController - GET /api/admin/leathers - filter: LeatherFilter(id=null, leathername=null, origin=null, color=null, gradeType=null, availabilityStatus=null, isActive=null, from=null, to=null), page: Page request [number: 0, size 10, sort: createdAt: DESC]
2026-09-04 01:16:16.162 [http-nio-8080-exec-3] INFO  c.a.l.s.admin.AdminLeatherService - Admin fetching ALL leathers (including inactive/draft) with filter: LeatherFilter(id=null, leathername=null, origin=null, color=null, gradeType=null, availabilityStatus=null, isActive=null, from=null, to=null)
2026-09-04 01:16:17.544 [http-nio-8080-exec-5] INFO  c.a.l.c.a.AdminProductsController - GET /api/admin/products - filter: ProductModelFilter(id=null, modelname=null, modelType=null, availabilityStatus=null, isActive=null, from=null, to=null), page: Page request [number: 0, size 12, sort: createdAt: DESC]
2026-09-04 01:16:17.552 [http-nio-8080-exec-5] INFO  c.a.l.s.c.AdminProductModelService - Admin fetching ALL product models (including inactive/draft) with filter: ProductModelFilter(id=null, modelname=null, modelType=null, availabilityStatus=null, isActive=null, from=null, to=null)
2026-09-04 01:16:19.112 [http-nio-8080-exec-8] INFO  c.a.l.c.a.AdminProductsController - GET /api/admin/products/8
2026-09-04 01:16:19.245 [http-nio-8080-exec-7] INFO  c.a.l.c.a.AdminProductsController - GET /api/admin/products/8
2026-09-04 01:16:19.266 [http-nio-8080-exec-2] INFO  c.a.l.c.a.AdminProductPriceController - GET /api/admin/products/8/calculated-prices
2026-09-04 01:16:19.266 [http-nio-8080-exec-2] INFO  c.a.l.s.pricing.ProductPriceService - Admin fetching calculated prices for product: 8
2026-09-04 01:16:19.429 [http-nio-8080-exec-9] INFO  c.a.l.c.a.AdminProductPriceController - GET /api/admin/products/8/calculated-prices
2026-09-04 01:16:19.430 [http-nio-8080-exec-9] INFO  c.a.l.s.pricing.ProductPriceService - Admin fetching calculated prices for product: 8
2026-09-04 01:16:27.105 [http-nio-8080-exec-3] INFO  c.a.l.c.a.AdminProductPriceManuelController - POST /api/admin/products/8/manual-prices
2026-09-04 01:16:27.109 [http-nio-8080-exec-3] INFO  c.a.l.s.pricing.ManualPriceService - Creating manual prices for product: 8
2026-09-04 01:16:27.154 [http-nio-8080-exec-3] INFO  c.a.l.cache.PriceCacheRepository - Price cached: price:product:8:grade:3:USD
2026-09-04 01:16:27.154 [http-nio-8080-exec-3] INFO  c.a.l.s.pricing.ManualPriceService - Manual USD price cached for Product: 8 | Grade: 3 | Amount: 97
2026-09-04 01:16:27.183 [http-nio-8080-exec-3] INFO  c.a.l.c.ProductCatalogCacheRepository - All initial page caches invalidated
2026-09-04 01:16:27.199 [http-nio-8080-exec-5] INFO  c.a.l.c.a.AdminProductsController - GET /api/admin/products/8
2026-09-04 01:16:27.231 [http-nio-8080-exec-10] INFO  c.a.l.c.a.AdminProductPriceController - GET /api/admin/products/8/calculated-prices
2026-09-04 01:16:27.231 [http-nio-8080-exec-10] INFO  c.a.l.s.pricing.ProductPriceService - Admin fetching calculated prices for product: 8
2026-09-04 01:16:29.338 [http-nio-8080-exec-6] INFO  c.a.l.c.catalog.ProductController - GET /api/products - page: 0, filter: ProductFilterRequest(modelType=null, search=, page=0, size=12)
2026-09-04 01:16:29.401 [http-nio-8080-exec-6] INFO  c.a.l.s.c.ProductCatalogService - Fetching product catalog - page: 0, currency: USD
2026-09-04 01:16:29.471 [http-nio-8080-exec-6] INFO  c.a.l.cache.PriceCacheRepository - Price cache hit: price:product:13:grade:1:USD
2026-09-04 01:16:29.471 [http-nio-8080-exec-6] INFO  c.a.l.cache.PriceCacheRepository - Price cache hit: price:product:8:grade:3:USD
2026-09-04 01:16:29.618 [http-nio-8080-exec-6] INFO  c.a.l.cache.PriceCacheRepository - Price cached: price:product:5:grade:2:AZN
2026-09-04 01:16:29.713 [http-nio-8080-exec-6] INFO  c.a.l.cache.PriceCacheRepository - Price cached: price:product:1:grade:1:AZN
2026-09-04 01:16:29.727 [http-nio-8080-exec-6] INFO  c.a.l.c.ProductCatalogCacheRepository - Initial page cached for USD: 6 products
2026-09-04 01:16:32.856 [http-nio-8080-exec-1] INFO  c.a.l.c.catalog.ProductController - GET /api/products/1 - Product detail requested
2026-09-04 01:16:32.858 [http-nio-8080-exec-9] INFO  c.a.l.c.catalog.ProductController - GET /api/products/1/available-leathers
2026-09-04 01:16:32.869 [http-nio-8080-exec-9] INFO  c.a.l.s.c.ProductCatalogService - Fetching available leathers for product: 1
2026-09-04 01:16:32.912 [http-nio-8080-exec-9] INFO  c.a.l.cache.LeatherCacheRepository - Cached 4 leathers for product: 1
2026-09-04 01:16:32.913 [http-nio-8080-exec-9] INFO  c.a.l.s.c.ProductCatalogService - Found and cached 4 leathers for product: 1
2026-09-04 01:16:32.923 [http-nio-8080-exec-1] INFO  c.a.l.cache.PriceCacheRepository - Price cached: price:product:1:grade:1:AZN
2026-09-04 01:16:32.932 [http-nio-8080-exec-3] INFO  c.a.l.c.catalog.ProductController - GET /api/products/1/available-leathers
2026-09-04 01:16:32.937 [http-nio-8080-exec-3] INFO  c.a.l.s.c.ProductCatalogService - Fetching available leathers for product: 1
2026-09-04 01:16:32.944 [http-nio-8080-exec-3] INFO  c.a.l.cache.LeatherCacheRepository - Cache hit for leathers: 1
2026-09-04 01:16:32.945 [http-nio-8080-exec-3] INFO  c.a.l.s.c.ProductCatalogService - Returning cached leathers for product: 1
2026-09-04 01:16:32.971 [http-nio-8080-exec-1] INFO  c.a.l.cache.PriceCacheRepository - Price cached: price:product:1:grade:3:AZN
2026-09-04 01:16:32.976 [http-nio-8080-exec-1] INFO  c.a.l.c.ProductCatalogCacheRepository - Product detail cached with key: product:detail:1:USD
2026-09-04 01:16:32.994 [http-nio-8080-exec-5] INFO  c.a.l.c.catalog.ProductController - GET /api/products/1 - Product detail requested
2026-09-04 01:16:33.016 [http-nio-8080-exec-5] INFO  c.a.l.c.ProductCatalogCacheRepository - Product detail cache hit: product:detail:1:USD
2026-09-04 01:16:33.016 [http-nio-8080-exec-5] INFO  c.a.l.s.c.ProductCatalogService - Cache hit: Returning product 1 for USD
2026-09-04 01:16:35.733 [http-nio-8080-exec-10] INFO  c.a.l.c.catalog.ProductController - GET /api/products - page: 0, filter: ProductFilterRequest(modelType=null, search=, page=0, size=12)
2026-09-04 01:16:35.830 [http-nio-8080-exec-10] INFO  c.a.l.s.c.ProductCatalogService - Fetching product catalog - page: 0, currency: USD
2026-09-04 01:16:35.845 [http-nio-8080-exec-10] INFO  c.a.l.c.ProductCatalogCacheRepository - Initial page cache hit for USD
2026-09-04 01:16:43.342 [http-nio-8080-exec-2] INFO  c.a.l.c.catalog.ProductController - GET /api/products/5 - Product detail requested
2026-09-04 01:16:43.350 [http-nio-8080-exec-8] INFO  c.a.l.c.catalog.ProductController - GET /api/products/5/available-leathers
2026-09-04 01:16:43.824 [http-nio-8080-exec-8] INFO  c.a.l.s.c.ProductCatalogService - Fetching available leathers for product: 5
2026-09-04 01:16:45.034 [http-nio-8080-exec-2] INFO  c.a.l.cache.PriceCacheRepository - Price cached: price:product:5:grade:2:AZN
2026-09-04 01:16:45.501 [http-nio-8080-exec-8] INFO  c.a.l.cache.LeatherCacheRepository - Cached 4 leathers for product: 5
2026-09-04 01:16:45.501 [http-nio-8080-exec-8] INFO  c.a.l.s.c.ProductCatalogService - Found and cached 4 leathers for product: 5
2026-09-04 01:16:45.551 [http-nio-8080-exec-7] INFO  c.a.l.c.catalog.ProductController - GET /api/products/5/available-leathers
2026-09-04 01:16:45.551 [http-nio-8080-exec-7] INFO  c.a.l.s.c.ProductCatalogService - Fetching available leathers for product: 5
2026-09-04 01:16:45.568 [http-nio-8080-exec-7] INFO  c.a.l.cache.LeatherCacheRepository - Cache hit for leathers: 5
2026-09-04 01:16:45.568 [http-nio-8080-exec-7] INFO  c.a.l.s.c.ProductCatalogService - Returning cached leathers for product: 5
2026-09-04 01:16:45.583 [http-nio-8080-exec-2] INFO  c.a.l.cache.PriceCacheRepository - Price cached: price:product:5:grade:3:AZN
2026-09-04 01:16:45.670 [http-nio-8080-exec-2] INFO  c.a.l.cache.PriceCacheRepository - Price cached: price:product:5:grade:1:AZN
2026-09-04 01:16:45.695 [http-nio-8080-exec-2] INFO  c.a.l.c.ProductCatalogCacheRepository - Product detail cached with key: product:detail:5:USD
2026-09-04 01:16:45.767 [http-nio-8080-exec-9] INFO  c.a.l.c.catalog.ProductController - GET /api/products/5 - Product detail requested
2026-09-04 01:16:45.788 [http-nio-8080-exec-9] INFO  c.a.l.c.ProductCatalogCacheRepository - Product detail cache hit: product:detail:5:USD
2026-09-04 01:16:45.788 [http-nio-8080-exec-9] INFO  c.a.l.s.c.ProductCatalogService - Cache hit: Returning product 5 for USD
2026-09-04 01:16:50.674 [http-nio-8080-exec-3] INFO  c.a.l.c.catalog.ProductController - GET /api/products - page: 0, filter: ProductFilterRequest(modelType=null, search=, page=0, size=12)
2026-09-04 01:16:50.717 [http-nio-8080-exec-3] INFO  c.a.l.s.c.ProductCatalogService - Fetching product catalog - page: 0, currency: USD
2026-09-04 01:16:50.907 [http-nio-8080-exec-3] INFO  c.a.l.c.ProductCatalogCacheRepository - Initial page cache hit for USD
2026-09-04 01:16:54.528 [http-nio-8080-exec-1] INFO  c.a.l.c.catalog.ProductController - GET /api/products/8 - Product detail requested
2026-09-04 01:16:54.546 [http-nio-8080-exec-5] INFO  c.a.l.c.catalog.ProductController - GET /api/products/8/available-leathers
2026-09-04 01:16:54.565 [http-nio-8080-exec-5] INFO  c.a.l.s.c.ProductCatalogService - Fetching available leathers for product: 8
2026-09-04 01:16:54.565 [http-nio-8080-exec-1] INFO  c.a.l.c.ProductCatalogCacheRepository - Product detail cache hit: product:detail:8:USD
2026-09-04 01:16:54.565 [http-nio-8080-exec-1] INFO  c.a.l.s.c.ProductCatalogService - Cache hit: Returning product 8 for USD
2026-09-04 01:16:54.601 [http-nio-8080-exec-10] INFO  c.a.l.c.catalog.ProductController - GET /api/products/8 - Product detail requested
2026-09-04 01:16:54.703 [http-nio-8080-exec-5] INFO  c.a.l.cache.LeatherCacheRepository - Cache hit for leathers: 8
2026-09-04 01:16:54.703 [http-nio-8080-exec-5] INFO  c.a.l.s.c.ProductCatalogService - Returning cached leathers for product: 8
2026-09-04 01:16:54.703 [http-nio-8080-exec-10] INFO  c.a.l.c.ProductCatalogCacheRepository - Product detail cache hit: product:detail:8:USD
2026-09-04 01:16:54.703 [http-nio-8080-exec-10] INFO  c.a.l.s.c.ProductCatalogService - Cache hit: Returning product 8 for USD
2026-09-04 01:16:54.739 [http-nio-8080-exec-6] INFO  c.a.l.c.catalog.ProductController - GET /api/products/8/available-leathers
2026-09-04 01:16:54.739 [http-nio-8080-exec-6] INFO  c.a.l.s.c.ProductCatalogService - Fetching available leathers for product: 8
2026-09-04 01:16:54.742 [http-nio-8080-exec-6] INFO  c.a.l.cache.LeatherCacheRepository - Cache hit for leathers: 8
2026-09-04 01:16:54.754 [http-nio-8080-exec-6] INFO  c.a.l.s.c.ProductCatalogService - Returning cached leathers for product: 8
2026-09-04 01:16:57.131 [http-nio-8080-exec-4] INFO  c.a.l.c.catalog.ProductController - GET /api/products - page: 0, filter: ProductFilterRequest(modelType=null, search=, page=0, size=12)
2026-09-04 01:16:57.177 [http-nio-8080-exec-4] INFO  c.a.l.s.c.ProductCatalogService - Fetching product catalog - page: 0, currency: USD
2026-09-04 01:16:57.270 [http-nio-8080-exec-4] INFO  c.a.l.c.ProductCatalogCacheRepository - Initial page cache hit for USD
2026-09-04 01:17:14.835 [http-nio-8080-exec-7] INFO  c.a.l.c.catalog.ProductController - GET /api/products/8/available-leathers
2026-09-04 01:17:14.835 [http-nio-8080-exec-8] INFO  c.a.l.c.catalog.ProductController - GET /api/products/8 - Product detail requested
2026-09-04 01:17:14.848 [http-nio-8080-exec-7] INFO  c.a.l.s.c.ProductCatalogService - Fetching available leathers for product: 8
2026-09-04 01:17:14.853 [http-nio-8080-exec-7] INFO  c.a.l.cache.LeatherCacheRepository - Cache hit for leathers: 8
2026-09-04 01:17:14.853 [http-nio-8080-exec-8] INFO  c.a.l.c.ProductCatalogCacheRepository - Product detail cache hit: product:detail:8:USD
2026-09-04 01:17:14.853 [http-nio-8080-exec-8] INFO  c.a.l.s.c.ProductCatalogService - Cache hit: Returning product 8 for USD
2026-09-04 01:17:14.853 [http-nio-8080-exec-7] INFO  c.a.l.s.c.ProductCatalogService - Returning cached leathers for product: 8
2026-09-04 01:17:14.870 [http-nio-8080-exec-2] INFO  c.a.l.c.catalog.ProductController - GET /api/products/8 - Product detail requested
2026-09-04 01:17:14.873 [http-nio-8080-exec-9] INFO  c.a.l.c.catalog.ProductController - GET /api/products/8/available-leathers
2026-09-04 01:17:14.873 [http-nio-8080-exec-9] INFO  c.a.l.s.c.ProductCatalogService - Fetching available leathers for product: 8
2026-09-04 01:17:14.878 [http-nio-8080-exec-9] INFO  c.a.l.cache.LeatherCacheRepository - Cache hit for leathers: 8
2026-09-04 01:17:14.878 [http-nio-8080-exec-2] INFO  c.a.l.c.ProductCatalogCacheRepository - Product detail cache hit: product:detail:8:USD
2026-09-04 01:17:14.878 [http-nio-8080-exec-9] INFO  c.a.l.s.c.ProductCatalogService - Returning cached leathers for product: 8
2026-09-04 01:17:14.878 [http-nio-8080-exec-2] INFO  c.a.l.s.c.ProductCatalogService - Cache hit: Returning product 8 for USD
2026-09-04 01:17:26.409 [http-nio-8080-exec-3] INFO  c.a.l.c.catalog.ProductController - GET /api/products - page: 0, filter: ProductFilterRequest(modelType=null, search=, page=0, size=12)
2026-09-04 01:17:26.423 [http-nio-8080-exec-3] INFO  c.a.l.s.c.ProductCatalogService - Fetching product catalog - page: 0, currency: USD
2026-09-04 01:17:26.457 [http-nio-8080-exec-3] INFO  c.a.l.c.ProductCatalogCacheRepository - Initial page cache hit for USD
2026-09-04 01:17:28.811 [http-nio-8080-exec-1] INFO  c.a.l.c.catalog.ProductController - GET /api/products/13 - Product detail requested
2026-09-04 01:17:28.811 [http-nio-8080-exec-5] INFO  c.a.l.c.catalog.ProductController - GET /api/products/13/available-leathers
2026-09-04 01:17:28.818 [http-nio-8080-exec-5] INFO  c.a.l.s.c.ProductCatalogService - Fetching available leathers for product: 13
2026-09-04 01:17:28.823 [http-nio-8080-exec-5] INFO  c.a.l.cache.LeatherCacheRepository - Cache hit for leathers: 13
2026-09-04 01:17:28.823 [http-nio-8080-exec-1] INFO  c.a.l.c.ProductCatalogCacheRepository - Product detail cache hit: product:detail:13:USD
2026-09-04 01:17:28.824 [http-nio-8080-exec-1] INFO  c.a.l.s.c.ProductCatalogService - Cache hit: Returning product 13 for USD
2026-09-04 01:17:28.824 [http-nio-8080-exec-5] INFO  c.a.l.s.c.ProductCatalogService - Returning cached leathers for product: 13
2026-09-04 01:17:28.834 [http-nio-8080-exec-10] INFO  c.a.l.c.catalog.ProductController - GET /api/products/13 - Product detail requested
2026-09-04 01:17:28.834 [http-nio-8080-exec-6] INFO  c.a.l.c.catalog.ProductController - GET /api/products/13/available-leathers
2026-09-04 01:17:28.834 [http-nio-8080-exec-6] INFO  c.a.l.s.c.ProductCatalogService - Fetching available leathers for product: 13
2026-09-04 01:17:28.840 [http-nio-8080-exec-10] INFO  c.a.l.c.ProductCatalogCacheRepository - Product detail cache hit: product:detail:13:USD
2026-09-04 01:17:28.840 [http-nio-8080-exec-10] INFO  c.a.l.s.c.ProductCatalogService - Cache hit: Returning product 13 for USD
2026-09-04 01:17:28.840 [http-nio-8080-exec-6] INFO  c.a.l.cache.LeatherCacheRepository - Cache hit for leathers: 13
2026-09-04 01:17:28.842 [http-nio-8080-exec-6] INFO  c.a.l.s.c.ProductCatalogService - Returning cached leathers for product: 13
2026-09-04 01:17:45.533 [http-nio-8080-exec-8] INFO  c.a.l.c.catalog.ProductController - GET /api/products - page: 0, filter: ProductFilterRequest(modelType=null, search=, page=0, size=12)
2026-09-04 01:17:45.618 [http-nio-8080-exec-8] INFO  c.a.l.s.c.ProductCatalogService - Fetching product catalog - page: 0, currency: USD
2026-09-04 01:17:45.634 [http-nio-8080-exec-8] INFO  c.a.l.c.ProductCatalogCacheRepository - Initial page cache hit for USD
2026-09-04 01:17:50.651 [http-nio-8080-exec-9] INFO  c.a.l.c.catalog.ProductController - GET /api/products/13 - Product detail requested
2026-09-04 01:17:50.655 [http-nio-8080-exec-2] INFO  c.a.l.c.catalog.ProductController - GET /api/products/13/available-leathers
2026-09-04 01:17:50.695 [http-nio-8080-exec-9] INFO  c.a.l.c.ProductCatalogCacheRepository - Product detail cache hit: product:detail:13:USD
2026-09-04 01:17:50.695 [http-nio-8080-exec-9] INFO  c.a.l.s.c.ProductCatalogService - Cache hit: Returning product 13 for USD
2026-09-04 01:17:50.696 [http-nio-8080-exec-2] INFO  c.a.l.s.c.ProductCatalogService - Fetching available leathers for product: 13
2026-09-04 01:17:50.700 [http-nio-8080-exec-2] INFO  c.a.l.cache.LeatherCacheRepository - Cache hit for leathers: 13
2026-09-04 01:17:50.700 [http-nio-8080-exec-2] INFO  c.a.l.s.c.ProductCatalogService - Returning cached leathers for product: 13
2026-09-04 01:17:50.717 [http-nio-8080-exec-2] INFO  c.a.l.c.catalog.ProductController - GET /api/products/13 - Product detail requested
2026-09-04 01:17:50.771 [http-nio-8080-exec-5] INFO  c.a.l.c.catalog.ProductController - GET /api/products/13/available-leathers
2026-09-04 01:17:50.771 [http-nio-8080-exec-5] INFO  c.a.l.s.c.ProductCatalogService - Fetching available leathers for product: 13
2026-09-04 01:17:50.804 [http-nio-8080-exec-2] INFO  c.a.l.c.ProductCatalogCacheRepository - Product detail cache hit: product:detail:13:USD
2026-09-04 01:17:50.804 [http-nio-8080-exec-2] INFO  c.a.l.s.c.ProductCatalogService - Cache hit: Returning product 13 for USD
2026-09-04 01:17:50.805 [http-nio-8080-exec-5] INFO  c.a.l.cache.LeatherCacheRepository - Cache hit for leathers: 13
2026-09-04 01:17:50.805 [http-nio-8080-exec-5] INFO  c.a.l.s.c.ProductCatalogService - Returning cached leathers for product: 13
2026-09-04 01:17:55.798 [http-nio-8080-exec-1] INFO  c.a.l.c.catalog.ProductController - GET /api/products - page: 0, filter: ProductFilterRequest(modelType=null, search=, page=0, size=12)
2026-09-04 01:17:55.866 [http-nio-8080-exec-1] INFO  c.a.l.s.c.ProductCatalogService - Fetching product catalog - page: 0, currency: USD
2026-09-04 01:17:55.894 [http-nio-8080-exec-1] INFO  c.a.l.c.ProductCatalogCacheRepository - Initial page cache hit for USD
2026-09-04 01:17:57.318 [http-nio-8080-exec-6] INFO  c.a.l.c.catalog.ProductController - GET /api/products/8/available-leathers
2026-09-04 01:17:57.321 [http-nio-8080-exec-10] INFO  c.a.l.c.catalog.ProductController - GET /api/products/8 - Product detail requested
2026-09-04 01:17:57.340 [http-nio-8080-exec-6] INFO  c.a.l.s.c.ProductCatalogService - Fetching available leathers for product: 8
2026-09-04 01:17:57.343 [http-nio-8080-exec-10] INFO  c.a.l.c.ProductCatalogCacheRepository - Product detail cache hit: product:detail:8:USD
2026-09-04 01:17:57.343 [http-nio-8080-exec-10] INFO  c.a.l.s.c.ProductCatalogService - Cache hit: Returning product 8 for USD
2026-09-04 01:17:57.353 [http-nio-8080-exec-6] INFO  c.a.l.cache.LeatherCacheRepository - Cache hit for leathers: 8
2026-09-04 01:17:57.353 [http-nio-8080-exec-6] INFO  c.a.l.s.c.ProductCatalogService - Returning cached leathers for product: 8
2026-09-04 01:17:57.359 [http-nio-8080-exec-7] INFO  c.a.l.c.catalog.ProductController - GET /api/products/8 - Product detail requested
2026-09-04 01:17:57.371 [http-nio-8080-exec-4] INFO  c.a.l.c.catalog.ProductController - GET /api/products/8/available-leathers
2026-09-04 01:17:57.372 [http-nio-8080-exec-4] INFO  c.a.l.s.c.ProductCatalogService - Fetching available leathers for product: 8
2026-09-04 01:17:57.377 [http-nio-8080-exec-7] INFO  c.a.l.c.ProductCatalogCacheRepository - Product detail cache hit: product:detail:8:USD
2026-09-04 01:17:57.377 [http-nio-8080-exec-4] INFO  c.a.l.cache.LeatherCacheRepository - Cache hit for leathers: 8
2026-09-04 01:17:57.377 [http-nio-8080-exec-7] INFO  c.a.l.s.c.ProductCatalogService - Cache hit: Returning product 8 for USD
2026-09-04 01:17:57.377 [http-nio-8080-exec-4] INFO  c.a.l.s.c.ProductCatalogService - Returning cached leathers for product: 8
2026-09-04 01:18:06.191 [http-nio-8080-exec-8] INFO  c.a.l.c.catalog.ProductController - GET /api/products - page: 0, filter: ProductFilterRequest(modelType=null, search=, page=0, size=12)
2026-09-04 01:18:06.244 [http-nio-8080-exec-8] INFO  c.a.l.s.c.ProductCatalogService - Fetching product catalog - page: 0, currency: USD
2026-09-04 01:18:06.290 [http-nio-8080-exec-8] INFO  c.a.l.c.ProductCatalogCacheRepository - Initial page cache hit for USD
2026-09-04 01:18:08.242 [http-nio-8080-exec-9] INFO  c.a.l.c.catalog.ProductController - GET /api/products/13 - Product detail requested
2026-09-04 01:18:08.242 [http-nio-8080-exec-3] INFO  c.a.l.c.catalog.ProductController - GET /api/products/13/available-leathers
2026-09-04 01:18:08.247 [http-nio-8080-exec-3] INFO  c.a.l.s.c.ProductCatalogService - Fetching available leathers for product: 13
2026-09-04 01:18:08.251 [http-nio-8080-exec-3] INFO  c.a.l.cache.LeatherCacheRepository - Cache hit for leathers: 13
2026-09-04 01:18:08.251 [http-nio-8080-exec-9] INFO  c.a.l.c.ProductCatalogCacheRepository - Product detail cache hit: product:detail:13:USD
2026-09-04 01:18:08.251 [http-nio-8080-exec-9] INFO  c.a.l.s.c.ProductCatalogService - Cache hit: Returning product 13 for USD
2026-09-04 01:18:08.251 [http-nio-8080-exec-3] INFO  c.a.l.s.c.ProductCatalogService - Returning cached leathers for product: 13
2026-09-04 01:18:08.263 [http-nio-8080-exec-2] INFO  c.a.l.c.catalog.ProductController - GET /api/products/13/available-leathers
2026-09-04 01:18:08.263 [http-nio-8080-exec-2] INFO  c.a.l.s.c.ProductCatalogService - Fetching available leathers for product: 13
2026-09-04 01:18:08.667 [http-nio-8080-exec-2] INFO  c.a.l.cache.LeatherCacheRepository - Cache hit for leathers: 13
2026-09-04 01:18:08.667 [http-nio-8080-exec-2] INFO  c.a.l.s.c.ProductCatalogService - Returning cached leathers for product: 13
2026-09-04 01:18:08.671 [http-nio-8080-exec-5] INFO  c.a.l.c.catalog.ProductController - GET /api/products/13 - Product detail requested
2026-09-04 01:18:08.685 [http-nio-8080-exec-5] INFO  c.a.l.c.ProductCatalogCacheRepository - Product detail cache hit: product:detail:13:USD
2026-09-04 01:18:08.685 [http-nio-8080-exec-5] INFO  c.a.l.s.c.ProductCatalogService - Cache hit: Returning product 13 for USD
2026-09-04 01:18:14.202 [http-nio-8080-exec-1] INFO  c.a.l.c.catalog.ProductController - GET /api/products - page: 0, filter: ProductFilterRequest(modelType=null, search=, page=0, size=12)
2026-09-04 01:18:14.307 [http-nio-8080-exec-1] INFO  c.a.l.s.c.ProductCatalogService - Fetching product catalog - page: 0, currency: USD
2026-09-04 01:18:14.327 [http-nio-8080-exec-1] INFO  c.a.l.c.ProductCatalogCacheRepository - Initial page cache hit for USD
2026-09-04 01:18:19.486 [http-nio-8080-exec-10] INFO  c.a.l.c.a.AdminProductsController - GET /api/admin/products - filter: ProductModelFilter(id=null, modelname=null, modelType=null, availabilityStatus=null, isActive=null, from=null, to=null), page: Page request [number: 0, size 12, sort: createdAt: DESC]
2026-09-04 01:18:19.490 [http-nio-8080-exec-10] INFO  c.a.l.s.c.AdminProductModelService - Admin fetching ALL product models (including inactive/draft) with filter: ProductModelFilter(id=null, modelname=null, modelType=null, availabilityStatus=null, isActive=null, from=null, to=null)
2026-09-04 01:18:21.053 [http-nio-8080-exec-6] INFO  c.a.l.c.a.AdminProductsController - GET /api/admin/products/13
2026-09-04 01:18:21.087 [http-nio-8080-exec-4] INFO  c.a.l.c.a.AdminProductsController - GET /api/admin/products/13
2026-09-04 01:18:21.088 [http-nio-8080-exec-7] INFO  c.a.l.c.a.AdminProductPriceController - GET /api/admin/products/13/calculated-prices
2026-09-04 01:18:21.090 [http-nio-8080-exec-7] INFO  c.a.l.s.pricing.ProductPriceService - Admin fetching calculated prices for product: 13
2026-09-04 01:18:21.122 [http-nio-8080-exec-8] INFO  c.a.l.c.a.AdminProductPriceController - GET /api/admin/products/13/calculated-prices
2026-09-04 01:18:21.123 [http-nio-8080-exec-8] INFO  c.a.l.s.pricing.ProductPriceService - Admin fetching calculated prices for product: 13
2026-09-04 01:23:46.889 [http-nio-8080-exec-2] INFO  c.a.l.c.a.AdminProductsController - GET /api/admin/products - filter: ProductModelFilter(id=null, modelname=null, modelType=null, availabilityStatus=null, isActive=null, from=null, to=null), page: Page request [number: 0, size 12, sort: createdAt: DESC]
2026-09-04 01:23:46.992 [http-nio-8080-exec-2] INFO  c.a.l.s.c.AdminProductModelService - Admin fetching ALL product models (including inactive/draft) with filter: ProductModelFilter(id=null, modelname=null, modelType=null, availabilityStatus=null, isActive=null, from=null, to=null)
2026-09-04 01:23:48.366 [http-nio-8080-exec-5] INFO  c.a.l.c.catalog.ProductController - GET /api/products - page: 0, filter: ProductFilterRequest(modelType=null, search=, page=0, size=12)
2026-09-04 01:23:48.399 [http-nio-8080-exec-5] INFO  c.a.l.s.c.ProductCatalogService - Fetching product catalog - page: 0, currency: USD
2026-09-04 01:23:49.040 [http-nio-8080-exec-5] INFO  c.a.l.c.ProductCatalogCacheRepository - Initial page cache hit for USD
2026-09-04 01:23:55.961 [http-nio-8080-exec-1] INFO  c.a.l.c.catalog.ProductController - GET /api/products/8 - Product detail requested
2026-09-04 01:23:56.018 [http-nio-8080-exec-10] INFO  c.a.l.c.catalog.ProductController - GET /api/products/8/available-leathers
2026-09-04 01:23:56.050 [http-nio-8080-exec-10] INFO  c.a.l.s.c.ProductCatalogService - Fetching available leathers for product: 8
2026-09-04 01:23:56.054 [http-nio-8080-exec-1] INFO  c.a.l.c.ProductCatalogCacheRepository - Product detail cache hit: product:detail:8:USD
2026-09-04 01:23:56.057 [http-nio-8080-exec-1] INFO  c.a.l.s.c.ProductCatalogService - Cache hit: Returning product 8 for USD
2026-09-04 01:23:56.111 [http-nio-8080-exec-6] INFO  c.a.l.c.catalog.ProductController - GET /api/products/8 - Product detail requested
2026-09-04 01:23:56.116 [http-nio-8080-exec-10] INFO  c.a.l.cache.LeatherCacheRepository - Cache hit for leathers: 8
2026-09-04 01:23:56.118 [http-nio-8080-exec-10] INFO  c.a.l.s.c.ProductCatalogService - Returning cached leathers for product: 8
2026-09-04 01:23:56.122 [http-nio-8080-exec-6] INFO  c.a.l.c.ProductCatalogCacheRepository - Product detail cache hit: product:detail:8:USD
2026-09-04 01:23:56.122 [http-nio-8080-exec-6] INFO  c.a.l.s.c.ProductCatalogService - Cache hit: Returning product 8 for USD
2026-09-04 01:23:56.151 [http-nio-8080-exec-4] INFO  c.a.l.c.catalog.ProductController - GET /api/products/8/available-leathers
2026-09-04 01:23:56.151 [http-nio-8080-exec-4] INFO  c.a.l.s.c.ProductCatalogService - Fetching available leathers for product: 8
2026-09-04 01:23:56.158 [http-nio-8080-exec-4] INFO  c.a.l.cache.LeatherCacheRepository - Cache hit for leathers: 8
2026-09-04 01:23:56.161 [http-nio-8080-exec-4] INFO  c.a.l.s.c.ProductCatalogService - Returning cached leathers for product: 8
2026-09-04 01:24:01.421 [http-nio-8080-exec-7] INFO  c.a.l.c.catalog.ProductController - GET /api/products - page: 0, filter: ProductFilterRequest(modelType=null, search=, page=0, size=12)
2026-09-04 01:24:01.453 [http-nio-8080-exec-7] INFO  c.a.l.s.c.ProductCatalogService - Fetching product catalog - page: 0, currency: USD
2026-09-04 01:24:01.468 [http-nio-8080-exec-7] INFO  c.a.l.c.ProductCatalogCacheRepository - Initial page cache hit for USD
2026-09-04 01:24:03.139 [http-nio-8080-exec-3] INFO  c.a.l.c.catalog.ProductController - GET /api/products/8/available-leathers
2026-09-04 01:24:03.155 [http-nio-8080-exec-8] INFO  c.a.l.c.catalog.ProductController - GET /api/products/8 - Product detail requested
2026-09-04 01:24:03.157 [http-nio-8080-exec-3] INFO  c.a.l.s.c.ProductCatalogService - Fetching available leathers for product: 8
2026-09-04 01:24:03.164 [http-nio-8080-exec-3] INFO  c.a.l.cache.LeatherCacheRepository - Cache hit for leathers: 8
2026-09-04 01:24:03.164 [http-nio-8080-exec-8] INFO  c.a.l.c.ProductCatalogCacheRepository - Product detail cache hit: product:detail:8:USD
2026-09-04 01:24:03.164 [http-nio-8080-exec-8] INFO  c.a.l.s.c.ProductCatalogService - Cache hit: Returning product 8 for USD
2026-09-04 01:24:03.164 [http-nio-8080-exec-3] INFO  c.a.l.s.c.ProductCatalogService - Returning cached leathers for product: 8
2026-09-04 01:24:03.187 [http-nio-8080-exec-2] INFO  c.a.l.c.catalog.ProductController - GET /api/products/8 - Product detail requested
2026-09-04 01:24:03.237 [http-nio-8080-exec-9] INFO  c.a.l.c.catalog.ProductController - GET /api/products/8/available-leathers
2026-09-04 01:24:03.240 [http-nio-8080-exec-9] INFO  c.a.l.s.c.ProductCatalogService - Fetching available leathers for product: 8
2026-09-04 01:24:03.245 [http-nio-8080-exec-2] INFO  c.a.l.c.ProductCatalogCacheRepository - Product detail cache hit: product:detail:8:USD
2026-09-04 01:24:03.245 [http-nio-8080-exec-2] INFO  c.a.l.s.c.ProductCatalogService - Cache hit: Returning product 8 for USD
2026-09-04 01:24:03.255 [http-nio-8080-exec-9] INFO  c.a.l.cache.LeatherCacheRepository - Cache hit for leathers: 8
2026-09-04 01:24:03.257 [http-nio-8080-exec-9] INFO  c.a.l.s.c.ProductCatalogService - Returning cached leathers for product: 8
2026-09-04 01:24:08.195 [http-nio-8080-exec-5] INFO  c.a.l.c.a.AdminProductsController - GET /api/admin/products - filter: ProductModelFilter(id=null, modelname=null, modelType=null, availabilityStatus=null, isActive=null, from=null, to=null), page: Page request [number: 0, size 12, sort: createdAt: DESC]
2026-09-04 01:24:08.269 [http-nio-8080-exec-5] INFO  c.a.l.s.c.AdminProductModelService - Admin fetching ALL product models (including inactive/draft) with filter: ProductModelFilter(id=null, modelname=null, modelType=null, availabilityStatus=null, isActive=null, from=null, to=null)
2026-09-04 01:24:11.848 [http-nio-8080-exec-1] INFO  c.a.l.c.catalog.ProductController - GET /api/products - page: 0, filter: ProductFilterRequest(modelType=null, search=, page=0, size=12)
2026-09-04 01:24:12.386 [http-nio-8080-exec-1] INFO  c.a.l.s.c.ProductCatalogService - Fetching product catalog - page: 0, currency: USD
2026-09-04 01:24:12.661 [http-nio-8080-exec-1] INFO  c.a.l.c.ProductCatalogCacheRepository - Initial page cache hit for USD
2026-09-04 01:24:14.517 [http-nio-8080-exec-6] INFO  c.a.l.c.catalog.ProductController - GET /api/products/8/available-leathers
2026-09-04 01:24:14.517 [http-nio-8080-exec-10] INFO  c.a.l.c.catalog.ProductController - GET /api/products/8 - Product detail requested
2026-09-04 01:24:14.522 [http-nio-8080-exec-6] INFO  c.a.l.s.c.ProductCatalogService - Fetching available leathers for product: 8
2026-09-04 01:24:14.534 [http-nio-8080-exec-10] INFO  c.a.l.c.ProductCatalogCacheRepository - Product detail cache hit: product:detail:8:USD
2026-09-04 01:24:14.534 [http-nio-8080-exec-6] INFO  c.a.l.cache.LeatherCacheRepository - Cache hit for leathers: 8
2026-09-04 01:24:14.534 [http-nio-8080-exec-10] INFO  c.a.l.s.c.ProductCatalogService - Cache hit: Returning product 8 for USD
2026-09-04 01:24:14.534 [http-nio-8080-exec-6] INFO  c.a.l.s.c.ProductCatalogService - Returning cached leathers for product: 8
2026-09-04 01:24:14.597 [http-nio-8080-exec-4] INFO  c.a.l.c.catalog.ProductController - GET /api/products/8/available-leathers
2026-09-04 01:24:14.597 [http-nio-8080-exec-4] INFO  c.a.l.s.c.ProductCatalogService - Fetching available leathers for product: 8
2026-09-04 01:24:14.602 [http-nio-8080-exec-7] INFO  c.a.l.c.catalog.ProductController - GET /api/products/8 - Product detail requested
2026-09-04 01:24:14.619 [http-nio-8080-exec-4] INFO  c.a.l.cache.LeatherCacheRepository - Cache hit for leathers: 8
2026-09-04 01:24:14.620 [http-nio-8080-exec-7] INFO  c.a.l.c.ProductCatalogCacheRepository - Product detail cache hit: product:detail:8:USD
2026-09-04 01:24:14.620 [http-nio-8080-exec-7] INFO  c.a.l.s.c.ProductCatalogService - Cache hit: Returning product 8 for USD
2026-09-04 01:24:14.620 [http-nio-8080-exec-4] INFO  c.a.l.s.c.ProductCatalogService - Returning cached leathers for product: 8
2026-09-04 01:24:18.283 [http-nio-8080-exec-3] INFO  c.a.l.c.a.AdminProductsController - GET /api/admin/products - filter: ProductModelFilter(id=null, modelname=null, modelType=null, availabilityStatus=null, isActive=null, from=null, to=null), page: Page request [number: 0, size 12, sort: createdAt: DESC]
2026-09-04 01:24:18.292 [http-nio-8080-exec-3] INFO  c.a.l.s.c.AdminProductModelService - Admin fetching ALL product models (including inactive/draft) with filter: ProductModelFilter(id=null, modelname=null, modelType=null, availabilityStatus=null, isActive=null, from=null, to=null)
2026-09-04 01:24:19.486 [http-nio-8080-exec-8] INFO  c.a.l.c.a.AdminProductsController - GET /api/admin/products/8
2026-09-04 01:24:19.557 [http-nio-8080-exec-2] INFO  c.a.l.c.a.AdminProductsController - GET /api/admin/products/8
2026-09-04 01:24:19.566 [http-nio-8080-exec-9] INFO  c.a.l.c.a.AdminProductPriceController - GET /api/admin/products/8/calculated-prices
2026-09-04 01:24:19.569 [http-nio-8080-exec-9] INFO  c.a.l.s.pricing.ProductPriceService - Admin fetching calculated prices for product: 8
2026-09-04 01:24:19.621 [http-nio-8080-exec-5] INFO  c.a.l.c.a.AdminProductPriceController - GET /api/admin/products/8/calculated-prices
2026-09-04 01:24:19.622 [http-nio-8080-exec-5] INFO  c.a.l.s.pricing.ProductPriceService - Admin fetching calculated prices for product: 8
2026-09-04 01:24:43.236 [http-nio-8080-exec-1] INFO  c.a.l.c.catalog.ProductController - GET /api/products - page: 0, filter: ProductFilterRequest(modelType=null, search=, page=0, size=12)
2026-09-04 01:24:43.263 [http-nio-8080-exec-1] INFO  c.a.l.s.c.ProductCatalogService - Fetching product catalog - page: 0, currency: USD
2026-09-04 01:24:43.263 [http-nio-8080-exec-1] INFO  c.a.l.c.ProductCatalogCacheRepository - Initial page cache hit for USD
2026-09-04 01:24:44.831 [http-nio-8080-exec-10] INFO  c.a.l.c.catalog.ProductController - GET /api/products/8/available-leathers
2026-09-04 01:24:44.833 [http-nio-8080-exec-10] INFO  c.a.l.s.c.ProductCatalogService - Fetching available leathers for product: 8
2026-09-04 01:24:44.834 [http-nio-8080-exec-6] INFO  c.a.l.c.catalog.ProductController - GET /api/products/8 - Product detail requested
2026-09-04 01:24:44.837 [http-nio-8080-exec-10] INFO  c.a.l.cache.LeatherCacheRepository - Cache hit for leathers: 8
2026-09-04 01:24:44.837 [http-nio-8080-exec-10] INFO  c.a.l.s.c.ProductCatalogService - Returning cached leathers for product: 8
2026-09-04 01:24:44.839 [http-nio-8080-exec-6] INFO  c.a.l.c.ProductCatalogCacheRepository - Product detail cache hit: product:detail:8:USD
2026-09-04 01:24:44.839 [http-nio-8080-exec-6] INFO  c.a.l.s.c.ProductCatalogService - Cache hit: Returning product 8 for USD
2026-09-04 01:24:44.856 [http-nio-8080-exec-4] INFO  c.a.l.c.catalog.ProductController - GET /api/products/8/available-leathers
2026-09-04 01:24:44.856 [http-nio-8080-exec-4] INFO  c.a.l.s.c.ProductCatalogService - Fetching available leathers for product: 8
2026-09-04 01:24:44.870 [http-nio-8080-exec-4] INFO  c.a.l.cache.LeatherCacheRepository - Cache hit for leathers: 8
2026-09-04 01:24:44.870 [http-nio-8080-exec-4] INFO  c.a.l.s.c.ProductCatalogService - Returning cached leathers for product: 8
2026-09-04 01:24:44.870 [http-nio-8080-exec-7] INFO  c.a.l.c.catalog.ProductController - GET /api/products/8 - Product detail requested
2026-09-04 01:24:44.927 [http-nio-8080-exec-7] INFO  c.a.l.c.ProductCatalogCacheRepository - Product detail cache hit: product:detail:8:USD
2026-09-04 01:24:44.927 [http-nio-8080-exec-7] INFO  c.a.l.s.c.ProductCatalogService - Cache hit: Returning product 8 for USD
2026-09-04 01:25:17.661 [http-nio-8080-exec-8] INFO  c.a.l.c.a.AdminPricingRuleController - GET /api/admin/pricing/rules
2026-09-04 01:25:17.731 [http-nio-8080-exec-8] INFO  c.a.l.s.pricing.PricingRuleService - Fetching pricing rules, activeOnly: false
2026-09-04 01:25:17.838 [http-nio-8080-exec-2] INFO  c.a.l.c.a.AdminPricingRuleController - GET /api/admin/pricing/rules
2026-09-04 01:25:17.847 [http-nio-8080-exec-2] INFO  c.a.l.s.pricing.PricingRuleService - Fetching pricing rules, activeOnly: false
2026-09-04 01:25:18.033 [http-nio-8080-exec-9] INFO  c.a.l.c.catalog.ProductController - GET /api/products - page: 0, filter: ProductFilterRequest(modelType=null, search=, page=0, size=12)
2026-09-04 01:25:18.033 [http-nio-8080-exec-9] INFO  c.a.l.s.c.ProductCatalogService - Fetching product catalog - page: 0, currency: USD
2026-09-04 01:25:18.101 [http-nio-8080-exec-9] INFO  c.a.l.c.ProductCatalogCacheRepository - Initial page cache hit for USD
2026-09-04 01:25:21.979 [http-nio-8080-exec-5] INFO  c.a.l.c.a.AdminProductsController - GET /api/admin/products - filter: ProductModelFilter(id=null, modelname=null, modelType=null, availabilityStatus=null, isActive=null, from=null, to=null), page: Page request [number: 0, size 12, sort: createdAt: DESC]
2026-09-04 01:25:21.983 [http-nio-8080-exec-5] INFO  c.a.l.s.c.AdminProductModelService - Admin fetching ALL product models (including inactive/draft) with filter: ProductModelFilter(id=null, modelname=null, modelType=null, availabilityStatus=null, isActive=null, from=null, to=null)
2026-09-04 01:25:25.318 [http-nio-8080-exec-1] INFO  c.a.l.c.a.AdminProductsController - GET /api/admin/products/8
2026-09-04 01:25:25.345 [http-nio-8080-exec-10] INFO  c.a.l.c.a.AdminProductsController - GET /api/admin/products/8
2026-09-04 01:25:25.347 [http-nio-8080-exec-6] INFO  c.a.l.c.a.AdminProductPriceController - GET /api/admin/products/8/calculated-prices
2026-09-04 01:25:25.348 [http-nio-8080-exec-6] INFO  c.a.l.s.pricing.ProductPriceService - Admin fetching calculated prices for product: 8
2026-09-04 01:25:25.377 [http-nio-8080-exec-4] INFO  c.a.l.c.a.AdminProductPriceController - GET /api/admin/products/8/calculated-prices
2026-09-04 01:25:25.377 [http-nio-8080-exec-4] INFO  c.a.l.s.pricing.ProductPriceService - Admin fetching calculated prices for product: 8
2026-09-04 01:25:52.476 [http-nio-8080-exec-7] INFO  c.a.l.c.a.AdminProductPriceManuelController - POST /api/admin/products/8/manual-prices
2026-09-04 01:25:52.483 [http-nio-8080-exec-7] INFO  c.a.l.s.pricing.ManualPriceService - Creating manual prices for product: 8
2026-09-04 01:25:52.569 [http-nio-8080-exec-7] INFO  c.a.l.cache.PriceCacheRepository - Price cached: price:product:8:grade:3:USD
2026-09-04 01:25:52.569 [http-nio-8080-exec-7] INFO  c.a.l.s.pricing.ManualPriceService - Manual USD price cached for Product: 8 | Grade: 3 | Amount: 96
2026-09-04 01:25:52.656 [http-nio-8080-exec-7] INFO  c.a.l.c.ProductCatalogCacheRepository - All initial page caches invalidated
2026-09-04 01:25:52.674 [http-nio-8080-exec-3] INFO  c.a.l.c.a.AdminProductsController - GET /api/admin/products/8
2026-09-04 01:25:52.757 [http-nio-8080-exec-8] INFO  c.a.l.c.a.AdminProductPriceController - GET /api/admin/products/8/calculated-prices
2026-09-04 01:25:52.757 [http-nio-8080-exec-8] INFO  c.a.l.s.pricing.ProductPriceService - Admin fetching calculated prices for product: 8
2026-09-04 01:25:54.942 [http-nio-8080-exec-2] INFO  c.a.l.c.catalog.ProductController - GET /api/products - page: 0, filter: ProductFilterRequest(modelType=null, search=, page=0, size=12)
2026-09-04 01:25:55.023 [http-nio-8080-exec-2] INFO  c.a.l.s.c.ProductCatalogService - Fetching product catalog - page: 0, currency: USD
2026-09-04 01:25:55.533 [http-nio-8080-exec-2] INFO  c.a.l.cache.PriceCacheRepository - Price cache hit: price:product:13:grade:1:USD
2026-09-04 01:25:55.564 [http-nio-8080-exec-2] INFO  c.a.l.cache.PriceCacheRepository - Price cache hit: price:product:8:grade:3:USD
2026-09-04 01:25:55.756 [http-nio-8080-exec-2] INFO  c.a.l.cache.PriceCacheRepository - Price cached: price:product:5:grade:2:AZN
2026-09-04 01:25:55.862 [http-nio-8080-exec-2] INFO  c.a.l.cache.PriceCacheRepository - Price cached: price:product:1:grade:1:AZN
2026-09-04 01:25:55.883 [http-nio-8080-exec-2] INFO  c.a.l.c.ProductCatalogCacheRepository - Initial page cached for USD: 6 products
2026-09-04 01:25:59.156 [http-nio-8080-exec-5] INFO  c.a.l.c.catalog.ProductController - GET /api/products/8/available-leathers
2026-09-04 01:25:59.156 [http-nio-8080-exec-9] INFO  c.a.l.c.catalog.ProductController - GET /api/products/8 - Product detail requested
2026-09-04 01:25:59.173 [http-nio-8080-exec-5] INFO  c.a.l.s.c.ProductCatalogService - Fetching available leathers for product: 8
2026-09-04 01:25:59.203 [http-nio-8080-exec-9] INFO  c.a.l.c.ProductCatalogCacheRepository - Product detail cache hit: product:detail:8:USD
2026-09-04 01:25:59.203 [http-nio-8080-exec-9] INFO  c.a.l.s.c.ProductCatalogService - Cache hit: Returning product 8 for USD
2026-09-04 01:25:59.251 [http-nio-8080-exec-1] INFO  c.a.l.c.catalog.ProductController - GET /api/products/8 - Product detail requested
2026-09-04 01:25:59.281 [http-nio-8080-exec-1] INFO  c.a.l.c.ProductCatalogCacheRepository - Product detail cache hit: product:detail:8:USD
2026-09-04 01:25:59.281 [http-nio-8080-exec-1] INFO  c.a.l.s.c.ProductCatalogService - Cache hit: Returning product 8 for USD
2026-09-04 01:25:59.314 [http-nio-8080-exec-5] INFO  c.a.l.cache.LeatherCacheRepository - Cached 4 leathers for product: 8
2026-09-04 01:25:59.315 [http-nio-8080-exec-5] INFO  c.a.l.s.c.ProductCatalogService - Found and cached 4 leathers for product: 8
2026-09-04 01:25:59.334 [http-nio-8080-exec-6] INFO  c.a.l.c.catalog.ProductController - GET /api/products/8/available-leathers
2026-09-04 01:25:59.334 [http-nio-8080-exec-6] INFO  c.a.l.s.c.ProductCatalogService - Fetching available leathers for product: 8
2026-09-04 01:25:59.345 [http-nio-8080-exec-6] INFO  c.a.l.cache.LeatherCacheRepository - Cache hit for leathers: 8
2026-09-04 01:25:59.347 [http-nio-8080-exec-6] INFO  c.a.l.s.c.ProductCatalogService - Returning cached leathers for product: 8
2026-09-04 01:26:12.019 [http-nio-8080-exec-10] INFO  c.a.l.c.catalog.ProductController - GET /api/products - page: 0, filter: ProductFilterRequest(modelType=null, search=, page=0, size=12)
2026-09-04 01:26:12.101 [http-nio-8080-exec-10] INFO  c.a.l.s.c.ProductCatalogService - Fetching product catalog - page: 0, currency: USD
2026-09-04 01:26:12.105 [http-nio-8080-exec-10] INFO  c.a.l.c.ProductCatalogCacheRepository - Initial page cache hit for USD
2026-09-04 01:26:20.316 [http-nio-8080-exec-4] INFO  c.a.l.c.a.AdminProductsController - GET /api/admin/products - filter: ProductModelFilter(id=null, modelname=null, modelType=null, availabilityStatus=null, isActive=null, from=null, to=null), page: Page request [number: 0, size 12, sort: createdAt: DESC]
2026-09-04 01:26:20.330 [http-nio-8080-exec-4] INFO  c.a.l.s.c.AdminProductModelService - Admin fetching ALL product models (including inactive/draft) with filter: ProductModelFilter(id=null, modelname=null, modelType=null, availabilityStatus=null, isActive=null, from=null, to=null)
2026-09-04 01:26:22.285 [http-nio-8080-exec-7] INFO  c.a.l.c.a.AdminProductsController - GET /api/admin/products/8
2026-09-04 01:26:22.328 [http-nio-8080-exec-3] INFO  c.a.l.c.a.AdminProductsController - GET /api/admin/products/8
2026-09-04 01:26:22.331 [http-nio-8080-exec-8] INFO  c.a.l.c.a.AdminProductPriceController - GET /api/admin/products/8/calculated-prices
2026-09-04 01:26:22.332 [http-nio-8080-exec-8] INFO  c.a.l.s.pricing.ProductPriceService - Admin fetching calculated prices for product: 8
2026-09-04 01:26:22.385 [http-nio-8080-exec-2] INFO  c.a.l.c.a.AdminProductPriceController - GET /api/admin/products/8/calculated-prices
2026-09-04 01:26:22.385 [http-nio-8080-exec-2] INFO  c.a.l.s.pricing.ProductPriceService - Admin fetching calculated prices for product: 8
2026-09-04 01:26:38.594 [http-nio-8080-exec-9] INFO  c.a.l.c.catalog.ProductController - GET /api/products - page: 0, filter: ProductFilterRequest(modelType=null, search=, page=0, size=12)
2026-09-04 01:26:38.698 [http-nio-8080-exec-9] INFO  c.a.l.s.c.ProductCatalogService - Fetching product catalog - page: 0, currency: USD
2026-09-04 01:26:38.733 [http-nio-8080-exec-9] INFO  c.a.l.c.ProductCatalogCacheRepository - Initial page cache hit for USD
2026-09-04 01:26:41.084 [http-nio-8080-exec-1] INFO  c.a.l.c.catalog.ProductController - GET /api/products/13 - Product detail requested
2026-09-04 01:26:41.089 [http-nio-8080-exec-5] INFO  c.a.l.c.catalog.ProductController - GET /api/products/13/available-leathers
2026-09-04 01:26:41.097 [http-nio-8080-exec-5] INFO  c.a.l.s.c.ProductCatalogService - Fetching available leathers for product: 13
2026-09-04 01:26:41.119 [http-nio-8080-exec-1] INFO  c.a.l.c.ProductCatalogCacheRepository - Product detail cache hit: product:detail:13:USD
2026-09-04 01:26:41.120 [http-nio-8080-exec-1] INFO  c.a.l.s.c.ProductCatalogService - Cache hit: Returning product 13 for USD
2026-09-04 01:26:41.136 [http-nio-8080-exec-6] INFO  c.a.l.c.catalog.ProductController - GET /api/products/13 - Product detail requested
2026-09-04 01:26:41.140 [http-nio-8080-exec-6] INFO  c.a.l.c.ProductCatalogCacheRepository - Product detail cache hit: product:detail:13:USD
2026-09-04 01:26:41.140 [http-nio-8080-exec-6] INFO  c.a.l.s.c.ProductCatalogService - Cache hit: Returning product 13 for USD
2026-09-04 01:26:41.150 [http-nio-8080-exec-5] INFO  c.a.l.cache.LeatherCacheRepository - Cached 2 leathers for product: 13
2026-09-04 01:26:41.150 [http-nio-8080-exec-5] INFO  c.a.l.s.c.ProductCatalogService - Found and cached 2 leathers for product: 13
2026-09-04 01:26:41.178 [http-nio-8080-exec-10] INFO  c.a.l.c.catalog.ProductController - GET /api/products/13/available-leathers
2026-09-04 01:26:41.179 [http-nio-8080-exec-10] INFO  c.a.l.s.c.ProductCatalogService - Fetching available leathers for product: 13
2026-09-04 01:26:41.186 [http-nio-8080-exec-10] INFO  c.a.l.cache.LeatherCacheRepository - Cache hit for leathers: 13
2026-09-04 01:26:41.187 [http-nio-8080-exec-10] INFO  c.a.l.s.c.ProductCatalogService - Returning cached leathers for product: 13
2026-09-04 01:26:44.544 [http-nio-8080-exec-4] INFO  c.a.l.c.catalog.ProductController - GET /api/products - page: 0, filter: ProductFilterRequest(modelType=null, search=, page=0, size=12)
2026-09-04 01:26:44.556 [http-nio-8080-exec-4] INFO  c.a.l.s.c.ProductCatalogService - Fetching product catalog - page: 0, currency: USD
2026-09-04 01:26:44.620 [http-nio-8080-exec-4] INFO  c.a.l.c.ProductCatalogCacheRepository - Initial page cache hit for USD
2026-09-04 01:26:48.902 [http-nio-8080-exec-7] INFO  c.a.l.c.a.AdminProductsController - GET /api/admin/products - filter: ProductModelFilter(id=null, modelname=null, modelType=null, availabilityStatus=null, isActive=null, from=null, to=null), page: Page request [number: 0, size 12, sort: createdAt: DESC]
2026-09-04 01:26:48.905 [http-nio-8080-exec-7] INFO  c.a.l.s.c.AdminProductModelService - Admin fetching ALL product models (including inactive/draft) with filter: ProductModelFilter(id=null, modelname=null, modelType=null, availabilityStatus=null, isActive=null, from=null, to=null)
2026-09-04 01:26:50.183 [http-nio-8080-exec-8] INFO  c.a.l.c.a.AdminProductsController - GET /api/admin/products/13
2026-09-04 01:26:50.211 [http-nio-8080-exec-3] INFO  c.a.l.c.a.AdminProductsController - GET /api/admin/products/13
2026-09-04 01:26:50.212 [http-nio-8080-exec-2] INFO  c.a.l.c.a.AdminProductPriceController - GET /api/admin/products/13/calculated-prices
2026-09-04 01:26:50.213 [http-nio-8080-exec-2] INFO  c.a.l.s.pricing.ProductPriceService - Admin fetching calculated prices for product: 13
2026-09-04 01:26:50.239 [http-nio-8080-exec-9] INFO  c.a.l.c.a.AdminProductPriceController - GET /api/admin/products/13/calculated-prices
2026-09-04 01:26:50.239 [http-nio-8080-exec-9] INFO  c.a.l.s.pricing.ProductPriceService - Admin fetching calculated prices for product: 13
2026-09-04 01:26:58.814 [http-nio-8080-exec-1] INFO  c.a.l.c.a.AdminProductPriceManuelController - POST /api/admin/products/13/manual-prices
2026-09-04 01:26:58.892 [http-nio-8080-exec-1] INFO  c.a.l.s.pricing.ManualPriceService - Creating manual prices for product: 13
2026-09-04 01:26:59.373 [http-nio-8080-exec-1] INFO  c.a.l.cache.PriceCacheRepository - Price cached: price:product:13:grade:1:USD
2026-09-04 01:26:59.373 [http-nio-8080-exec-1] INFO  c.a.l.s.pricing.ManualPriceService - Manual USD price cached for Product: 13 | Grade: 1 | Amount: 73
2026-09-04 01:26:59.512 [http-nio-8080-exec-1] INFO  c.a.l.c.ProductCatalogCacheRepository - All initial page caches invalidated
2026-09-04 01:26:59.540 [http-nio-8080-exec-6] INFO  c.a.l.c.a.AdminProductsController - GET /api/admin/products/13
2026-09-04 01:26:59.757 [http-nio-8080-exec-5] INFO  c.a.l.c.a.AdminProductPriceController - GET /api/admin/products/13/calculated-prices
2026-09-04 01:26:59.770 [http-nio-8080-exec-5] INFO  c.a.l.s.pricing.ProductPriceService - Admin fetching calculated prices for product: 13
2026-09-04 01:27:01.774 [http-nio-8080-exec-10] INFO  c.a.l.c.catalog.ProductController - GET /api/products - page: 0, filter: ProductFilterRequest(modelType=null, search=, page=0, size=12)
2026-09-04 01:27:01.865 [http-nio-8080-exec-10] INFO  c.a.l.s.c.ProductCatalogService - Fetching product catalog - page: 0, currency: USD
2026-09-04 01:27:02.643 [http-nio-8080-exec-10] INFO  c.a.l.cache.PriceCacheRepository - Price cache hit: price:product:13:grade:1:USD
2026-09-04 01:27:02.660 [http-nio-8080-exec-10] INFO  c.a.l.cache.PriceCacheRepository - Price cache hit: price:product:8:grade:3:USD
2026-09-04 01:27:04.002 [http-nio-8080-exec-10] INFO  c.a.l.cache.PriceCacheRepository - Price cached: price:product:5:grade:2:AZN
2026-09-04 01:27:04.418 [http-nio-8080-exec-10] INFO  c.a.l.cache.PriceCacheRepository - Price cached: price:product:1:grade:1:AZN
2026-09-04 01:27:04.470 [http-nio-8080-exec-10] INFO  c.a.l.c.ProductCatalogCacheRepository - Initial page cached for USD: 6 products
2026-09-04 01:27:06.077 [http-nio-8080-exec-4] INFO  c.a.l.c.catalog.ProductController - GET /api/products/13 - Product detail requested
2026-09-04 01:27:06.118 [http-nio-8080-exec-7] INFO  c.a.l.c.catalog.ProductController - GET /api/products/13/available-leathers
2026-09-04 01:27:06.163 [http-nio-8080-exec-7] INFO  c.a.l.s.c.ProductCatalogService - Fetching available leathers for product: 13
2026-09-04 01:27:06.167 [http-nio-8080-exec-4] INFO  c.a.l.c.ProductCatalogCacheRepository - Product detail cache hit: product:detail:13:USD
2026-09-04 01:27:06.168 [http-nio-8080-exec-4] INFO  c.a.l.s.c.ProductCatalogService - Cache hit: Returning product 13 for USD
2026-09-04 01:27:06.167 [http-nio-8080-exec-7] INFO  c.a.l.cache.LeatherCacheRepository - Cache hit for leathers: 13
2026-09-04 01:27:06.168 [http-nio-8080-exec-7] INFO  c.a.l.s.c.ProductCatalogService - Returning cached leathers for product: 13
2026-09-04 01:27:06.202 [http-nio-8080-exec-8] INFO  c.a.l.c.catalog.ProductController - GET /api/products/13/available-leathers
2026-09-04 01:27:06.203 [http-nio-8080-exec-8] INFO  c.a.l.s.c.ProductCatalogService - Fetching available leathers for product: 13
2026-09-04 01:27:06.239 [http-nio-8080-exec-2] INFO  c.a.l.c.catalog.ProductController - GET /api/products/13 - Product detail requested
2026-09-04 01:27:06.267 [http-nio-8080-exec-8] INFO  c.a.l.cache.LeatherCacheRepository - Cache hit for leathers: 13
2026-09-04 01:27:06.267 [http-nio-8080-exec-8] INFO  c.a.l.s.c.ProductCatalogService - Returning cached leathers for product: 13
2026-09-04 01:27:06.271 [http-nio-8080-exec-2] INFO  c.a.l.c.ProductCatalogCacheRepository - Product detail cache hit: product:detail:13:USD
2026-09-04 01:27:06.272 [http-nio-8080-exec-2] INFO  c.a.l.s.c.ProductCatalogService - Cache hit: Returning product 13 for USD
2026-09-04 01:27:10.714 [http-nio-8080-exec-3] INFO  c.a.l.c.catalog.ProductController - GET /api/products - page: 0, filter: ProductFilterRequest(modelType=null, search=, page=0, size=12)
2026-09-04 01:27:10.847 [http-nio-8080-exec-3] INFO  c.a.l.s.c.ProductCatalogService - Fetching product catalog - page: 0, currency: USD
2026-09-04 01:27:10.893 [http-nio-8080-exec-3] INFO  c.a.l.c.ProductCatalogCacheRepository - Initial page cache hit for USD
2026-09-04 01:30:16.562 [org.springframework.amqp.rabbit.RabbitListenerEndpointContainer#0-2] INFO  o.s.a.r.l.SimpleMessageListenerContainer - Waiting for workers to finish.
2026-09-04 01:30:16.594 [org.springframework.amqp.rabbit.RabbitListenerEndpointContainer#0-2] INFO  o.s.a.r.l.SimpleMessageListenerContainer - Successfully waited for workers to finish.
2026-09-04 01:30:16.667 [SpringApplicationShutdownHook] INFO  o.s.b.w.e.tomcat.GracefulShutdown - Commencing graceful shutdown. Waiting for active requests to complete
2026-09-04 01:30:16.801 [tomcat-shutdown] INFO  o.s.b.w.e.tomcat.GracefulShutdown - Graceful shutdown complete
2026-09-04 01:30:23.340 [SpringApplicationShutdownHook] INFO  o.s.o.j.LocalContainerEntityManagerFactoryBean - Closing JPA EntityManagerFactory for persistence unit 'default'
2026-09-04 01:30:23.467 [SpringApplicationShutdownHook] INFO  com.zaxxer.hikari.HikariDataSource - HikariPool-1 - Shutdown initiated...
2026-09-04 01:30:23.502 [SpringApplicationShutdownHook] INFO  com.zaxxer.hikari.HikariDataSource - HikariPool-1 - Shutdown completed.
2026-09-04 01:31:18.223 [background-preinit] INFO  o.h.validator.internal.util.Version - HV000001: Hibernate Validator 8.0.3.Final
2026-09-04 01:31:18.440 [main] INFO  c.a.leather.AiatelyeApplication - Starting AiatelyeApplication using Java 21.0.8 with PID 8564 (D:\My_project_Spring\Aiatelye\Aiatelye\build\classes\java\main started by elcin in D:\My_project_Spring\Aiatelye\Aiatelye)
2026-09-04 01:31:18.442 [main] INFO  c.a.leather.AiatelyeApplication - No active profile set, falling back to 1 default profile: "default"
2026-09-04 01:31:24.757 [main] INFO  o.s.d.r.c.RepositoryConfigurationDelegate - Multiple Spring Data modules found, entering strict repository configuration mode
2026-09-04 01:31:24.764 [main] INFO  o.s.d.r.c.RepositoryConfigurationDelegate - Bootstrapping Spring Data JPA repositories in DEFAULT mode.
2026-09-04 01:31:25.936 [main] INFO  o.s.d.r.c.RepositoryConfigurationDelegate - Finished Spring Data repository scanning in 1145 ms. Found 16 JPA repository interfaces.
2026-09-04 01:31:25.990 [main] INFO  o.s.d.r.c.RepositoryConfigurationDelegate - Multiple Spring Data modules found, entering strict repository configuration mode
2026-09-04 01:31:25.998 [main] INFO  o.s.d.r.c.RepositoryConfigurationDelegate - Bootstrapping Spring Data Redis repositories in DEFAULT mode.
2026-09-04 01:31:26.114 [main] INFO  o.s.d.r.c.RepositoryConfigurationExtensionSupport - Spring Data Redis - Could not safely identify store assignment for repository candidate interface com.aiatelye.leather.repository.CustomDesignRepository; If you want this repository to be a Redis repository, consider annotating your entities with one of these annotations: org.springframework.data.redis.core.RedisHash (preferred), or consider extending one of the following types with your repository: org.springframework.data.keyvalue.repository.KeyValueRepository
2026-09-04 01:31:26.115 [main] INFO  o.s.d.r.c.RepositoryConfigurationExtensionSupport - Spring Data Redis - Could not safely identify store assignment for repository candidate interface com.aiatelye.leather.repository.DeliveryCountryConfigRepository; If you want this repository to be a Redis repository, consider annotating your entities with one of these annotations: org.springframework.data.redis.core.RedisHash (preferred), or consider extending one of the following types with your repository: org.springframework.data.keyvalue.repository.KeyValueRepository
2026-09-04 01:31:26.116 [main] INFO  o.s.d.r.c.RepositoryConfigurationExtensionSupport - Spring Data Redis - Could not safely identify store assignment for repository candidate interface com.aiatelye.leather.repository.LeatherGradeRepository; If you want this repository to be a Redis repository, consider annotating your entities with one of these annotations: org.springframework.data.redis.core.RedisHash (preferred), or consider extending one of the following types with your repository: org.springframework.data.keyvalue.repository.KeyValueRepository
2026-09-04 01:31:26.117 [main] INFO  o.s.d.r.c.RepositoryConfigurationExtensionSupport - Spring Data Redis - Could not safely identify store assignment for repository candidate interface com.aiatelye.leather.repository.LeatherRepository; If you want this repository to be a Redis repository, consider annotating your entities with one of these annotations: org.springframework.data.redis.core.RedisHash (preferred), or consider extending one of the following types with your repository: org.springframework.data.keyvalue.repository.KeyValueRepository
2026-09-04 01:31:26.123 [main] INFO  o.s.d.r.c.RepositoryConfigurationExtensionSupport - Spring Data Redis - Could not safely identify store assignment for repository candidate interface com.aiatelye.leather.repository.OrderItemRepository; If you want this repository to be a Redis repository, consider annotating your entities with one of these annotations: org.springframework.data.redis.core.RedisHash (preferred), or consider extending one of the following types with your repository: org.springframework.data.keyvalue.repository.KeyValueRepository
2026-09-04 01:31:26.124 [main] INFO  o.s.d.r.c.RepositoryConfigurationExtensionSupport - Spring Data Redis - Could not safely identify store assignment for repository candidate interface com.aiatelye.leather.repository.OrderRepository; If you want this repository to be a Redis repository, consider annotating your entities with one of these annotations: org.springframework.data.redis.core.RedisHash (preferred), or consider extending one of the following types with your repository: org.springframework.data.keyvalue.repository.KeyValueRepository
2026-09-04 01:31:26.125 [main] INFO  o.s.d.r.c.RepositoryConfigurationExtensionSupport - Spring Data Redis - Could not safely identify store assignment for repository candidate interface com.aiatelye.leather.repository.PasswordResetTokenRepository; If you want this repository to be a Redis repository, consider annotating your entities with one of these annotations: org.springframework.data.redis.core.RedisHash (preferred), or consider extending one of the following types with your repository: org.springframework.data.keyvalue.repository.KeyValueRepository
2026-09-04 01:31:26.127 [main] INFO  o.s.d.r.c.RepositoryConfigurationExtensionSupport - Spring Data Redis - Could not safely identify store assignment for repository candidate interface com.aiatelye.leather.repository.PaymentRepository; If you want this repository to be a Redis repository, consider annotating your entities with one of these annotations: org.springframework.data.redis.core.RedisHash (preferred), or consider extending one of the following types with your repository: org.springframework.data.keyvalue.repository.KeyValueRepository
2026-09-04 01:31:26.129 [main] INFO  o.s.d.r.c.RepositoryConfigurationExtensionSupport - Spring Data Redis - Could not safely identify store assignment for repository candidate interface com.aiatelye.leather.repository.PricingRuleRepository; If you want this repository to be a Redis repository, consider annotating your entities with one of these annotations: org.springframework.data.redis.core.RedisHash (preferred), or consider extending one of the following types with your repository: org.springframework.data.keyvalue.repository.KeyValueRepository
2026-09-04 01:31:26.129 [main] INFO  o.s.d.r.c.RepositoryConfigurationExtensionSupport - Spring Data Redis - Could not safely identify store assignment for repository candidate interface com.aiatelye.leather.repository.ProductGradePriceRepository; If you want this repository to be a Redis repository, consider annotating your entities with one of these annotations: org.springframework.data.redis.core.RedisHash (preferred), or consider extending one of the following types with your repository: org.springframework.data.keyvalue.repository.KeyValueRepository
2026-09-04 01:31:26.130 [main] INFO  o.s.d.r.c.RepositoryConfigurationExtensionSupport - Spring Data Redis - Could not safely identify store assignment for repository candidate interface com.aiatelye.leather.repository.ProductImageRepository; If you want this repository to be a Redis repository, consider annotating your entities with one of these annotations: org.springframework.data.redis.core.RedisHash (preferred), or consider extending one of the following types with your repository: org.springframework.data.keyvalue.repository.KeyValueRepository
2026-09-04 01:31:26.131 [main] INFO  o.s.d.r.c.RepositoryConfigurationExtensionSupport - Spring Data Redis - Could not safely identify store assignment for repository candidate interface com.aiatelye.leather.repository.ProductModelRepository; If you want this repository to be a Redis repository, consider annotating your entities with one of these annotations: org.springframework.data.redis.core.RedisHash (preferred), or consider extending one of the following types with your repository: org.springframework.data.keyvalue.repository.KeyValueRepository
2026-09-04 01:31:26.131 [main] INFO  o.s.d.r.c.RepositoryConfigurationExtensionSupport - Spring Data Redis - Could not safely identify store assignment for repository candidate interface com.aiatelye.leather.repository.ShippingLocationRepository; If you want this repository to be a Redis repository, consider annotating your entities with one of these annotations: org.springframework.data.redis.core.RedisHash (preferred), or consider extending one of the following types with your repository: org.springframework.data.keyvalue.repository.KeyValueRepository
2026-09-04 01:31:26.132 [main] INFO  o.s.d.r.c.RepositoryConfigurationExtensionSupport - Spring Data Redis - Could not safely identify store assignment for repository candidate interface com.aiatelye.leather.repository.UserLimitRepository; If you want this repository to be a Redis repository, consider annotating your entities with one of these annotations: org.springframework.data.redis.core.RedisHash (preferred), or consider extending one of the following types with your repository: org.springframework.data.keyvalue.repository.KeyValueRepository
2026-09-04 01:31:26.132 [main] INFO  o.s.d.r.c.RepositoryConfigurationExtensionSupport - Spring Data Redis - Could not safely identify store assignment for repository candidate interface com.aiatelye.leather.repository.UserRepository; If you want this repository to be a Redis repository, consider annotating your entities with one of these annotations: org.springframework.data.redis.core.RedisHash (preferred), or consider extending one of the following types with your repository: org.springframework.data.keyvalue.repository.KeyValueRepository
2026-09-04 01:31:26.133 [main] INFO  o.s.d.r.c.RepositoryConfigurationExtensionSupport - Spring Data Redis - Could not safely identify store assignment for repository candidate interface com.aiatelye.leather.Securty.repository.AuthUserRepository; If you want this repository to be a Redis repository, consider annotating your entities with one of these annotations: org.springframework.data.redis.core.RedisHash (preferred), or consider extending one of the following types with your repository: org.springframework.data.keyvalue.repository.KeyValueRepository
2026-09-04 01:31:26.133 [main] INFO  o.s.d.r.c.RepositoryConfigurationDelegate - Finished Spring Data repository scanning in 111 ms. Found 0 Redis repository interfaces.
2026-09-04 01:31:27.460 [main] INFO  o.s.cloud.context.scope.GenericScope - BeanFactory id=35dc3c04-cf60-3a22-a864-4e0a2a33e972
2026-09-04 01:31:29.057 [main] INFO  o.s.b.w.e.tomcat.TomcatWebServer - Tomcat initialized with port 8080 (http)
2026-09-04 01:31:29.088 [main] INFO  o.a.coyote.http11.Http11NioProtocol - Initializing ProtocolHandler ["http-nio-8080"]
2026-09-04 01:31:29.091 [main] INFO  o.a.catalina.core.StandardService - Starting service [Tomcat]
2026-09-04 01:31:29.092 [main] INFO  o.a.catalina.core.StandardEngine - Starting Servlet engine: [Apache Tomcat/10.1.50]
2026-09-04 01:31:29.349 [main] INFO  o.a.c.c.C.[Tomcat].[localhost].[/] - Initializing Spring embedded WebApplicationContext
2026-09-04 01:31:29.352 [main] INFO  o.s.b.w.s.c.ServletWebServerApplicationContext - Root WebApplicationContext: initialization completed in 10687 ms
2026-09-04 01:31:29.895 [main] INFO  o.h.jpa.internal.util.LogHelper - HHH000204: Processing PersistenceUnitInfo [name: default]
2026-09-04 01:31:30.066 [main] INFO  org.hibernate.Version - HHH000412: Hibernate ORM core version 6.6.41.Final
2026-09-04 01:31:30.170 [main] INFO  o.h.c.i.RegionFactoryInitiator - HHH000026: Second-level cache disabled
2026-09-04 01:31:31.160 [main] INFO  o.s.o.j.p.SpringPersistenceUnitInfo - No LoadTimeWeaver setup: ignoring JPA class transformer
2026-09-04 01:31:31.245 [main] INFO  com.zaxxer.hikari.HikariDataSource - HikariPool-1 - Starting...
2026-09-04 01:31:32.178 [main] INFO  com.zaxxer.hikari.pool.HikariPool - HikariPool-1 - Added connection org.postgresql.jdbc.PgConnection@c14bbab
2026-09-04 01:31:32.182 [main] INFO  com.zaxxer.hikari.HikariDataSource - HikariPool-1 - Start completed.
2026-09-04 01:31:32.580 [main] INFO  o.hibernate.orm.connections.pooling - HHH10001005: Database info:
	Database JDBC URL [Connecting through datasource 'HikariDataSource (HikariPool-1)']
	Database driver: undefined/unknown
	Database version: 15.17
	Autocommit mode: undefined/unknown
	Isolation level: undefined/unknown
	Minimum pool size: undefined/unknown
	Maximum pool size: undefined/unknown
2026-09-04 01:31:36.643 [main] INFO  o.h.e.t.j.p.i.JtaPlatformInitiator - HHH000489: No JTA platform available (set 'hibernate.transaction.jta.platform' to enable JTA platform integration)
2026-09-04 01:31:40.521 [main] WARN  o.h.e.jdbc.spi.SqlExceptionHelper - SQL Warning Code: 0, SQLState: 00000
2026-09-04 01:31:40.522 [main] WARN  o.h.e.jdbc.spi.SqlExceptionHelper - constraint "uk781pmjx7kf279uopjhmbwnqhl" of relation "favorites" does not exist, skipping
2026-09-04 01:31:42.136 [main] INFO  o.s.o.j.LocalContainerEntityManagerFactoryBean - Initialized JPA EntityManagerFactory for persistence unit 'default'
2026-09-04 01:31:43.333 [main] INFO  o.hibernate.query.sqm.tree.SqmNode - ========== PAYRIFF CONFIG YOXLANIŞI ==========
2026-09-04 01:31:43.334 [main] INFO  o.hibernate.query.sqm.tree.SqmNode - Base URL: {}https://api.payriff.com/api/v3
2026-09-04 01:31:43.334 [main] INFO  o.hibernate.query.sqm.tree.SqmNode - Merchant ID: {}ES1097832
2026-09-04 01:31:43.334 [main] INFO  o.hibernate.query.sqm.tree.SqmNode - Callback URL: {} https://furless-birgit-journalary.ngrok-free.dev/api/internal/payriff-callback
2026-09-04 01:31:43.335 [main] INFO  o.hibernate.query.sqm.tree.SqmNode - Secret Key Mövcuddur?: {}true
2026-09-04 01:31:43.335 [main] INFO  o.hibernate.query.sqm.tree.SqmNode - Secret Key (İlkin 6 simvol): {}******3D6627
2026-09-04 01:31:43.335 [main] INFO  o.hibernate.query.sqm.tree.SqmNode - ===============================================
2026-09-04 01:31:44.487 [main] INFO  c.a.l.componet.OrderNumberGenerator - Database sequence 'order_number_seq' checked/created successfully.
2026-09-04 01:31:45.340 [main] INFO  o.s.d.j.r.query.QueryEnhancerFactory - Hibernate is in classpath; If applicable, HQL parser will be used.
2026-09-04 01:31:48.428 [main] INFO  o.s.s.c.a.a.c.InitializeAuthenticationProviderBeanManagerConfigurer$InitializeAuthenticationProviderManagerConfigurer - Global AuthenticationManager configured with AuthenticationProvider bean with name daoAuthenticationProvider
2026-09-04 01:31:48.429 [main] WARN  o.s.s.c.a.a.c.InitializeUserDetailsBeanManagerConfigurer$InitializeUserDetailsManagerConfigurer - Global AuthenticationManager configured with an AuthenticationProvider bean. UserDetailsService beans will not be used by Spring Security for automatically configuring username/password login. Consider removing the AuthenticationProvider bean. Alternatively, consider using the UserDetailsService in a manually instantiated DaoAuthenticationProvider. If the current configuration is intentional, to turn off this warning, increase the logging level of 'org.springframework.security.config.annotation.authentication.configuration.InitializeUserDetailsBeanManagerConfigurer' to ERROR
2026-09-04 01:31:50.731 [main] INFO  o.a.coyote.http11.Http11NioProtocol - Starting ProtocolHandler ["http-nio-8080"]
2026-09-04 01:31:50.760 [main] INFO  o.s.b.w.e.tomcat.TomcatWebServer - Tomcat started on port 8080 (http) with context path '/'
2026-09-04 01:31:50.788 [main] INFO  o.s.a.r.c.CachingConnectionFactory - Attempting to connect to: [localhost:5672]
2026-09-04 01:31:53.044 [main] INFO  o.s.a.r.c.CachingConnectionFactory - Created new connection: rabbitConnectionFactory#1f7f2e76:0/SimpleConnection@31e420b5 [delegate=amqp://admin@127.0.0.1:5672/, localPort=63133]
2026-09-04 01:31:53.696 [main] INFO  c.a.leather.AiatelyeApplication - Started AiatelyeApplication in 39.917 seconds (process running for 43.74)
2026-09-04 01:31:53.710 [main] INFO  c.a.l.componet.CountryConfigSeeder - Ölkələrin bazada olub-olmaması yoxlanılır...
2026-09-04 01:31:55.594 [main] INFO  c.a.l.componet.CountryConfigSeeder - Bütün çatdırılma ölkələri artıq bazada mövcuddur. Əlavə işləməyə ehtiyac yoxdur.
2026-09-04 01:36:44.110 [http-nio-8080-exec-3] INFO  o.a.c.c.C.[Tomcat].[localhost].[/] - Initializing Spring DispatcherServlet 'dispatcherServlet'
2026-09-04 01:36:44.124 [http-nio-8080-exec-3] INFO  o.s.web.servlet.DispatcherServlet - Initializing Servlet 'dispatcherServlet'
2026-09-04 01:36:44.371 [http-nio-8080-exec-3] INFO  o.s.web.servlet.DispatcherServlet - Completed initialization in 241 ms
2026-09-04 01:36:48.690 [http-nio-8080-exec-3] INFO  c.a.l.c.catalog.ProductController - GET /api/products/8 - Product detail requested
2026-09-04 01:36:48.700 [http-nio-8080-exec-1] INFO  c.a.l.c.catalog.ProductController - GET /api/products/8/available-leathers
2026-09-04 01:36:48.910 [http-nio-8080-exec-1] INFO  c.a.l.s.c.ProductCatalogService - Fetching available leathers for product: 8
2026-09-04 01:36:49.323 [http-nio-8080-exec-2] INFO  c.a.l.c.catalog.ProductController - GET /api/products - page: 0, filter: ProductFilterRequest(modelType=null, search=, page=0, size=12)
2026-09-04 01:36:49.426 [http-nio-8080-exec-2] INFO  c.a.l.s.c.ProductCatalogService - Fetching product catalog - page: 0, currency: USD
2026-09-04 01:36:52.913 [http-nio-8080-exec-3] INFO  c.a.l.c.ProductCatalogCacheRepository - Product detail cache hit: product:detail:8:USD
2026-09-04 01:36:52.914 [http-nio-8080-exec-3] INFO  c.a.l.s.c.ProductCatalogService - Cache hit: Returning product 8 for USD
2026-09-04 01:36:53.125 [http-nio-8080-exec-2] INFO  c.a.l.c.ProductCatalogCacheRepository - Initial page cache hit for USD
2026-09-04 01:36:53.332 [http-nio-8080-exec-5] INFO  c.a.l.c.catalog.ProductController - GET /api/products/8 - Product detail requested
2026-09-04 01:36:53.339 [http-nio-8080-exec-5] INFO  c.a.l.c.ProductCatalogCacheRepository - Product detail cache hit: product:detail:8:USD
2026-09-04 01:36:53.340 [http-nio-8080-exec-5] INFO  c.a.l.s.c.ProductCatalogService - Cache hit: Returning product 8 for USD
2026-09-04 01:36:55.424 [http-nio-8080-exec-1] INFO  c.a.l.cache.LeatherCacheRepository - Cached 4 leathers for product: 8
2026-09-04 01:36:55.425 [http-nio-8080-exec-1] INFO  c.a.l.s.c.ProductCatalogService - Found and cached 4 leathers for product: 8
2026-09-04 01:36:55.464 [http-nio-8080-exec-6] INFO  c.a.l.c.catalog.ProductController - GET /api/products/8/available-leathers
2026-09-04 01:36:55.481 [http-nio-8080-exec-6] INFO  c.a.l.s.c.ProductCatalogService - Fetching available leathers for product: 8
2026-09-04 01:36:55.488 [http-nio-8080-exec-6] INFO  c.a.l.cache.LeatherCacheRepository - Cache hit for leathers: 8
2026-09-04 01:36:55.495 [http-nio-8080-exec-6] INFO  c.a.l.s.c.ProductCatalogService - Returning cached leathers for product: 8
2026-09-04 01:37:02.412 [http-nio-8080-exec-8] INFO  c.a.l.c.catalog.ProductController - GET /api/products/8 - Product detail requested
2026-09-04 01:37:02.413 [http-nio-8080-exec-4] INFO  c.a.l.c.catalog.ProductController - GET /api/products/8/available-leathers
2026-09-04 01:37:02.422 [http-nio-8080-exec-4] INFO  c.a.l.s.c.ProductCatalogService - Fetching available leathers for product: 8
2026-09-04 01:37:02.426 [http-nio-8080-exec-4] INFO  c.a.l.cache.LeatherCacheRepository - Cache hit for leathers: 8
2026-09-04 01:37:02.427 [http-nio-8080-exec-4] INFO  c.a.l.s.c.ProductCatalogService - Returning cached leathers for product: 8
2026-09-04 01:37:02.427 [http-nio-8080-exec-8] INFO  c.a.l.c.ProductCatalogCacheRepository - Product detail cache hit: product:detail:8:USD
2026-09-04 01:37:02.428 [http-nio-8080-exec-8] INFO  c.a.l.s.c.ProductCatalogService - Cache hit: Returning product 8 for USD
2026-09-04 01:37:02.443 [http-nio-8080-exec-7] INFO  c.a.l.c.catalog.ProductController - GET /api/products/8 - Product detail requested
2026-09-04 01:37:02.443 [http-nio-8080-exec-10] INFO  c.a.l.c.catalog.ProductController - GET /api/products/8/available-leathers
2026-09-04 01:37:02.444 [http-nio-8080-exec-10] INFO  c.a.l.s.c.ProductCatalogService - Fetching available leathers for product: 8
2026-09-04 01:37:02.447 [http-nio-8080-exec-10] INFO  c.a.l.cache.LeatherCacheRepository - Cache hit for leathers: 8
2026-09-04 01:37:02.447 [http-nio-8080-exec-7] INFO  c.a.l.c.ProductCatalogCacheRepository - Product detail cache hit: product:detail:8:USD
2026-09-04 01:37:02.447 [http-nio-8080-exec-7] INFO  c.a.l.s.c.ProductCatalogService - Cache hit: Returning product 8 for USD
2026-09-04 01:37:02.447 [http-nio-8080-exec-10] INFO  c.a.l.s.c.ProductCatalogService - Returning cached leathers for product: 8
2026-09-04 01:37:23.688 [http-nio-8080-exec-9] INFO  c.a.l.c.catalog.ProductController - GET /api/products - page: 0, filter: ProductFilterRequest(modelType=null, search=, page=0, size=12)
2026-09-04 01:37:23.694 [http-nio-8080-exec-9] INFO  c.a.l.s.c.ProductCatalogService - Fetching product catalog - page: 0, currency: USD
2026-09-04 01:37:23.714 [http-nio-8080-exec-9] INFO  c.a.l.c.ProductCatalogCacheRepository - Initial page cache hit for USD
2026-09-04 01:39:57.478 [HikariPool-1:housekeeper] WARN  com.zaxxer.hikari.pool.PoolBase - HikariPool-1 - Failed to validate connection org.postgresql.jdbc.PgConnection@5baf6392 (This connection has been closed.). Possibly consider using a shorter maxLifetime value.
2026-09-04 01:45:46.934 [http-nio-8080-exec-6] INFO  c.a.l.c.catalog.ProductController - GET /api/products - page: 0, filter: ProductFilterRequest(modelType=null, search=, page=0, size=12)
2026-09-04 01:45:47.893 [http-nio-8080-exec-6] INFO  c.a.l.s.c.ProductCatalogService - Fetching product catalog - page: 0, currency: USD
2026-09-04 01:45:54.277 [http-nio-8080-exec-6] INFO  c.a.l.c.ProductCatalogCacheRepository - Initial page cache hit for USD
2026-09-04 01:46:05.461 [http-nio-8080-exec-4] INFO  c.a.l.c.catalog.ProductController - GET /api/products/13 - Product detail requested
2026-09-04 01:46:05.479 [http-nio-8080-exec-8] INFO  c.a.l.c.catalog.ProductController - GET /api/products/13/available-leathers
2026-09-04 01:46:08.228 [http-nio-8080-exec-8] INFO  c.a.l.s.c.ProductCatalogService - Fetching available leathers for product: 13
2026-09-04 01:46:08.231 [http-nio-8080-exec-4] INFO  c.a.l.c.ProductCatalogCacheRepository - Product detail cache hit: product:detail:13:USD
2026-09-04 01:46:08.232 [http-nio-8080-exec-4] INFO  c.a.l.s.c.ProductCatalogService - Cache hit: Returning product 13 for USD
2026-09-04 01:46:08.292 [http-nio-8080-exec-10] INFO  c.a.l.c.catalog.ProductController - GET /api/products/13 - Product detail requested
2026-09-04 01:46:08.613 [http-nio-8080-exec-10] INFO  c.a.l.c.ProductCatalogCacheRepository - Product detail cache hit: product:detail:13:USD
2026-09-04 01:46:08.615 [http-nio-8080-exec-10] INFO  c.a.l.s.c.ProductCatalogService - Cache hit: Returning product 13 for USD
2026-09-04 01:46:10.911 [http-nio-8080-exec-7] INFO  c.a.l.c.catalog.ProductController - GET /api/products - page: 0, filter: ProductFilterRequest(modelType=null, search=, page=0, size=12)
2026-09-04 01:46:11.513 [http-nio-8080-exec-7] INFO  c.a.l.s.c.ProductCatalogService - Fetching product catalog - page: 0, currency: USD
2026-09-04 01:46:11.771 [http-nio-8080-exec-7] INFO  c.a.l.c.ProductCatalogCacheRepository - Initial page cache hit for USD
2026-09-04 01:46:18.001 [http-nio-8080-exec-8] INFO  c.a.l.cache.LeatherCacheRepository - Cached 2 leathers for product: 13
2026-09-04 01:46:18.002 [http-nio-8080-exec-8] INFO  c.a.l.s.c.ProductCatalogService - Found and cached 2 leathers for product: 13
2026-09-04 01:46:18.119 [http-nio-8080-exec-9] INFO  c.a.l.c.catalog.ProductController - GET /api/products/13/available-leathers
2026-09-04 01:46:18.162 [http-nio-8080-exec-9] INFO  c.a.l.s.c.ProductCatalogService - Fetching available leathers for product: 13
2026-09-04 01:46:18.370 [http-nio-8080-exec-9] INFO  c.a.l.cache.LeatherCacheRepository - Cache hit for leathers: 13
2026-09-04 01:46:18.372 [http-nio-8080-exec-9] INFO  c.a.l.s.c.ProductCatalogService - Returning cached leathers for product: 13
2026-09-04 01:46:22.076 [http-nio-8080-exec-2] INFO  c.a.l.c.catalog.ProductController - GET /api/products/8 - Product detail requested
2026-09-04 01:46:22.085 [http-nio-8080-exec-3] INFO  c.a.l.c.catalog.ProductController - GET /api/products/8/available-leathers
2026-09-04 01:46:22.193 [http-nio-8080-exec-3] INFO  c.a.l.s.c.ProductCatalogService - Fetching available leathers for product: 8
2026-09-04 01:46:22.336 [http-nio-8080-exec-3] INFO  c.a.l.cache.LeatherCacheRepository - Cache hit for leathers: 8
2026-09-04 01:46:22.337 [http-nio-8080-exec-3] INFO  c.a.l.s.c.ProductCatalogService - Returning cached leathers for product: 8
2026-09-04 01:46:22.473 [http-nio-8080-exec-2] INFO  c.a.l.c.ProductCatalogCacheRepository - Product detail cache hit: product:detail:8:USD
2026-09-04 01:46:22.489 [http-nio-8080-exec-2] INFO  c.a.l.s.c.ProductCatalogService - Cache hit: Returning product 8 for USD
2026-09-04 01:46:22.658 [http-nio-8080-exec-5] INFO  c.a.l.c.catalog.ProductController - GET /api/products/8/available-leathers
2026-09-04 01:46:22.672 [http-nio-8080-exec-5] INFO  c.a.l.s.c.ProductCatalogService - Fetching available leathers for product: 8
2026-09-04 01:46:22.721 [http-nio-8080-exec-1] INFO  c.a.l.c.catalog.ProductController - GET /api/products/8 - Product detail requested
2026-09-04 01:46:22.903 [http-nio-8080-exec-5] INFO  c.a.l.cache.LeatherCacheRepository - Cache hit for leathers: 8
2026-09-04 01:46:22.905 [http-nio-8080-exec-1] INFO  c.a.l.c.ProductCatalogCacheRepository - Product detail cache hit: product:detail:8:USD
2026-09-04 01:46:22.905 [http-nio-8080-exec-5] INFO  c.a.l.s.c.ProductCatalogService - Returning cached leathers for product: 8
2026-09-04 01:46:22.905 [http-nio-8080-exec-1] INFO  c.a.l.s.c.ProductCatalogService - Cache hit: Returning product 8 for USD
2026-09-04 01:46:31.084 [http-nio-8080-exec-6] INFO  c.a.l.c.catalog.ProductController - GET /api/products - page: 0, filter: ProductFilterRequest(modelType=null, search=, page=0, size=12)
2026-09-04 01:46:36.104 [http-nio-8080-exec-6] WARN  com.zaxxer.hikari.pool.PoolBase - HikariPool-1 - Failed to validate connection org.postgresql.jdbc.PgConnection@c14bbab (This connection has been closed.). Possibly consider using a shorter maxLifetime value.
2026-09-04 01:46:38.776 [http-nio-8080-exec-6] INFO  c.a.l.s.c.ProductCatalogService - Fetching product catalog - page: 0, currency: USD
2026-09-04 01:46:39.290 [http-nio-8080-exec-6] INFO  c.a.l.c.ProductCatalogCacheRepository - Initial page cache hit for USD
2026-09-04 01:46:43.139 [http-nio-8080-exec-10] INFO  c.a.l.c.catalog.ProductController - GET /api/products/5/available-leathers
2026-09-04 01:46:43.139 [http-nio-8080-exec-4] INFO  c.a.l.c.catalog.ProductController - GET /api/products/5 - Product detail requested
2026-09-04 01:46:43.205 [http-nio-8080-exec-10] INFO  c.a.l.s.c.ProductCatalogService - Fetching available leathers for product: 5
2026-09-04 01:46:43.570 [http-nio-8080-exec-4] INFO  c.a.l.c.ProductCatalogCacheRepository - Product detail cache hit: product:detail:5:USD
2026-09-04 01:46:43.570 [http-nio-8080-exec-4] INFO  c.a.l.s.c.ProductCatalogService - Cache hit: Returning product 5 for USD
2026-09-04 01:46:43.610 [http-nio-8080-exec-7] INFO  c.a.l.c.catalog.ProductController - GET /api/products/5 - Product detail requested
2026-09-04 01:46:43.825 [http-nio-8080-exec-7] INFO  c.a.l.c.ProductCatalogCacheRepository - Product detail cache hit: product:detail:5:USD
2026-09-04 01:46:43.827 [http-nio-8080-exec-7] INFO  c.a.l.s.c.ProductCatalogService - Cache hit: Returning product 5 for USD
2026-09-04 01:46:44.406 [http-nio-8080-exec-10] INFO  c.a.l.cache.LeatherCacheRepository - Cached 4 leathers for product: 5
2026-09-04 01:46:44.407 [http-nio-8080-exec-10] INFO  c.a.l.s.c.ProductCatalogService - Found and cached 4 leathers for product: 5
2026-09-04 01:46:46.284 [http-nio-8080-exec-8] INFO  c.a.l.c.catalog.ProductController - GET /api/products/5/available-leathers
2026-09-04 01:46:47.022 [http-nio-8080-exec-8] INFO  c.a.l.s.c.ProductCatalogService - Fetching available leathers for product: 5
2026-09-04 01:46:47.357 [http-nio-8080-exec-8] INFO  c.a.l.cache.LeatherCacheRepository - Cache hit for leathers: 5
2026-09-04 01:46:47.358 [http-nio-8080-exec-8] INFO  c.a.l.s.c.ProductCatalogService - Returning cached leathers for product: 5
2026-09-04 01:46:48.154 [http-nio-8080-exec-9] INFO  c.a.l.c.catalog.ProductController - GET /api/products - page: 0, filter: ProductFilterRequest(modelType=null, search=, page=0, size=12)
2026-09-04 01:46:48.240 [http-nio-8080-exec-9] INFO  c.a.l.s.c.ProductCatalogService - Fetching product catalog - page: 0, currency: USD
2026-09-04 01:46:48.390 [http-nio-8080-exec-9] INFO  c.a.l.c.ProductCatalogCacheRepository - Initial page cache hit for USD
2026-09-04 01:46:51.045 [http-nio-8080-exec-3] INFO  c.a.l.c.catalog.ProductController - GET /api/products/14 - Product detail requested
2026-09-04 01:46:51.045 [http-nio-8080-exec-2] INFO  c.a.l.c.catalog.ProductController - GET /api/products/14/available-leathers
2026-09-04 01:46:51.125 [http-nio-8080-exec-2] INFO  c.a.l.s.c.ProductCatalogService - Fetching available leathers for product: 14
2026-09-04 01:46:52.310 [http-nio-8080-exec-3] INFO  c.a.l.c.ProductCatalogCacheRepository - Product detail cached with key: product:detail:14:USD
2026-09-04 01:46:52.354 [http-nio-8080-exec-5] INFO  c.a.l.c.catalog.ProductController - GET /api/products/14 - Product detail requested
2026-09-04 01:46:52.436 [http-nio-8080-exec-5] INFO  c.a.l.c.ProductCatalogCacheRepository - Product detail cache hit: product:detail:14:USD
2026-09-04 01:46:52.436 [http-nio-8080-exec-5] INFO  c.a.l.s.c.ProductCatalogService - Cache hit: Returning product 14 for USD
2026-09-04 01:46:52.687 [http-nio-8080-exec-2] WARN  c.a.l.s.c.ProductCatalogService - No leathers found for product: 14. Skipping cache to prevent empty cache pollution.
2026-09-04 01:46:52.727 [http-nio-8080-exec-1] INFO  c.a.l.c.catalog.ProductController - GET /api/products/14/available-leathers
2026-09-04 01:46:52.734 [http-nio-8080-exec-1] INFO  c.a.l.s.c.ProductCatalogService - Fetching available leathers for product: 14
2026-09-04 01:46:52.922 [http-nio-8080-exec-1] WARN  c.a.l.s.c.ProductCatalogService - No leathers found for product: 14. Skipping cache to prevent empty cache pollution.
2026-09-04 01:47:13.463 [HikariPool-1:housekeeper] WARN  com.zaxxer.hikari.pool.PoolBase - HikariPool-1 - Failed to validate connection org.postgresql.jdbc.PgConnection@40abcda3 (This connection has been closed.). Possibly consider using a shorter maxLifetime value.
2026-09-04 01:47:18.471 [HikariPool-1:housekeeper] WARN  com.zaxxer.hikari.pool.PoolBase - HikariPool-1 - Failed to validate connection org.postgresql.jdbc.PgConnection@62d662dc (This connection has been closed.). Possibly consider using a shorter maxLifetime value.
2026-09-04 01:47:37.481 [http-nio-8080-exec-6] INFO  c.a.l.c.catalog.ProductController - GET /api/products - page: 0, filter: ProductFilterRequest(modelType=null, search=, page=0, size=12)
2026-09-04 01:47:42.534 [http-nio-8080-exec-6] WARN  com.zaxxer.hikari.pool.PoolBase - HikariPool-1 - Failed to validate connection org.postgresql.jdbc.PgConnection@3dd394b (This connection has been closed.). Possibly consider using a shorter maxLifetime value.
2026-09-04 01:47:57.500 [http-nio-8080-exec-6] INFO  c.a.l.s.c.ProductCatalogService - Fetching product catalog - page: 0, currency: USD
2026-09-04 01:48:14.809 [http-nio-8080-exec-7] INFO  c.a.l.c.catalog.ProductController - GET /api/products - page: 0, filter: ProductFilterRequest(modelType=null, search=, page=0, size=12)
2026-09-04 01:48:07.123 [http-nio-8080-exec-6] ERROR c.a.l.c.ProductCatalogCacheRepository - Failed to read initial page cache for USD
org.springframework.dao.QueryTimeoutException: Redis command timed out
	at org.springframework.data.redis.connection.lettuce.LettuceExceptionConverter.convert(LettuceExceptionConverter.java:68)
	at org.springframework.data.redis.connection.lettuce.LettuceExceptionConverter.convert(LettuceExceptionConverter.java:41)
	at org.springframework.data.redis.PassThroughExceptionTranslationStrategy.translate(PassThroughExceptionTranslationStrategy.java:40)
	at org.springframework.data.redis.FallbackExceptionTranslationStrategy.translate(FallbackExceptionTranslationStrategy.java:38)
	at org.springframework.data.redis.connection.lettuce.LettuceConnection.convertLettuceAccessException(LettuceConnection.java:310)
	at org.springframework.data.redis.connection.lettuce.LettuceConnection.await(LettuceConnection.java:1012)
	at org.springframework.data.redis.connection.lettuce.LettuceConnection.lambda$doInvoke$3(LettuceConnection.java:447)
	at org.springframework.data.redis.connection.lettuce.LettuceInvoker$Synchronizer.invoke(LettuceInvoker.java:665)
	at org.springframework.data.redis.connection.lettuce.LettuceInvoker.just(LettuceInvoker.java:94)
	at org.springframework.data.redis.connection.lettuce.LettuceStringCommands.get(LettuceStringCommands.java:55)
	at org.springframework.data.redis.connection.DefaultedRedisConnection.get(DefaultedRedisConnection.java:313)
	at org.springframework.data.redis.core.AbstractOperations$FunctionalValueDeserializingRedisCallback.inRedis(AbstractOperations.java:81)
	at org.springframework.data.redis.core.AbstractOperations$ValueDeserializingRedisCallback.doInRedis(AbstractOperations.java:62)
	at org.springframework.data.redis.core.RedisTemplate.execute(RedisTemplate.java:414)
	at org.springframework.data.redis.core.RedisTemplate.execute(RedisTemplate.java:381)
	at org.springframework.data.redis.core.AbstractOperations.execute(AbstractOperations.java:117)
	at org.springframework.data.redis.core.DefaultValueOperations.get(DefaultValueOperations.java:50)
	at com.aiatelye.leather.cache.ProductCatalogCacheRepository.getInitialPage(ProductCatalogCacheRepository.java:59)
	at java.base/jdk.internal.reflect.DirectMethodHandleAccessor.invoke(DirectMethodHandleAccessor.java:103)
	at java.base/java.lang.reflect.Method.invoke(Method.java:580)
	at org.springframework.aop.support.AopUtils.invokeJoinpointUsingReflection(AopUtils.java:360)
	at org.springframework.aop.framework.ReflectiveMethodInvocation.invokeJoinpoint(ReflectiveMethodInvocation.java:196)
	at org.springframework.aop.framework.ReflectiveMethodInvocation.proceed(ReflectiveMethodInvocation.java:163)
	at org.springframework.dao.support.PersistenceExceptionTranslationInterceptor.invoke(PersistenceExceptionTranslationInterceptor.java:138)
	at org.springframework.aop.framework.ReflectiveMethodInvocation.proceed(ReflectiveMethodInvocation.java:184)
	at org.springframework.aop.framework.CglibAopProxy$DynamicAdvisedInterceptor.intercept(CglibAopProxy.java:728)
	at com.aiatelye.leather.cache.ProductCatalogCacheRepository$$SpringCGLIB$$0.getInitialPage(<generated>)
	at com.aiatelye.leather.service.catalog.ProductCatalogService.getProductsSlice(ProductCatalogService.java:60)
	at java.base/jdk.internal.reflect.DirectMethodHandleAccessor.invoke(DirectMethodHandleAccessor.java:103)
	at java.base/java.lang.reflect.Method.invoke(Method.java:580)
	at org.springframework.aop.support.AopUtils.invokeJoinpointUsingReflection(AopUtils.java:360)
	at org.springframework.aop.framework.ReflectiveMethodInvocation.invokeJoinpoint(ReflectiveMethodInvocation.java:196)
	at org.springframework.aop.framework.ReflectiveMethodInvocation.proceed(ReflectiveMethodInvocation.java:163)
	at org.springframework.transaction.interceptor.TransactionAspectSupport.invokeWithinTransaction(TransactionAspectSupport.java:380)
	at org.springframework.transaction.interceptor.TransactionInterceptor.invoke(TransactionInterceptor.java:119)
	at org.springframework.aop.framework.ReflectiveMethodInvocation.proceed(ReflectiveMethodInvocation.java:184)
	at org.springframework.aop.framework.CglibAopProxy$DynamicAdvisedInterceptor.intercept(CglibAopProxy.java:728)
	at com.aiatelye.leather.service.catalog.ProductCatalogService$$SpringCGLIB$$0.getProductsSlice(<generated>)
	at com.aiatelye.leather.controller.catalog.ProductController.getProducts(ProductController.java:25)
	at java.base/jdk.internal.reflect.DirectMethodHandleAccessor.invoke(DirectMethodHandleAccessor.java:103)
	at java.base/java.lang.reflect.Method.invoke(Method.java:580)
	at org.springframework.web.method.support.InvocableHandlerMethod.doInvoke(InvocableHandlerMethod.java:258)
	at org.springframework.web.method.support.InvocableHandlerMethod.invokeForRequest(InvocableHandlerMethod.java:191)
	at org.springframework.web.servlet.mvc.method.annotation.ServletInvocableHandlerMethod.invokeAndHandle(ServletInvocableHandlerMethod.java:118)
	at org.springframework.web.servlet.mvc.method.annotation.RequestMappingHandlerAdapter.invokeHandlerMethod(RequestMappingHandlerAdapter.java:991)
	at org.springframework.web.servlet.mvc.method.annotation.RequestMappingHandlerAdapter.handleInternal(RequestMappingHandlerAdapter.java:896)
	at org.springframework.web.servlet.mvc.method.AbstractHandlerMethodAdapter.handle(AbstractHandlerMethodAdapter.java:87)
	at org.springframework.web.servlet.DispatcherServlet.doDispatch(DispatcherServlet.java:1089)
	at org.springframework.web.servlet.DispatcherServlet.doService(DispatcherServlet.java:979)
	at org.springframework.web.servlet.FrameworkServlet.processRequest(FrameworkServlet.java:1014)
	at org.springframework.web.servlet.FrameworkServlet.doGet(FrameworkServlet.java:903)
	at jakarta.servlet.http.HttpServlet.service(HttpServlet.java:564)
	at org.springframework.web.servlet.FrameworkServlet.service(FrameworkServlet.java:885)
	at jakarta.servlet.http.HttpServlet.service(HttpServlet.java:658)
	at org.apache.catalina.core.ApplicationFilterChain.internalDoFilter(ApplicationFilterChain.java:193)
	at org.apache.catalina.core.ApplicationFilterChain.doFilter(ApplicationFilterChain.java:138)
	at org.apache.tomcat.websocket.server.WsFilter.doFilter(WsFilter.java:51)
	at org.apache.catalina.core.ApplicationFilterChain.internalDoFilter(ApplicationFilterChain.java:162)
	at org.apache.catalina.core.ApplicationFilterChain.doFilter(ApplicationFilterChain.java:138)
	at org.springframework.web.filter.CompositeFilter$VirtualFilterChain.doFilter(CompositeFilter.java:108)
	at org.springframework.web.filter.CompositeFilter$VirtualFilterChain.doFilter(CompositeFilter.java:108)
	at org.springframework.security.web.FilterChainProxy.lambda$doFilterInternal$3(FilterChainProxy.java:231)
	at org.springframework.security.web.FilterChainProxy$VirtualFilterChain.doFilter(FilterChainProxy.java:365)
	at org.springframework.security.web.access.intercept.AuthorizationFilter.doFilter(AuthorizationFilter.java:101)
	at org.springframework.security.web.FilterChainProxy$VirtualFilterChain.doFilter(FilterChainProxy.java:374)
	at org.springframework.security.web.access.ExceptionTranslationFilter.doFilter(ExceptionTranslationFilter.java:125)
	at org.springframework.security.web.access.ExceptionTranslationFilter.doFilter(ExceptionTranslationFilter.java:119)
	at org.springframework.security.web.FilterChainProxy$VirtualFilterChain.doFilter(FilterChainProxy.java:374)
	at org.springframework.security.web.session.SessionManagementFilter.doFilter(SessionManagementFilter.java:131)
	at org.springframework.security.web.session.SessionManagementFilter.doFilter(SessionManagementFilter.java:85)
	at org.springframework.security.web.FilterChainProxy$VirtualFilterChain.doFilter(FilterChainProxy.java:374)
	at org.springframework.security.web.authentication.AnonymousAuthenticationFilter.doFilter(AnonymousAuthenticationFilter.java:100)
	at org.springframework.security.web.FilterChainProxy$VirtualFilterChain.doFilter(FilterChainProxy.java:374)
	at org.springframework.security.web.servletapi.SecurityContextHolderAwareRequestFilter.doFilter(SecurityContextHolderAwareRequestFilter.java:179)
	at org.springframework.security.web.FilterChainProxy$VirtualFilterChain.doFilter(FilterChainProxy.java:374)
	at org.springframework.security.web.savedrequest.RequestCacheAwareFilter.doFilter(RequestCacheAwareFilter.java:63)
	at org.springframework.security.web.FilterChainProxy$VirtualFilterChain.doFilter(FilterChainProxy.java:374)
	at org.springframework.security.web.authentication.AbstractAuthenticationProcessingFilter.doFilter(AbstractAuthenticationProcessingFilter.java:235)
	at org.springframework.security.web.authentication.AbstractAuthenticationProcessingFilter.doFilter(AbstractAuthenticationProcessingFilter.java:229)
	at org.springframework.security.web.FilterChainProxy$VirtualFilterChain.doFilter(FilterChainProxy.java:374)
	at com.aiatelye.leather.Securty.Filter.JwtTokenVeriflerFilter.doFilterInternal(JwtTokenVeriflerFilter.java:40)
	at org.springframework.web.filter.OncePerRequestFilter.doFilter(OncePerRequestFilter.java:116)
	at org.springframework.security.web.FilterChainProxy$VirtualFilterChain.doFilter(FilterChainProxy.java:374)
	at org.springframework.security.web.authentication.logout.LogoutFilter.doFilter(LogoutFilter.java:107)
	at org.springframework.security.web.authentication.logout.LogoutFilter.doFilter(LogoutFilter.java:93)
	at org.springframework.security.web.FilterChainProxy$VirtualFilterChain.doFilter(FilterChainProxy.java:374)
	at org.springframework.web.filter.CorsFilter.doFilterInternal(CorsFilter.java:91)
	at org.springframework.web.filter.OncePerRequestFilter.doFilter(OncePerRequestFilter.java:116)
	at org.springframework.security.web.FilterChainProxy$VirtualFilterChain.doFilter(FilterChainProxy.java:374)
	at org.springframework.security.web.header.HeaderWriterFilter.doHeadersAfter(HeaderWriterFilter.java:90)
	at org.springframework.security.web.header.HeaderWriterFilter.doFilterInternal(HeaderWriterFilter.java:75)
	at org.springframework.web.filter.OncePerRequestFilter.doFilter(OncePerRequestFilter.java:116)
	at org.springframework.security.web.FilterChainProxy$VirtualFilterChain.doFilter(FilterChainProxy.java:374)
	at org.springframework.security.web.context.SecurityContextHolderFilter.doFilter(SecurityContextHolderFilter.java:82)
	at org.springframework.security.web.context.SecurityContextHolderFilter.doFilter(SecurityContextHolderFilter.java:69)
	at org.springframework.security.web.FilterChainProxy$VirtualFilterChain.doFilter(FilterChainProxy.java:374)
	at org.springframework.security.web.context.request.async.WebAsyncManagerIntegrationFilter.doFilterInternal(WebAsyncManagerIntegrationFilter.java:62)
	at org.springframework.web.filter.OncePerRequestFilter.doFilter(OncePerRequestFilter.java:116)
	at org.springframework.security.web.FilterChainProxy$VirtualFilterChain.doFilter(FilterChainProxy.java:374)
	at org.springframework.security.web.session.DisableEncodeUrlFilter.doFilterInternal(DisableEncodeUrlFilter.java:42)
	at org.springframework.web.filter.OncePerRequestFilter.doFilter(OncePerRequestFilter.java:116)
	at org.springframework.security.web.FilterChainProxy$VirtualFilterChain.doFilter(FilterChainProxy.java:374)
	at org.springframework.security.web.FilterChainProxy.doFilterInternal(FilterChainProxy.java:233)
	at org.springframework.security.web.FilterChainProxy.doFilter(FilterChainProxy.java:191)
	at org.springframework.web.filter.CompositeFilter$VirtualFilterChain.doFilter(CompositeFilter.java:113)
	at org.springframework.web.filter.ServletRequestPathFilter.doFilter(ServletRequestPathFilter.java:52)
	at org.springframework.web.filter.CompositeFilter$VirtualFilterChain.doFilter(CompositeFilter.java:113)
	at org.springframework.web.filter.CompositeFilter.doFilter(CompositeFilter.java:74)
	at org.springframework.security.config.annotation.web.configuration.WebSecurityConfiguration$CompositeFilterChainProxy.doFilter(WebSecurityConfiguration.java:319)
	at org.springframework.web.filter.CompositeFilter$VirtualFilterChain.doFilter(CompositeFilter.java:113)
	at org.springframework.web.servlet.handler.HandlerMappingIntrospector.lambda$createCacheFilter$4(HandlerMappingIntrospector.java:267)
	at org.springframework.web.filter.CompositeFilter$VirtualFilterChain.doFilter(CompositeFilter.java:113)
	at org.springframework.web.filter.CompositeFilter.doFilter(CompositeFilter.java:74)
	at org.springframework.security.config.annotation.web.configuration.WebMvcSecurityConfiguration$CompositeFilterChainProxy.doFilter(WebMvcSecurityConfiguration.java:240)
	at org.springframework.web.filter.DelegatingFilterProxy.invokeDelegate(DelegatingFilterProxy.java:362)
	at org.springframework.web.filter.DelegatingFilterProxy.doFilter(DelegatingFilterProxy.java:278)
	at org.apache.catalina.core.ApplicationFilterChain.internalDoFilter(ApplicationFilterChain.java:162)
	at org.apache.catalina.core.ApplicationFilterChain.doFilter(ApplicationFilterChain.java:138)
	at org.springframework.web.filter.RequestContextFilter.doFilterInternal(RequestContextFilter.java:100)
	at org.springframework.web.filter.OncePerRequestFilter.doFilter(OncePerRequestFilter.java:116)
	at org.apache.catalina.core.ApplicationFilterChain.internalDoFilter(ApplicationFilterChain.java:162)
	at org.apache.catalina.core.ApplicationFilterChain.doFilter(ApplicationFilterChain.java:138)
	at org.springframework.web.filter.FormContentFilter.doFilterInternal(FormContentFilter.java:93)
	at org.springframework.web.filter.OncePerRequestFilter.doFilter(OncePerRequestFilter.java:116)
	at org.apache.catalina.core.ApplicationFilterChain.internalDoFilter(ApplicationFilterChain.java:162)
	at org.apache.catalina.core.ApplicationFilterChain.doFilter(ApplicationFilterChain.java:138)
	at org.springframework.web.filter.CharacterEncodingFilter.doFilterInternal(CharacterEncodingFilter.java:201)
	at org.springframework.web.filter.OncePerRequestFilter.doFilter(OncePerRequestFilter.java:116)
	at org.apache.catalina.core.ApplicationFilterChain.internalDoFilter(ApplicationFilterChain.java:162)
	at org.apache.catalina.core.ApplicationFilterChain.doFilter(ApplicationFilterChain.java:138)
	at org.apache.catalina.core.StandardWrapperValve.invoke(StandardWrapperValve.java:165)
	at org.apache.catalina.core.StandardContextValve.invoke(StandardContextValve.java:88)
	at org.apache.catalina.authenticator.AuthenticatorBase.invoke(AuthenticatorBase.java:482)
	at org.apache.catalina.core.StandardHostValve.invoke(StandardHostValve.java:113)
	at org.apache.catalina.valves.ErrorReportValve.invoke(ErrorReportValve.java:83)
	at org.apache.catalina.core.StandardEngineValve.invoke(StandardEngineValve.java:72)
	at org.apache.catalina.connector.CoyoteAdapter.service(CoyoteAdapter.java:342)
	at org.apache.coyote.http11.Http11Processor.service(Http11Processor.java:399)
	at org.apache.coyote.AbstractProcessorLight.process(AbstractProcessorLight.java:63)
	at org.apache.coyote.AbstractProtocol$ConnectionHandler.process(AbstractProtocol.java:903)
	at org.apache.tomcat.util.net.NioEndpoint$SocketProcessor.doRun(NioEndpoint.java:1774)
	at org.apache.tomcat.util.net.SocketProcessorBase.run(SocketProcessorBase.java:52)
	at org.apache.tomcat.util.threads.ThreadPoolExecutor.runWorker(ThreadPoolExecutor.java:973)
	at org.apache.tomcat.util.threads.ThreadPoolExecutor$Worker.run(ThreadPoolExecutor.java:491)
	at org.apache.tomcat.util.threads.TaskThread$WrappingRunnable.run(TaskThread.java:63)
	at java.base/java.lang.Thread.run(Thread.java:1583)
Caused by: io.lettuce.core.RedisCommandTimeoutException: Command timed out after 6 second(s)
	at io.lettuce.core.internal.ExceptionFactory.createTimeoutException(ExceptionFactory.java:63)
	at io.lettuce.core.internal.Futures.awaitOrCancel(Futures.java:233)
	at io.lettuce.core.LettuceFutures.awaitOrCancel(LettuceFutures.java:59)
	at org.springframework.data.redis.connection.lettuce.LettuceConnection.await(LettuceConnection.java:1010)
	... 140 common frames omitted
2026-09-04 01:48:31.571 [http-nio-8080-exec-7] INFO  c.a.l.s.c.ProductCatalogService - Fetching product catalog - page: 0, currency: USD
2026-09-04 01:48:32.126 [http-nio-8080-exec-7] INFO  c.a.l.c.ProductCatalogCacheRepository - Initial page cache hit for USD
2026-09-04 01:48:42.510 [http-nio-8080-exec-6] INFO  c.a.l.cache.PriceCacheRepository - Price cached: price:product:13:grade:1:AZN
2026-09-04 01:48:43.456 [http-nio-8080-exec-6] INFO  c.a.l.cache.PriceCacheRepository - Price cached: price:product:8:grade:3:AZN
2026-09-04 01:48:43.866 [http-nio-8080-exec-6] INFO  c.a.l.cache.PriceCacheRepository - Price cached: price:product:5:grade:2:AZN
2026-09-04 01:48:44.904 [http-nio-8080-exec-6] INFO  c.a.l.cache.PriceCacheRepository - Price cached: price:product:1:grade:1:AZN
2026-09-04 01:48:45.466 [http-nio-8080-exec-6] INFO  c.a.l.c.ProductCatalogCacheRepository - Initial page cached for USD: 6 products
2026-09-04 01:48:59.457 [http-nio-8080-exec-8] INFO  c.a.l.c.catalog.ProductController - GET /api/products/13/available-leathers
2026-09-04 01:48:59.542 [http-nio-8080-exec-10] INFO  c.a.l.c.catalog.ProductController - GET /api/products/13 - Product detail requested
2026-09-04 01:49:00.794 [http-nio-8080-exec-8] INFO  c.a.l.s.c.ProductCatalogService - Fetching available leathers for product: 13
2026-09-04 01:49:01.684 [http-nio-8080-exec-8] INFO  c.a.l.cache.LeatherCacheRepository - Cache hit for leathers: 13
2026-09-04 01:49:01.685 [http-nio-8080-exec-10] INFO  c.a.l.c.ProductCatalogCacheRepository - Product detail cache hit: product:detail:13:USD
2026-09-04 01:49:01.685 [http-nio-8080-exec-10] INFO  c.a.l.s.c.ProductCatalogService - Cache hit: Returning product 13 for USD
2026-09-04 01:49:01.686 [http-nio-8080-exec-8] INFO  c.a.l.s.c.ProductCatalogService - Returning cached leathers for product: 13
2026-09-04 01:49:01.771 [http-nio-8080-exec-3] INFO  c.a.l.c.catalog.ProductController - GET /api/products/13 - Product detail requested
2026-09-04 01:49:01.775 [http-nio-8080-exec-9] INFO  c.a.l.c.catalog.ProductController - GET /api/products/13/available-leathers
2026-09-04 01:49:01.776 [http-nio-8080-exec-9] INFO  c.a.l.s.c.ProductCatalogService - Fetching available leathers for product: 13
2026-09-04 01:49:01.923 [http-nio-8080-exec-3] INFO  c.a.l.c.ProductCatalogCacheRepository - Product detail cache hit: product:detail:13:USD
2026-09-04 01:49:01.923 [http-nio-8080-exec-9] INFO  c.a.l.cache.LeatherCacheRepository - Cache hit for leathers: 13
2026-09-04 01:49:01.924 [http-nio-8080-exec-3] INFO  c.a.l.s.c.ProductCatalogService - Cache hit: Returning product 13 for USD
2026-09-04 01:49:01.926 [http-nio-8080-exec-9] INFO  c.a.l.s.c.ProductCatalogService - Returning cached leathers for product: 13
2026-09-04 01:49:05.448 [http-nio-8080-exec-5] INFO  c.a.l.c.catalog.ProductController - GET /api/products - page: 0, filter: ProductFilterRequest(modelType=null, search=, page=0, size=12)
2026-09-04 01:49:05.493 [http-nio-8080-exec-5] INFO  c.a.l.s.c.ProductCatalogService - Fetching product catalog - page: 0, currency: USD
2026-09-04 01:49:05.576 [http-nio-8080-exec-5] INFO  c.a.l.c.ProductCatalogCacheRepository - Initial page cache hit for USD
2026-09-04 01:49:19.106 [http-nio-8080-exec-1] INFO  c.a.l.c.catalog.ProductController - GET /api/products/1/available-leathers
2026-09-04 01:49:20.421 [http-nio-8080-exec-2] INFO  c.a.l.c.catalog.ProductController - GET /api/products/1 - Product detail requested
2026-09-04 01:49:25.361 [http-nio-8080-exec-1] WARN  com.zaxxer.hikari.pool.PoolBase - HikariPool-1 - Failed to validate connection org.postgresql.jdbc.PgConnection@7840ae89 (This connection has been closed.). Possibly consider using a shorter maxLifetime value.
2026-09-04 01:49:25.942 [http-nio-8080-exec-2] WARN  com.zaxxer.hikari.pool.PoolBase - HikariPool-1 - Failed to validate connection org.postgresql.jdbc.PgConnection@5a6585c6 (This connection has been closed.). Possibly consider using a shorter maxLifetime value.
2026-09-04 01:49:30.386 [http-nio-8080-exec-1] WARN  com.zaxxer.hikari.pool.PoolBase - HikariPool-1 - Failed to validate connection org.postgresql.jdbc.PgConnection@3fffbc7f (This connection has been closed.). Possibly consider using a shorter maxLifetime value.
2026-09-04 01:49:31.201 [http-nio-8080-exec-2] WARN  com.zaxxer.hikari.pool.PoolBase - HikariPool-1 - Failed to validate connection org.postgresql.jdbc.PgConnection@44a7409b (This connection has been closed.). Possibly consider using a shorter maxLifetime value.
2026-09-04 01:49:37.954 [http-nio-8080-exec-4] INFO  c.a.l.c.catalog.ProductController - GET /api/products/1 - Product detail requested
2026-09-04 01:49:38.651 [http-nio-8080-exec-7] INFO  c.a.l.c.catalog.ProductController - GET /api/products/1/available-leathers
2026-09-04 01:49:43.321 [http-nio-8080-exec-6] INFO  c.a.l.c.catalog.ProductController - GET /api/products - page: 0, filter: ProductFilterRequest(modelType=null, search=, page=0, size=12)
2026-09-04 01:49:57.550 [http-nio-8080-exec-1] INFO  c.a.l.s.c.ProductCatalogService - Fetching available leathers for product: 1
2026-09-04 01:50:00.133 [http-nio-8080-exec-2] INFO  c.a.l.c.ProductCatalogCacheRepository - Product detail cache hit: product:detail:1:USD
2026-09-04 01:50:00.133 [http-nio-8080-exec-2] INFO  c.a.l.s.c.ProductCatalogService - Cache hit: Returning product 1 for USD
2026-09-04 01:50:03.257 [http-nio-8080-exec-4] INFO  c.a.l.c.ProductCatalogCacheRepository - Product detail cache hit: product:detail:1:USD
2026-09-04 01:50:03.258 [http-nio-8080-exec-4] INFO  c.a.l.s.c.ProductCatalogService - Cache hit: Returning product 1 for USD
2026-09-04 01:50:03.270 [http-nio-8080-exec-7] INFO  c.a.l.s.c.ProductCatalogService - Fetching available leathers for product: 1
2026-09-04 01:50:05.637 [http-nio-8080-exec-6] INFO  c.a.l.s.c.ProductCatalogService - Fetching product catalog - page: 0, currency: USD
2026-09-04 01:50:05.734 [http-nio-8080-exec-6] INFO  c.a.l.c.ProductCatalogCacheRepository - Initial page cache hit for USD
2026-09-04 01:50:08.055 [http-nio-8080-exec-1] INFO  c.a.l.cache.LeatherCacheRepository - Cached 4 leathers for product: 1
2026-09-04 01:50:08.056 [http-nio-8080-exec-1] INFO  c.a.l.s.c.ProductCatalogService - Found and cached 4 leathers for product: 1
2026-09-04 01:50:08.687 [http-nio-8080-exec-7] INFO  c.a.l.cache.LeatherCacheRepository - Cached 4 leathers for product: 1
2026-09-04 01:50:08.688 [http-nio-8080-exec-7] INFO  c.a.l.s.c.ProductCatalogService - Found and cached 4 leathers for product: 1
