2026-08-09 17:34:30.782 [background-preinit] INFO  o.h.validator.internal.util.Version - HV000001: Hibernate Validator 8.0.3.Final
2026-08-09 17:34:30.905 [main] INFO  c.a.leather.AiatelyeApplication - Starting AiatelyeApplication using Java 21.0.8 with PID 12868 (D:\My_project_Spring\Aiatelye\Aiatelye\build\classes\java\main started by elcin in D:\My_project_Spring\Aiatelye\Aiatelye)
2026-08-09 17:34:30.905 [main] INFO  c.a.leather.AiatelyeApplication - No active profile set, falling back to 1 default profile: "default"
2026-08-09 17:34:58.062 [main] INFO  o.s.d.r.c.RepositoryConfigurationDelegate - Multiple Spring Data modules found, entering strict repository configuration mode
2026-08-09 17:34:58.068 [main] INFO  o.s.d.r.c.RepositoryConfigurationDelegate - Bootstrapping Spring Data JPA repositories in DEFAULT mode.
2026-08-09 17:34:59.571 [main] INFO  o.s.d.r.c.RepositoryConfigurationDelegate - Finished Spring Data repository scanning in 1454 ms. Found 16 JPA repository interfaces.
2026-08-09 17:34:59.629 [main] INFO  o.s.d.r.c.RepositoryConfigurationDelegate - Multiple Spring Data modules found, entering strict repository configuration mode
2026-08-09 17:34:59.639 [main] INFO  o.s.d.r.c.RepositoryConfigurationDelegate - Bootstrapping Spring Data Redis repositories in DEFAULT mode.
2026-08-09 17:34:59.720 [main] INFO  o.s.d.r.c.RepositoryConfigurationExtensionSupport - Spring Data Redis - Could not safely identify store assignment for repository candidate interface com.aiatelye.leather.repository.CustomDesignRepository; If you want this repository to be a Redis repository, consider annotating your entities with one of these annotations: org.springframework.data.redis.core.RedisHash (preferred), or consider extending one of the following types with your repository: org.springframework.data.keyvalue.repository.KeyValueRepository
2026-08-09 17:34:59.721 [main] INFO  o.s.d.r.c.RepositoryConfigurationExtensionSupport - Spring Data Redis - Could not safely identify store assignment for repository candidate interface com.aiatelye.leather.repository.DeliveryCountryConfigRepository; If you want this repository to be a Redis repository, consider annotating your entities with one of these annotations: org.springframework.data.redis.core.RedisHash (preferred), or consider extending one of the following types with your repository: org.springframework.data.keyvalue.repository.KeyValueRepository
2026-08-09 17:34:59.721 [main] INFO  o.s.d.r.c.RepositoryConfigurationExtensionSupport - Spring Data Redis - Could not safely identify store assignment for repository candidate interface com.aiatelye.leather.repository.LeatherGradeRepository; If you want this repository to be a Redis repository, consider annotating your entities with one of these annotations: org.springframework.data.redis.core.RedisHash (preferred), or consider extending one of the following types with your repository: org.springframework.data.keyvalue.repository.KeyValueRepository
2026-08-09 17:34:59.721 [main] INFO  o.s.d.r.c.RepositoryConfigurationExtensionSupport - Spring Data Redis - Could not safely identify store assignment for repository candidate interface com.aiatelye.leather.repository.LeatherRepository; If you want this repository to be a Redis repository, consider annotating your entities with one of these annotations: org.springframework.data.redis.core.RedisHash (preferred), or consider extending one of the following types with your repository: org.springframework.data.keyvalue.repository.KeyValueRepository
2026-08-09 17:34:59.723 [main] INFO  o.s.d.r.c.RepositoryConfigurationExtensionSupport - Spring Data Redis - Could not safely identify store assignment for repository candidate interface com.aiatelye.leather.repository.OrderItemRepository; If you want this repository to be a Redis repository, consider annotating your entities with one of these annotations: org.springframework.data.redis.core.RedisHash (preferred), or consider extending one of the following types with your repository: org.springframework.data.keyvalue.repository.KeyValueRepository
2026-08-09 17:35:00.494 [main] INFO  o.s.d.r.c.RepositoryConfigurationExtensionSupport - Spring Data Redis - Could not safely identify store assignment for repository candidate interface com.aiatelye.leather.repository.OrderRepository; If you want this repository to be a Redis repository, consider annotating your entities with one of these annotations: org.springframework.data.redis.core.RedisHash (preferred), or consider extending one of the following types with your repository: org.springframework.data.keyvalue.repository.KeyValueRepository
2026-08-09 17:35:00.495 [main] INFO  o.s.d.r.c.RepositoryConfigurationExtensionSupport - Spring Data Redis - Could not safely identify store assignment for repository candidate interface com.aiatelye.leather.repository.PasswordResetTokenRepository; If you want this repository to be a Redis repository, consider annotating your entities with one of these annotations: org.springframework.data.redis.core.RedisHash (preferred), or consider extending one of the following types with your repository: org.springframework.data.keyvalue.repository.KeyValueRepository
2026-08-09 17:35:00.496 [main] INFO  o.s.d.r.c.RepositoryConfigurationExtensionSupport - Spring Data Redis - Could not safely identify store assignment for repository candidate interface com.aiatelye.leather.repository.PaymentRepository; If you want this repository to be a Redis repository, consider annotating your entities with one of these annotations: org.springframework.data.redis.core.RedisHash (preferred), or consider extending one of the following types with your repository: org.springframework.data.keyvalue.repository.KeyValueRepository
2026-08-09 17:35:00.496 [main] INFO  o.s.d.r.c.RepositoryConfigurationExtensionSupport - Spring Data Redis - Could not safely identify store assignment for repository candidate interface com.aiatelye.leather.repository.PricingRuleRepository; If you want this repository to be a Redis repository, consider annotating your entities with one of these annotations: org.springframework.data.redis.core.RedisHash (preferred), or consider extending one of the following types with your repository: org.springframework.data.keyvalue.repository.KeyValueRepository
2026-08-09 17:35:00.498 [main] INFO  o.s.d.r.c.RepositoryConfigurationExtensionSupport - Spring Data Redis - Could not safely identify store assignment for repository candidate interface com.aiatelye.leather.repository.ProductGradePriceRepository; If you want this repository to be a Redis repository, consider annotating your entities with one of these annotations: org.springframework.data.redis.core.RedisHash (preferred), or consider extending one of the following types with your repository: org.springframework.data.keyvalue.repository.KeyValueRepository
2026-08-09 17:35:00.499 [main] INFO  o.s.d.r.c.RepositoryConfigurationExtensionSupport - Spring Data Redis - Could not safely identify store assignment for repository candidate interface com.aiatelye.leather.repository.ProductImageRepository; If you want this repository to be a Redis repository, consider annotating your entities with one of these annotations: org.springframework.data.redis.core.RedisHash (preferred), or consider extending one of the following types with your repository: org.springframework.data.keyvalue.repository.KeyValueRepository
2026-08-09 17:35:00.500 [main] INFO  o.s.d.r.c.RepositoryConfigurationExtensionSupport - Spring Data Redis - Could not safely identify store assignment for repository candidate interface com.aiatelye.leather.repository.ProductModelRepository; If you want this repository to be a Redis repository, consider annotating your entities with one of these annotations: org.springframework.data.redis.core.RedisHash (preferred), or consider extending one of the following types with your repository: org.springframework.data.keyvalue.repository.KeyValueRepository
2026-08-09 17:35:00.547 [main] INFO  o.s.d.r.c.RepositoryConfigurationExtensionSupport - Spring Data Redis - Could not safely identify store assignment for repository candidate interface com.aiatelye.leather.repository.ShippingLocationRepository; If you want this repository to be a Redis repository, consider annotating your entities with one of these annotations: org.springframework.data.redis.core.RedisHash (preferred), or consider extending one of the following types with your repository: org.springframework.data.keyvalue.repository.KeyValueRepository
2026-08-09 17:35:00.549 [main] INFO  o.s.d.r.c.RepositoryConfigurationExtensionSupport - Spring Data Redis - Could not safely identify store assignment for repository candidate interface com.aiatelye.leather.repository.UserLimitRepository; If you want this repository to be a Redis repository, consider annotating your entities with one of these annotations: org.springframework.data.redis.core.RedisHash (preferred), or consider extending one of the following types with your repository: org.springframework.data.keyvalue.repository.KeyValueRepository
2026-08-09 17:35:00.551 [main] INFO  o.s.d.r.c.RepositoryConfigurationExtensionSupport - Spring Data Redis - Could not safely identify store assignment for repository candidate interface com.aiatelye.leather.repository.UserRepository; If you want this repository to be a Redis repository, consider annotating your entities with one of these annotations: org.springframework.data.redis.core.RedisHash (preferred), or consider extending one of the following types with your repository: org.springframework.data.keyvalue.repository.KeyValueRepository
2026-08-09 17:35:00.551 [main] INFO  o.s.d.r.c.RepositoryConfigurationExtensionSupport - Spring Data Redis - Could not safely identify store assignment for repository candidate interface com.aiatelye.leather.Securty.repository.AuthUserRepository; If you want this repository to be a Redis repository, consider annotating your entities with one of these annotations: org.springframework.data.redis.core.RedisHash (preferred), or consider extending one of the following types with your repository: org.springframework.data.keyvalue.repository.KeyValueRepository
2026-08-09 17:35:00.552 [main] INFO  o.s.d.r.c.RepositoryConfigurationDelegate - Finished Spring Data repository scanning in 885 ms. Found 0 Redis repository interfaces.
2026-08-09 17:35:03.076 [main] INFO  o.s.cloud.context.scope.GenericScope - BeanFactory id=35dc3c04-cf60-3a22-a864-4e0a2a33e972
2026-08-09 17:35:05.275 [main] INFO  o.s.b.w.e.tomcat.TomcatWebServer - Tomcat initialized with port 8080 (http)
2026-08-09 17:35:05.311 [main] INFO  o.a.coyote.http11.Http11NioProtocol - Initializing ProtocolHandler ["http-nio-8080"]
2026-08-09 17:35:05.317 [main] INFO  o.a.catalina.core.StandardService - Starting service [Tomcat]
2026-08-09 17:35:05.318 [main] INFO  o.a.catalina.core.StandardEngine - Starting Servlet engine: [Apache Tomcat/10.1.50]
2026-08-09 17:35:05.685 [main] INFO  o.a.c.c.C.[Tomcat].[localhost].[/] - Initializing Spring embedded WebApplicationContext
2026-08-09 17:35:05.686 [main] INFO  o.s.b.w.s.c.ServletWebServerApplicationContext - Root WebApplicationContext: initialization completed in 34644 ms
2026-08-09 17:35:06.915 [main] INFO  o.h.jpa.internal.util.LogHelper - HHH000204: Processing PersistenceUnitInfo [name: default]
2026-08-09 17:35:07.407 [main] INFO  org.hibernate.Version - HHH000412: Hibernate ORM core version 6.6.41.Final
2026-08-09 17:35:07.527 [main] INFO  o.h.c.i.RegionFactoryInitiator - HHH000026: Second-level cache disabled
2026-08-09 17:35:09.144 [main] INFO  o.s.o.j.p.SpringPersistenceUnitInfo - No LoadTimeWeaver setup: ignoring JPA class transformer
2026-08-09 17:35:09.330 [main] INFO  com.zaxxer.hikari.HikariDataSource - HikariPool-1 - Starting...
2026-08-09 17:35:10.117 [main] INFO  com.zaxxer.hikari.pool.HikariPool - HikariPool-1 - Added connection org.postgresql.jdbc.PgConnection@68f1b89
2026-08-09 17:35:10.122 [main] INFO  com.zaxxer.hikari.HikariDataSource - HikariPool-1 - Start completed.
2026-08-09 17:35:12.649 [main] INFO  o.hibernate.orm.connections.pooling - HHH10001005: Database info:
	Database JDBC URL [Connecting through datasource 'HikariDataSource (HikariPool-1)']
	Database driver: undefined/unknown
	Database version: 15.17
	Autocommit mode: undefined/unknown
	Isolation level: undefined/unknown
	Minimum pool size: undefined/unknown
	Maximum pool size: undefined/unknown
2026-08-09 17:35:19.739 [main] INFO  o.h.e.t.j.p.i.JtaPlatformInitiator - HHH000489: No JTA platform available (set 'hibernate.transaction.jta.platform' to enable JTA platform integration)
2026-08-09 17:35:23.689 [main] WARN  o.h.e.jdbc.spi.SqlExceptionHelper - SQL Warning Code: 0, SQLState: 00000
2026-08-09 17:35:23.689 [main] WARN  o.h.e.jdbc.spi.SqlExceptionHelper - constraint "uk781pmjx7kf279uopjhmbwnqhl" of relation "favorites" does not exist, skipping
2026-08-09 17:35:41.325 [main] INFO  o.s.o.j.LocalContainerEntityManagerFactoryBean - Initialized JPA EntityManagerFactory for persistence unit 'default'
2026-08-09 17:35:49.712 [main] INFO  c.a.l.componet.OrderNumberGenerator - Database sequence 'order_number_seq' checked/created successfully.
2026-08-09 17:35:55.794 [main] INFO  o.s.d.j.r.query.QueryEnhancerFactory - Hibernate is in classpath; If applicable, HQL parser will be used.
2026-08-09 17:36:02.437 [main] INFO  o.s.s.c.a.a.c.InitializeAuthenticationProviderBeanManagerConfigurer$InitializeAuthenticationProviderManagerConfigurer - Global AuthenticationManager configured with AuthenticationProvider bean with name daoAuthenticationProvider
2026-08-09 17:36:02.439 [main] WARN  o.s.s.c.a.a.c.InitializeUserDetailsBeanManagerConfigurer$InitializeUserDetailsManagerConfigurer - Global AuthenticationManager configured with an AuthenticationProvider bean. UserDetailsService beans will not be used by Spring Security for automatically configuring username/password login. Consider removing the AuthenticationProvider bean. Alternatively, consider using the UserDetailsService in a manually instantiated DaoAuthenticationProvider. If the current configuration is intentional, to turn off this warning, increase the logging level of 'org.springframework.security.config.annotation.authentication.configuration.InitializeUserDetailsBeanManagerConfigurer' to ERROR
2026-08-09 17:36:07.548 [main] INFO  o.a.coyote.http11.Http11NioProtocol - Starting ProtocolHandler ["http-nio-8080"]
2026-08-09 17:36:07.577 [main] INFO  o.s.b.w.e.tomcat.TomcatWebServer - Tomcat started on port 8080 (http) with context path '/'
2026-08-09 17:36:07.692 [main] INFO  o.s.a.r.c.CachingConnectionFactory - Attempting to connect to: [localhost:5672]
2026-08-09 17:36:12.927 [AMQP Connection 127.0.0.1:5672] WARN  c.r.c.impl.ForgivingExceptionHandler - An unexpected connection driver error occurred (Exception message: Socket closed)
2026-08-09 17:36:13.318 [main] INFO  o.s.a.r.c.CachingConnectionFactory - Created new connection: rabbitConnectionFactory#550400a0:0/SimpleConnection@4b4be42c [delegate=amqp://admin@0:0:0:0:0:0:0:1:5672/, localPort=57880]
2026-08-09 17:36:14.106 [main] INFO  c.a.leather.AiatelyeApplication - Started AiatelyeApplication in 107.141 seconds (process running for 112.646)
2026-08-09 17:36:14.130 [main] INFO  c.a.l.componet.CountryConfigSeeder - Ölkələrin bazada olub-olmaması yoxlanılır...
2026-08-09 17:36:28.665 [main] INFO  c.a.l.componet.CountryConfigSeeder - Bütün çatdırılma ölkələri artıq bazada mövcuddur. Əlavə işləməyə ehtiyac yoxdur.
2026-08-09 17:40:37.671 [http-nio-8080-exec-1] INFO  o.a.c.c.C.[Tomcat].[localhost].[/] - Initializing Spring DispatcherServlet 'dispatcherServlet'
2026-08-09 17:40:37.692 [http-nio-8080-exec-1] INFO  o.s.web.servlet.DispatcherServlet - Initializing Servlet 'dispatcherServlet'
2026-08-09 17:40:37.893 [http-nio-8080-exec-1] INFO  o.s.web.servlet.DispatcherServlet - Completed initialization in 197 ms
2026-08-09 17:40:39.215 [http-nio-8080-exec-2] WARN  c.a.l.S.F.JwtTokenVeriflerFilter - JWT Token vaxtı bitib: JWT expired at 2026-08-07T07:21:57Z. Current time: 2026-08-09T13:40:39Z, a difference of 195522201 milliseconds.  Allowed clock skew: 0 milliseconds.
2026-08-09 17:40:39.215 [http-nio-8080-exec-1] WARN  c.a.l.S.F.JwtTokenVeriflerFilter - JWT Token vaxtı bitib: JWT expired at 2026-08-07T07:21:57Z. Current time: 2026-08-09T13:40:39Z, a difference of 195522201 milliseconds.  Allowed clock skew: 0 milliseconds.
2026-08-09 17:40:39.244 [http-nio-8080-exec-4] WARN  c.a.l.S.F.JwtTokenVeriflerFilter - JWT Token vaxtı bitib: JWT expired at 2026-08-07T07:21:57Z. Current time: 2026-08-09T13:40:39Z, a difference of 195522243 milliseconds.  Allowed clock skew: 0 milliseconds.
2026-08-09 17:40:53.121 [http-nio-8080-exec-5] INFO  c.a.l.c.catalog.ProductController - GET /api/products - page: 0, filter: ProductFilterRequest(modelType=null, search=, page=0, size=12)
2026-08-09 17:40:53.305 [http-nio-8080-exec-5] INFO  c.a.l.s.c.ProductCatalogService - Fetching product catalog - page: 0, currency: USD
2026-08-09 17:40:56.967 [http-nio-8080-exec-5] INFO  c.a.l.cache.PriceCacheRepository - Price cached: price:product:13:grade:1:AZN
2026-08-09 17:40:57.052 [http-nio-8080-exec-5] INFO  c.a.l.cache.PriceCacheRepository - Price cached: price:product:8:grade:3:AZN
2026-08-09 17:40:57.079 [http-nio-8080-exec-5] INFO  c.a.l.cache.PriceCacheRepository - Price cached: price:product:5:grade:2:AZN
2026-08-09 17:40:57.150 [http-nio-8080-exec-5] INFO  c.a.l.cache.PriceCacheRepository - Price cached: price:product:1:grade:1:AZN
2026-08-09 17:40:57.424 [http-nio-8080-exec-5] INFO  c.a.l.c.ProductCatalogCacheRepository - Initial page cached for USD: 6 products
2026-08-09 17:40:58.719 [http-nio-8080-exec-6] INFO  c.a.l.c.catalog.LeatherController - GET /api/leathers - filter: LeatherFilterRequest(color=null, origin=null, gradeType=null, page=0, size=50)
2026-08-09 17:40:58.770 [http-nio-8080-exec-6] INFO  c.a.l.s.c.LeatherCatalogService - Fetching leathers with filter: LeatherFilterRequest(color=null, origin=null, gradeType=null, page=0, size=50)
2026-08-09 17:40:59.035 [http-nio-8080-exec-6] INFO  c.a.l.c.LeatherCatalogCacheRepository - Leather list cached: leathers:list:-1285416601:0
2026-08-09 17:40:59.070 [http-nio-8080-exec-7] INFO  c.a.l.c.catalog.LeatherController - GET /api/leathers - filter: LeatherFilterRequest(color=null, origin=null, gradeType=null, page=0, size=50)
2026-08-09 17:40:59.071 [http-nio-8080-exec-7] INFO  c.a.l.s.c.LeatherCatalogService - Fetching leathers with filter: LeatherFilterRequest(color=null, origin=null, gradeType=null, page=0, size=50)
2026-08-09 17:40:59.081 [http-nio-8080-exec-7] INFO  c.a.l.c.LeatherCatalogCacheRepository - Leather list cache hit: leathers:list:-1285416601:0
2026-08-09 17:40:59.081 [http-nio-8080-exec-7] INFO  c.a.l.s.c.LeatherCatalogService - Leather list has been cached
2026-08-09 17:41:06.509 [http-nio-8080-exec-8] INFO  c.a.l.c.catalog.ProductController - GET /api/products - page: 0, filter: ProductFilterRequest(modelType=null, search=, page=0, size=12)
2026-08-09 17:41:06.625 [http-nio-8080-exec-8] INFO  c.a.l.s.c.ProductCatalogService - Fetching product catalog - page: 0, currency: USD
2026-08-09 17:41:06.844 [http-nio-8080-exec-8] INFO  c.a.l.c.ProductCatalogCacheRepository - Initial page cache hit for USD
2026-08-09 17:50:42.829 [http-nio-8080-exec-1] INFO  c.a.l.c.catalog.ProductController - GET /api/products/1 - Product detail requested
2026-08-09 17:50:42.830 [http-nio-8080-exec-2] INFO  c.a.l.c.catalog.ProductController - GET /api/products/1/available-leathers
2026-08-09 17:50:42.881 [http-nio-8080-exec-2] INFO  c.a.l.s.c.ProductCatalogService - Fetching available leathers for product: 1
2026-08-09 17:50:44.273 [http-nio-8080-exec-1] INFO  c.a.l.cache.PriceCacheRepository - Price cached: price:product:1:grade:1:AZN
2026-08-09 17:50:44.387 [http-nio-8080-exec-1] INFO  c.a.l.cache.PriceCacheRepository - Price cached: price:product:1:grade:3:AZN
2026-08-09 17:50:44.418 [http-nio-8080-exec-2] INFO  c.a.l.cache.LeatherCacheRepository - Cached 4 leathers for product: 1
2026-08-09 17:50:44.419 [http-nio-8080-exec-2] INFO  c.a.l.s.c.ProductCatalogService - Found and cached 4 leathers for product: 1
2026-08-09 17:50:44.469 [http-nio-8080-exec-4] INFO  c.a.l.c.catalog.ProductController - GET /api/products/1/available-leathers
2026-08-09 17:50:44.470 [http-nio-8080-exec-4] INFO  c.a.l.s.c.ProductCatalogService - Fetching available leathers for product: 1
2026-08-09 17:50:44.476 [http-nio-8080-exec-1] INFO  c.a.l.c.ProductCatalogCacheRepository - Product detail cached with key: product:detail:1:USD
2026-08-09 17:50:44.476 [http-nio-8080-exec-4] INFO  c.a.l.cache.LeatherCacheRepository - Cache hit for leathers: 1
2026-08-09 17:50:44.521 [http-nio-8080-exec-4] INFO  c.a.l.s.c.ProductCatalogService - Returning cached leathers for product: 1
2026-08-09 17:50:44.521 [http-nio-8080-exec-5] INFO  c.a.l.c.catalog.ProductController - GET /api/products/1 - Product detail requested
2026-08-09 17:50:44.547 [http-nio-8080-exec-5] INFO  c.a.l.c.ProductCatalogCacheRepository - Product detail cache hit: product:detail:1:USD
2026-08-09 17:50:44.548 [http-nio-8080-exec-5] INFO  c.a.l.s.c.ProductCatalogService - Cache hit: Returning product 1 for USD
2026-08-09 17:50:50.034 [http-nio-8080-exec-6] INFO  c.a.l.c.catalog.ProductController - GET /api/products - page: 0, filter: ProductFilterRequest(modelType=null, search=, page=0, size=12)
2026-08-09 17:50:50.161 [http-nio-8080-exec-6] INFO  c.a.l.s.c.ProductCatalogService - Fetching product catalog - page: 0, currency: USD
2026-08-09 17:50:50.219 [http-nio-8080-exec-6] INFO  c.a.l.c.ProductCatalogCacheRepository - Initial page cache hit for USD
2026-08-09 17:50:54.342 [http-nio-8080-exec-8] INFO  c.a.l.c.catalog.ProductController - GET /api/products/3/available-leathers
2026-08-09 17:50:54.342 [http-nio-8080-exec-7] INFO  c.a.l.c.catalog.ProductController - GET /api/products/3 - Product detail requested
2026-08-09 17:50:54.354 [http-nio-8080-exec-8] INFO  c.a.l.s.c.ProductCatalogService - Fetching available leathers for product: 3
2026-08-09 17:50:54.404 [http-nio-8080-exec-7] INFO  c.a.l.c.ProductCatalogCacheRepository - Product detail cached with key: product:detail:3:USD
2026-08-09 17:50:54.421 [http-nio-8080-exec-9] INFO  c.a.l.c.catalog.ProductController - GET /api/products/3 - Product detail requested
2026-08-09 17:50:54.425 [http-nio-8080-exec-9] INFO  c.a.l.c.ProductCatalogCacheRepository - Product detail cache hit: product:detail:3:USD
2026-08-09 17:50:54.426 [http-nio-8080-exec-9] INFO  c.a.l.s.c.ProductCatalogService - Cache hit: Returning product 3 for USD
2026-08-09 17:50:54.433 [http-nio-8080-exec-8] WARN  c.a.l.s.c.ProductCatalogService - No leathers found for product: 3. Skipping cache to prevent empty cache pollution.
2026-08-09 17:50:54.446 [http-nio-8080-exec-10] INFO  c.a.l.c.catalog.ProductController - GET /api/products/3/available-leathers
2026-08-09 17:50:54.448 [http-nio-8080-exec-10] INFO  c.a.l.s.c.ProductCatalogService - Fetching available leathers for product: 3
2026-08-09 17:50:54.476 [http-nio-8080-exec-10] WARN  c.a.l.s.c.ProductCatalogService - No leathers found for product: 3. Skipping cache to prevent empty cache pollution.
2026-08-09 17:50:57.850 [http-nio-8080-exec-3] INFO  c.a.l.c.catalog.ProductController - GET /api/products - page: 0, filter: ProductFilterRequest(modelType=null, search=, page=0, size=12)
2026-08-09 17:50:57.901 [http-nio-8080-exec-3] INFO  c.a.l.s.c.ProductCatalogService - Fetching product catalog - page: 0, currency: USD
2026-08-09 17:50:57.943 [http-nio-8080-exec-3] INFO  c.a.l.c.ProductCatalogCacheRepository - Initial page cache hit for USD
2026-08-09 17:53:02.655 [http-nio-8080-exec-5] INFO  c.a.l.c.catalog.ProductController - GET /api/products/1 - Product detail requested
2026-08-09 17:53:02.655 [http-nio-8080-exec-6] INFO  c.a.l.c.catalog.ProductController - GET /api/products/1/available-leathers
2026-08-09 17:53:02.665 [http-nio-8080-exec-6] INFO  c.a.l.s.c.ProductCatalogService - Fetching available leathers for product: 1
2026-08-09 17:53:02.669 [http-nio-8080-exec-6] INFO  c.a.l.cache.LeatherCacheRepository - Cache hit for leathers: 1
2026-08-09 17:53:02.670 [http-nio-8080-exec-6] INFO  c.a.l.s.c.ProductCatalogService - Returning cached leathers for product: 1
2026-08-09 17:53:02.680 [http-nio-8080-exec-5] INFO  c.a.l.c.ProductCatalogCacheRepository - Product detail cache hit: product:detail:1:USD
2026-08-09 17:53:02.681 [http-nio-8080-exec-5] INFO  c.a.l.s.c.ProductCatalogService - Cache hit: Returning product 1 for USD
2026-08-09 17:53:02.702 [http-nio-8080-exec-5] INFO  c.a.l.c.catalog.ProductController - GET /api/products/1 - Product detail requested
2026-08-09 17:53:02.712 [http-nio-8080-exec-7] INFO  c.a.l.c.catalog.ProductController - GET /api/products/1/available-leathers
2026-08-09 17:53:02.713 [http-nio-8080-exec-7] INFO  c.a.l.s.c.ProductCatalogService - Fetching available leathers for product: 1
2026-08-09 17:53:02.810 [http-nio-8080-exec-5] INFO  c.a.l.c.ProductCatalogCacheRepository - Product detail cache hit: product:detail:1:USD
2026-08-09 17:53:02.811 [http-nio-8080-exec-5] INFO  c.a.l.s.c.ProductCatalogService - Cache hit: Returning product 1 for USD
2026-08-09 17:53:02.811 [http-nio-8080-exec-7] INFO  c.a.l.cache.LeatherCacheRepository - Cache hit for leathers: 1
2026-08-09 17:53:02.813 [http-nio-8080-exec-7] INFO  c.a.l.s.c.ProductCatalogService - Returning cached leathers for product: 1
2026-08-09 17:53:04.201 [http-nio-8080-exec-9] INFO  c.a.l.c.catalog.ProductController - GET /api/products - page: 0, filter: ProductFilterRequest(modelType=null, search=, page=0, size=12)
2026-08-09 17:53:04.213 [http-nio-8080-exec-9] INFO  c.a.l.s.c.ProductCatalogService - Fetching product catalog - page: 0, currency: USD
2026-08-09 17:53:04.296 [http-nio-8080-exec-9] INFO  c.a.l.c.ProductCatalogCacheRepository - Initial page cache hit for USD
2026-08-09 17:54:06.969 [http-nio-8080-exec-3] INFO  c.a.l.c.catalog.ProductController - GET /api/products/1 - Product detail requested
2026-08-09 17:54:06.970 [http-nio-8080-exec-2] INFO  c.a.l.c.catalog.ProductController - GET /api/products/1/available-leathers
2026-08-09 17:54:06.994 [http-nio-8080-exec-2] INFO  c.a.l.s.c.ProductCatalogService - Fetching available leathers for product: 1
2026-08-09 17:54:07.001 [http-nio-8080-exec-3] INFO  c.a.l.c.ProductCatalogCacheRepository - Product detail cache hit: product:detail:1:USD
2026-08-09 17:54:07.001 [http-nio-8080-exec-3] INFO  c.a.l.s.c.ProductCatalogService - Cache hit: Returning product 1 for USD
2026-08-09 17:54:07.003 [http-nio-8080-exec-2] INFO  c.a.l.cache.LeatherCacheRepository - Cache hit for leathers: 1
2026-08-09 17:54:07.004 [http-nio-8080-exec-2] INFO  c.a.l.s.c.ProductCatalogService - Returning cached leathers for product: 1
2026-08-09 17:54:07.033 [http-nio-8080-exec-1] INFO  c.a.l.c.catalog.ProductController - GET /api/products/1/available-leathers
2026-08-09 17:54:07.043 [http-nio-8080-exec-4] INFO  c.a.l.c.catalog.ProductController - GET /api/products/1 - Product detail requested
2026-08-09 17:54:07.048 [http-nio-8080-exec-1] INFO  c.a.l.s.c.ProductCatalogService - Fetching available leathers for product: 1
2026-08-09 17:54:07.076 [http-nio-8080-exec-4] INFO  c.a.l.c.ProductCatalogCacheRepository - Product detail cache hit: product:detail:1:USD
2026-08-09 17:54:07.078 [http-nio-8080-exec-4] INFO  c.a.l.s.c.ProductCatalogService - Cache hit: Returning product 1 for USD
2026-08-09 17:54:07.078 [http-nio-8080-exec-1] INFO  c.a.l.cache.LeatherCacheRepository - Cache hit for leathers: 1
2026-08-09 17:54:07.079 [http-nio-8080-exec-1] INFO  c.a.l.s.c.ProductCatalogService - Returning cached leathers for product: 1
2026-08-09 17:54:08.911 [http-nio-8080-exec-6] INFO  c.a.l.c.catalog.ProductController - GET /api/products - page: 0, filter: ProductFilterRequest(modelType=null, search=, page=0, size=12)
2026-08-09 17:54:08.994 [http-nio-8080-exec-6] INFO  c.a.l.s.c.ProductCatalogService - Fetching product catalog - page: 0, currency: USD
2026-08-09 17:54:09.035 [http-nio-8080-exec-6] INFO  c.a.l.c.ProductCatalogCacheRepository - Initial page cache hit for USD
2026-08-09 17:54:11.496 [http-nio-8080-exec-5] INFO  c.a.l.c.catalog.ProductController - GET /api/products/8 - Product detail requested
2026-08-09 17:54:11.496 [http-nio-8080-exec-7] INFO  c.a.l.c.catalog.ProductController - GET /api/products/8/available-leathers
2026-08-09 17:54:11.499 [http-nio-8080-exec-7] INFO  c.a.l.s.c.ProductCatalogService - Fetching available leathers for product: 8
2026-08-09 17:54:11.646 [http-nio-8080-exec-7] INFO  c.a.l.cache.LeatherCacheRepository - Cached 4 leathers for product: 8
2026-08-09 17:54:11.646 [http-nio-8080-exec-7] INFO  c.a.l.s.c.ProductCatalogService - Found and cached 4 leathers for product: 8
2026-08-09 17:54:11.672 [http-nio-8080-exec-5] INFO  c.a.l.cache.PriceCacheRepository - Price cached: price:product:8:grade:1:AZN
2026-08-09 17:54:11.698 [http-nio-8080-exec-9] INFO  c.a.l.c.catalog.ProductController - GET /api/products/8/available-leathers
2026-08-09 17:54:11.700 [http-nio-8080-exec-9] INFO  c.a.l.s.c.ProductCatalogService - Fetching available leathers for product: 8
2026-08-09 17:54:11.713 [http-nio-8080-exec-9] INFO  c.a.l.cache.LeatherCacheRepository - Cache hit for leathers: 8
2026-08-09 17:54:11.718 [http-nio-8080-exec-9] INFO  c.a.l.s.c.ProductCatalogService - Returning cached leathers for product: 8
2026-08-09 17:54:12.825 [http-nio-8080-exec-5] INFO  c.a.l.cache.PriceCacheRepository - Price cached: price:product:8:grade:2:AZN
2026-08-09 17:54:12.930 [http-nio-8080-exec-5] INFO  c.a.l.cache.PriceCacheRepository - Price cached: price:product:8:grade:3:AZN
2026-08-09 17:54:12.942 [http-nio-8080-exec-5] INFO  c.a.l.c.ProductCatalogCacheRepository - Product detail cached with key: product:detail:8:USD
2026-08-09 17:54:12.954 [http-nio-8080-exec-8] INFO  c.a.l.c.catalog.ProductController - GET /api/products/8 - Product detail requested
2026-08-09 17:54:12.965 [http-nio-8080-exec-8] INFO  c.a.l.c.ProductCatalogCacheRepository - Product detail cache hit: product:detail:8:USD
2026-08-09 17:54:12.965 [http-nio-8080-exec-8] INFO  c.a.l.s.c.ProductCatalogService - Cache hit: Returning product 8 for USD
2026-08-09 17:54:15.771 [http-nio-8080-exec-10] INFO  c.a.l.c.catalog.ProductController - GET /api/products - page: 0, filter: ProductFilterRequest(modelType=null, search=, page=0, size=12)
2026-08-09 17:54:15.916 [http-nio-8080-exec-10] INFO  c.a.l.s.c.ProductCatalogService - Fetching product catalog - page: 0, currency: USD
2026-08-09 17:54:16.104 [http-nio-8080-exec-10] INFO  c.a.l.c.ProductCatalogCacheRepository - Initial page cache hit for USD
2026-08-09 17:54:19.718 [http-nio-8080-exec-3] INFO  c.a.l.c.catalog.ProductController - GET /api/products/8 - Product detail requested
2026-08-09 17:54:19.920 [http-nio-8080-exec-2] INFO  c.a.l.c.catalog.ProductController - GET /api/products/8/available-leathers
2026-08-09 17:54:20.217 [http-nio-8080-exec-2] INFO  c.a.l.s.c.ProductCatalogService - Fetching available leathers for product: 8
2026-08-09 17:54:20.283 [http-nio-8080-exec-3] INFO  c.a.l.c.ProductCatalogCacheRepository - Product detail cache hit: product:detail:8:USD
2026-08-09 17:54:20.283 [http-nio-8080-exec-3] INFO  c.a.l.s.c.ProductCatalogService - Cache hit: Returning product 8 for USD
2026-08-09 17:54:20.285 [http-nio-8080-exec-2] INFO  c.a.l.cache.LeatherCacheRepository - Cache hit for leathers: 8
2026-08-09 17:54:20.286 [http-nio-8080-exec-2] INFO  c.a.l.s.c.ProductCatalogService - Returning cached leathers for product: 8
2026-08-09 17:54:20.324 [http-nio-8080-exec-4] INFO  c.a.l.c.catalog.ProductController - GET /api/products/8 - Product detail requested
2026-08-09 17:54:20.324 [http-nio-8080-exec-1] INFO  c.a.l.c.catalog.ProductController - GET /api/products/8/available-leathers
2026-08-09 17:54:20.324 [http-nio-8080-exec-1] INFO  c.a.l.s.c.ProductCatalogService - Fetching available leathers for product: 8
2026-08-09 17:54:20.358 [http-nio-8080-exec-4] INFO  c.a.l.c.ProductCatalogCacheRepository - Product detail cache hit: product:detail:8:USD
2026-08-09 17:54:20.358 [http-nio-8080-exec-1] INFO  c.a.l.cache.LeatherCacheRepository - Cache hit for leathers: 8
2026-08-09 17:54:20.358 [http-nio-8080-exec-4] INFO  c.a.l.s.c.ProductCatalogService - Cache hit: Returning product 8 for USD
2026-08-09 17:54:20.359 [http-nio-8080-exec-1] INFO  c.a.l.s.c.ProductCatalogService - Returning cached leathers for product: 8
2026-08-09 17:54:23.393 [http-nio-8080-exec-6] INFO  c.a.l.c.catalog.ProductController - GET /api/products - page: 0, filter: ProductFilterRequest(modelType=null, search=, page=0, size=12)
2026-08-09 17:54:23.765 [http-nio-8080-exec-6] INFO  c.a.l.s.c.ProductCatalogService - Fetching product catalog - page: 0, currency: USD
2026-08-09 17:54:23.793 [http-nio-8080-exec-6] INFO  c.a.l.c.ProductCatalogCacheRepository - Initial page cache hit for USD
2026-08-09 17:54:29.348 [http-nio-8080-exec-7] INFO  c.a.l.c.catalog.ProductController - GET /api/products/5 - Product detail requested
2026-08-09 17:54:29.349 [http-nio-8080-exec-9] INFO  c.a.l.c.catalog.ProductController - GET /api/products/5/available-leathers
2026-08-09 17:54:29.362 [http-nio-8080-exec-9] INFO  c.a.l.s.c.ProductCatalogService - Fetching available leathers for product: 5
2026-08-09 17:54:29.848 [http-nio-8080-exec-9] INFO  c.a.l.cache.LeatherCacheRepository - Cached 4 leathers for product: 5
2026-08-09 17:54:29.850 [http-nio-8080-exec-9] INFO  c.a.l.s.c.ProductCatalogService - Found and cached 4 leathers for product: 5
2026-08-09 17:54:29.876 [http-nio-8080-exec-5] INFO  c.a.l.c.catalog.ProductController - GET /api/products/5/available-leathers
2026-08-09 17:54:29.877 [http-nio-8080-exec-5] INFO  c.a.l.s.c.ProductCatalogService - Fetching available leathers for product: 5
2026-08-09 17:54:29.892 [http-nio-8080-exec-5] INFO  c.a.l.cache.LeatherCacheRepository - Cache hit for leathers: 5
2026-08-09 17:54:29.893 [http-nio-8080-exec-5] INFO  c.a.l.s.c.ProductCatalogService - Returning cached leathers for product: 5
2026-08-09 17:54:30.842 [http-nio-8080-exec-7] INFO  c.a.l.cache.PriceCacheRepository - Price cached: price:product:5:grade:2:AZN
2026-08-09 17:54:31.485 [http-nio-8080-exec-7] INFO  c.a.l.cache.PriceCacheRepository - Price cached: price:product:5:grade:3:AZN
2026-08-09 17:54:31.697 [http-nio-8080-exec-7] INFO  c.a.l.cache.PriceCacheRepository - Price cached: price:product:5:grade:1:AZN
2026-08-09 17:54:31.725 [http-nio-8080-exec-7] INFO  c.a.l.c.ProductCatalogCacheRepository - Product detail cached with key: product:detail:5:USD
2026-08-09 17:54:31.753 [http-nio-8080-exec-8] INFO  c.a.l.c.catalog.ProductController - GET /api/products/5 - Product detail requested
2026-08-09 17:54:31.790 [http-nio-8080-exec-8] INFO  c.a.l.c.ProductCatalogCacheRepository - Product detail cache hit: product:detail:5:USD
2026-08-09 17:54:31.790 [http-nio-8080-exec-8] INFO  c.a.l.s.c.ProductCatalogService - Cache hit: Returning product 5 for USD
2026-08-09 17:54:34.337 [http-nio-8080-exec-10] INFO  c.a.l.c.catalog.ProductController - GET /api/products - page: 0, filter: ProductFilterRequest(modelType=null, search=, page=0, size=12)
2026-08-09 17:54:34.358 [http-nio-8080-exec-10] INFO  c.a.l.s.c.ProductCatalogService - Fetching product catalog - page: 0, currency: USD
2026-08-09 17:54:34.365 [http-nio-8080-exec-10] INFO  c.a.l.c.ProductCatalogCacheRepository - Initial page cache hit for USD
2026-08-09 17:54:37.635 [http-nio-8080-exec-3] INFO  c.a.l.c.catalog.ProductController - GET /api/products/3 - Product detail requested
2026-08-09 17:54:37.646 [http-nio-8080-exec-2] INFO  c.a.l.c.catalog.ProductController - GET /api/products/3/available-leathers
2026-08-09 17:54:37.648 [http-nio-8080-exec-3] INFO  c.a.l.c.ProductCatalogCacheRepository - Product detail cache hit: product:detail:3:USD
2026-08-09 17:54:37.648 [http-nio-8080-exec-3] INFO  c.a.l.s.c.ProductCatalogService - Cache hit: Returning product 3 for USD
2026-08-09 17:54:37.660 [http-nio-8080-exec-2] INFO  c.a.l.s.c.ProductCatalogService - Fetching available leathers for product: 3
2026-08-09 17:54:37.664 [http-nio-8080-exec-1] INFO  c.a.l.c.catalog.ProductController - GET /api/products/3 - Product detail requested
2026-08-09 17:54:37.670 [http-nio-8080-exec-1] INFO  c.a.l.c.ProductCatalogCacheRepository - Product detail cache hit: product:detail:3:USD
2026-08-09 17:54:37.670 [http-nio-8080-exec-1] INFO  c.a.l.s.c.ProductCatalogService - Cache hit: Returning product 3 for USD
2026-08-09 17:54:37.693 [http-nio-8080-exec-2] WARN  c.a.l.s.c.ProductCatalogService - No leathers found for product: 3. Skipping cache to prevent empty cache pollution.
2026-08-09 17:54:37.714 [http-nio-8080-exec-4] INFO  c.a.l.c.catalog.ProductController - GET /api/products/3/available-leathers
2026-08-09 17:54:37.714 [http-nio-8080-exec-4] INFO  c.a.l.s.c.ProductCatalogService - Fetching available leathers for product: 3
2026-08-09 17:54:37.779 [http-nio-8080-exec-4] WARN  c.a.l.s.c.ProductCatalogService - No leathers found for product: 3. Skipping cache to prevent empty cache pollution.
2026-08-09 17:54:39.980 [http-nio-8080-exec-6] INFO  c.a.l.c.catalog.ProductController - GET /api/products - page: 0, filter: ProductFilterRequest(modelType=null, search=, page=0, size=12)
2026-08-09 17:54:40.063 [http-nio-8080-exec-6] INFO  c.a.l.s.c.ProductCatalogService - Fetching product catalog - page: 0, currency: USD
2026-08-09 17:54:40.076 [http-nio-8080-exec-6] INFO  c.a.l.c.ProductCatalogCacheRepository - Initial page cache hit for USD
2026-08-09 17:58:39.283 [http-nio-8080-exec-8] INFO  c.a.l.c.catalog.ProductController - GET /api/products/1 - Product detail requested
2026-08-09 17:58:39.204 [http-nio-8080-exec-10] INFO  c.a.l.c.catalog.ProductController - GET /api/products/1/available-leathers
2026-08-09 17:58:39.661 [http-nio-8080-exec-10] INFO  c.a.l.s.c.ProductCatalogService - Fetching available leathers for product: 1
2026-08-09 17:58:39.719 [http-nio-8080-exec-10] INFO  c.a.l.cache.LeatherCacheRepository - Cache hit for leathers: 1
2026-08-09 17:58:39.721 [http-nio-8080-exec-8] INFO  c.a.l.c.ProductCatalogCacheRepository - Product detail cache hit: product:detail:1:USD
2026-08-09 17:58:39.721 [http-nio-8080-exec-8] INFO  c.a.l.s.c.ProductCatalogService - Cache hit: Returning product 1 for USD
2026-08-09 17:58:39.741 [http-nio-8080-exec-10] INFO  c.a.l.s.c.ProductCatalogService - Returning cached leathers for product: 1
2026-08-09 17:58:39.832 [http-nio-8080-exec-3] INFO  c.a.l.c.catalog.ProductController - GET /api/products/1/available-leathers
2026-08-09 17:58:39.832 [http-nio-8080-exec-1] INFO  c.a.l.c.catalog.ProductController - GET /api/products/1 - Product detail requested
2026-08-09 17:58:39.833 [http-nio-8080-exec-3] INFO  c.a.l.s.c.ProductCatalogService - Fetching available leathers for product: 1
2026-08-09 17:58:39.892 [http-nio-8080-exec-1] INFO  c.a.l.c.ProductCatalogCacheRepository - Product detail cache hit: product:detail:1:USD
2026-08-09 17:58:39.892 [http-nio-8080-exec-1] INFO  c.a.l.s.c.ProductCatalogService - Cache hit: Returning product 1 for USD
2026-08-09 17:58:39.896 [http-nio-8080-exec-3] INFO  c.a.l.cache.LeatherCacheRepository - Cache hit for leathers: 1
2026-08-09 17:58:39.897 [http-nio-8080-exec-3] INFO  c.a.l.s.c.ProductCatalogService - Returning cached leathers for product: 1
2026-08-09 17:58:41.944 [http-nio-8080-exec-2] INFO  c.a.l.c.catalog.ProductController - GET /api/products - page: 0, filter: ProductFilterRequest(modelType=null, search=, page=0, size=12)
2026-08-09 17:58:42.045 [http-nio-8080-exec-2] INFO  c.a.l.s.c.ProductCatalogService - Fetching product catalog - page: 0, currency: USD
2026-08-09 17:58:42.088 [http-nio-8080-exec-2] INFO  c.a.l.c.ProductCatalogCacheRepository - Initial page cache hit for USD
2026-08-09 17:58:45.373 [http-nio-8080-exec-4] INFO  c.a.l.c.catalog.ProductController - GET /api/products/5 - Product detail requested
2026-08-09 17:58:45.374 [http-nio-8080-exec-6] INFO  c.a.l.c.catalog.ProductController - GET /api/products/5/available-leathers
2026-08-09 17:58:45.385 [http-nio-8080-exec-6] INFO  c.a.l.s.c.ProductCatalogService - Fetching available leathers for product: 5
2026-08-09 17:58:45.391 [http-nio-8080-exec-4] INFO  c.a.l.c.ProductCatalogCacheRepository - Product detail cache hit: product:detail:5:USD
2026-08-09 17:58:45.391 [http-nio-8080-exec-6] INFO  c.a.l.cache.LeatherCacheRepository - Cache hit for leathers: 5
2026-08-09 17:58:45.391 [http-nio-8080-exec-4] INFO  c.a.l.s.c.ProductCatalogService - Cache hit: Returning product 5 for USD
2026-08-09 17:58:45.391 [http-nio-8080-exec-6] INFO  c.a.l.s.c.ProductCatalogService - Returning cached leathers for product: 5
2026-08-09 17:58:45.400 [http-nio-8080-exec-9] INFO  c.a.l.c.catalog.ProductController - GET /api/products/5 - Product detail requested
2026-08-09 17:58:45.402 [http-nio-8080-exec-5] INFO  c.a.l.c.catalog.ProductController - GET /api/products/5/available-leathers
2026-08-09 17:58:45.403 [http-nio-8080-exec-5] INFO  c.a.l.s.c.ProductCatalogService - Fetching available leathers for product: 5
2026-08-09 17:58:45.424 [http-nio-8080-exec-9] INFO  c.a.l.c.ProductCatalogCacheRepository - Product detail cache hit: product:detail:5:USD
2026-08-09 17:58:45.424 [http-nio-8080-exec-9] INFO  c.a.l.s.c.ProductCatalogService - Cache hit: Returning product 5 for USD
2026-08-09 17:58:45.424 [http-nio-8080-exec-5] INFO  c.a.l.cache.LeatherCacheRepository - Cache hit for leathers: 5
2026-08-09 17:58:45.425 [http-nio-8080-exec-5] INFO  c.a.l.s.c.ProductCatalogService - Returning cached leathers for product: 5
2026-08-09 17:58:47.390 [http-nio-8080-exec-7] INFO  c.a.l.c.catalog.ProductController - GET /api/products - page: 0, filter: ProductFilterRequest(modelType=null, search=, page=0, size=12)
2026-08-09 17:58:47.403 [http-nio-8080-exec-7] INFO  c.a.l.s.c.ProductCatalogService - Fetching product catalog - page: 0, currency: USD
2026-08-09 17:58:47.415 [http-nio-8080-exec-7] INFO  c.a.l.c.ProductCatalogCacheRepository - Initial page cache hit for USD
2026-08-09 17:58:52.578 [http-nio-8080-exec-10] INFO  c.a.l.c.catalog.ProductController - GET /api/products/3 - Product detail requested
2026-08-09 17:58:52.584 [http-nio-8080-exec-8] INFO  c.a.l.c.catalog.ProductController - GET /api/products/3/available-leathers
2026-08-09 17:58:52.589 [http-nio-8080-exec-8] INFO  c.a.l.s.c.ProductCatalogService - Fetching available leathers for product: 3
2026-08-09 17:58:52.593 [http-nio-8080-exec-10] INFO  c.a.l.c.ProductCatalogCacheRepository - Product detail cache hit: product:detail:3:USD
2026-08-09 17:58:52.593 [http-nio-8080-exec-10] INFO  c.a.l.s.c.ProductCatalogService - Cache hit: Returning product 3 for USD
2026-08-09 17:58:52.602 [http-nio-8080-exec-1] INFO  c.a.l.c.catalog.ProductController - GET /api/products/3 - Product detail requested
2026-08-09 17:58:52.606 [http-nio-8080-exec-1] INFO  c.a.l.c.ProductCatalogCacheRepository - Product detail cache hit: product:detail:3:USD
2026-08-09 17:58:52.606 [http-nio-8080-exec-1] INFO  c.a.l.s.c.ProductCatalogService - Cache hit: Returning product 3 for USD
2026-08-09 17:58:52.914 [http-nio-8080-exec-8] WARN  c.a.l.s.c.ProductCatalogService - No leathers found for product: 3. Skipping cache to prevent empty cache pollution.
2026-08-09 17:58:52.935 [http-nio-8080-exec-3] INFO  c.a.l.c.catalog.ProductController - GET /api/products/3/available-leathers
2026-08-09 17:58:52.935 [http-nio-8080-exec-3] INFO  c.a.l.s.c.ProductCatalogService - Fetching available leathers for product: 3
2026-08-09 17:58:53.202 [http-nio-8080-exec-3] WARN  c.a.l.s.c.ProductCatalogService - No leathers found for product: 3. Skipping cache to prevent empty cache pollution.
2026-08-09 17:58:54.761 [http-nio-8080-exec-2] INFO  c.a.l.c.catalog.ProductController - GET /api/products - page: 0, filter: ProductFilterRequest(modelType=null, search=, page=0, size=12)
2026-08-09 17:58:54.784 [http-nio-8080-exec-2] INFO  c.a.l.s.c.ProductCatalogService - Fetching product catalog - page: 0, currency: USD
2026-08-09 17:58:54.805 [http-nio-8080-exec-2] INFO  c.a.l.c.ProductCatalogCacheRepository - Initial page cache hit for USD
2026-08-09 17:58:57.085 [http-nio-8080-exec-4] INFO  c.a.l.c.catalog.ProductController - GET /api/products/8 - Product detail requested
2026-08-09 17:58:57.097 [http-nio-8080-exec-6] INFO  c.a.l.c.catalog.ProductController - GET /api/products/8/available-leathers
2026-08-09 17:58:57.100 [http-nio-8080-exec-6] INFO  c.a.l.s.c.ProductCatalogService - Fetching available leathers for product: 8
2026-08-09 17:58:57.102 [http-nio-8080-exec-4] INFO  c.a.l.c.ProductCatalogCacheRepository - Product detail cache hit: product:detail:8:USD
2026-08-09 17:58:57.102 [http-nio-8080-exec-4] INFO  c.a.l.s.c.ProductCatalogService - Cache hit: Returning product 8 for USD
2026-08-09 17:58:57.109 [http-nio-8080-exec-6] INFO  c.a.l.cache.LeatherCacheRepository - Cache hit for leathers: 8
2026-08-09 17:58:57.110 [http-nio-8080-exec-6] INFO  c.a.l.s.c.ProductCatalogService - Returning cached leathers for product: 8
2026-08-09 17:58:57.121 [http-nio-8080-exec-5] INFO  c.a.l.c.catalog.ProductController - GET /api/products/8 - Product detail requested
2026-08-09 17:58:57.124 [http-nio-8080-exec-9] INFO  c.a.l.c.catalog.ProductController - GET /api/products/8/available-leathers
2026-08-09 17:58:57.124 [http-nio-8080-exec-9] INFO  c.a.l.s.c.ProductCatalogService - Fetching available leathers for product: 8
2026-08-09 17:58:57.198 [http-nio-8080-exec-9] INFO  c.a.l.cache.LeatherCacheRepository - Cache hit for leathers: 8
2026-08-09 17:58:57.197 [http-nio-8080-exec-5] INFO  c.a.l.c.ProductCatalogCacheRepository - Product detail cache hit: product:detail:8:USD
2026-08-09 17:58:57.207 [http-nio-8080-exec-9] INFO  c.a.l.s.c.ProductCatalogService - Returning cached leathers for product: 8
2026-08-09 17:58:57.207 [http-nio-8080-exec-5] INFO  c.a.l.s.c.ProductCatalogService - Cache hit: Returning product 8 for USD
2026-08-09 17:59:00.203 [http-nio-8080-exec-7] INFO  c.a.l.c.catalog.ProductController - GET /api/products - page: 0, filter: ProductFilterRequest(modelType=null, search=, page=0, size=12)
2026-08-09 17:59:00.675 [http-nio-8080-exec-7] INFO  c.a.l.s.c.ProductCatalogService - Fetching product catalog - page: 0, currency: USD
2026-08-09 17:59:01.138 [http-nio-8080-exec-7] INFO  c.a.l.c.ProductCatalogCacheRepository - Initial page cache hit for USD
2026-08-09 17:59:04.032 [http-nio-8080-exec-1] INFO  c.a.l.c.catalog.ProductController - GET /api/products/5/available-leathers
2026-08-09 17:59:04.032 [http-nio-8080-exec-10] INFO  c.a.l.c.catalog.ProductController - GET /api/products/5 - Product detail requested
2026-08-09 17:59:04.126 [http-nio-8080-exec-1] INFO  c.a.l.s.c.ProductCatalogService - Fetching available leathers for product: 5
2026-08-09 17:59:04.145 [http-nio-8080-exec-1] INFO  c.a.l.cache.LeatherCacheRepository - Cache hit for leathers: 5
2026-08-09 17:59:04.145 [http-nio-8080-exec-10] INFO  c.a.l.c.ProductCatalogCacheRepository - Product detail cache hit: product:detail:5:USD
2026-08-09 17:59:04.145 [http-nio-8080-exec-10] INFO  c.a.l.s.c.ProductCatalogService - Cache hit: Returning product 5 for USD
2026-08-09 17:59:04.145 [http-nio-8080-exec-1] INFO  c.a.l.s.c.ProductCatalogService - Returning cached leathers for product: 5
2026-08-09 17:59:04.162 [http-nio-8080-exec-8] INFO  c.a.l.c.catalog.ProductController - GET /api/products/5/available-leathers
2026-08-09 17:59:04.163 [http-nio-8080-exec-8] INFO  c.a.l.s.c.ProductCatalogService - Fetching available leathers for product: 5
2026-08-09 17:59:04.164 [http-nio-8080-exec-3] INFO  c.a.l.c.catalog.ProductController - GET /api/products/5 - Product detail requested
2026-08-09 17:59:04.198 [http-nio-8080-exec-8] INFO  c.a.l.cache.LeatherCacheRepository - Cache hit for leathers: 5
2026-08-09 17:59:04.198 [http-nio-8080-exec-3] INFO  c.a.l.c.ProductCatalogCacheRepository - Product detail cache hit: product:detail:5:USD
2026-08-09 17:59:04.198 [http-nio-8080-exec-3] INFO  c.a.l.s.c.ProductCatalogService - Cache hit: Returning product 5 for USD
2026-08-09 17:59:04.198 [http-nio-8080-exec-8] INFO  c.a.l.s.c.ProductCatalogService - Returning cached leathers for product: 5
2026-08-09 17:59:06.089 [http-nio-8080-exec-2] INFO  c.a.l.c.catalog.ProductController - GET /api/products - page: 0, filter: ProductFilterRequest(modelType=null, search=, page=0, size=12)
2026-08-09 17:59:06.097 [http-nio-8080-exec-2] INFO  c.a.l.s.c.ProductCatalogService - Fetching product catalog - page: 0, currency: USD
2026-08-09 17:59:06.108 [http-nio-8080-exec-2] INFO  c.a.l.c.ProductCatalogCacheRepository - Initial page cache hit for USD
2026-08-09 17:59:09.788 [http-nio-8080-exec-4] INFO  c.a.l.c.catalog.ProductController - GET /api/products/1 - Product detail requested
2026-08-09 17:59:09.788 [http-nio-8080-exec-6] INFO  c.a.l.c.catalog.ProductController - GET /api/products/1/available-leathers
2026-08-09 17:59:09.796 [http-nio-8080-exec-6] INFO  c.a.l.s.c.ProductCatalogService - Fetching available leathers for product: 1
2026-08-09 17:59:09.799 [http-nio-8080-exec-4] INFO  c.a.l.c.ProductCatalogCacheRepository - Product detail cache hit: product:detail:1:USD
2026-08-09 17:59:09.799 [http-nio-8080-exec-4] INFO  c.a.l.s.c.ProductCatalogService - Cache hit: Returning product 1 for USD
2026-08-09 17:59:09.807 [http-nio-8080-exec-6] INFO  c.a.l.cache.LeatherCacheRepository - Cache hit for leathers: 1
2026-08-09 17:59:09.808 [http-nio-8080-exec-6] INFO  c.a.l.s.c.ProductCatalogService - Returning cached leathers for product: 1
2026-08-09 17:59:09.813 [http-nio-8080-exec-5] INFO  c.a.l.c.catalog.ProductController - GET /api/products/1 - Product detail requested
2026-08-09 17:59:09.818 [http-nio-8080-exec-9] INFO  c.a.l.c.catalog.ProductController - GET /api/products/1/available-leathers
2026-08-09 17:59:09.819 [http-nio-8080-exec-9] INFO  c.a.l.s.c.ProductCatalogService - Fetching available leathers for product: 1
2026-08-09 17:59:09.821 [http-nio-8080-exec-5] INFO  c.a.l.c.ProductCatalogCacheRepository - Product detail cache hit: product:detail:1:USD
2026-08-09 17:59:09.821 [http-nio-8080-exec-5] INFO  c.a.l.s.c.ProductCatalogService - Cache hit: Returning product 1 for USD
2026-08-09 17:59:09.827 [http-nio-8080-exec-9] INFO  c.a.l.cache.LeatherCacheRepository - Cache hit for leathers: 1
2026-08-09 17:59:09.827 [http-nio-8080-exec-9] INFO  c.a.l.s.c.ProductCatalogService - Returning cached leathers for product: 1
2026-08-09 17:59:11.564 [http-nio-8080-exec-7] INFO  c.a.l.c.catalog.ProductController - GET /api/products - page: 0, filter: ProductFilterRequest(modelType=null, search=, page=0, size=12)
2026-08-09 17:59:11.578 [http-nio-8080-exec-7] INFO  c.a.l.s.c.ProductCatalogService - Fetching product catalog - page: 0, currency: USD
2026-08-09 17:59:11.598 [http-nio-8080-exec-7] INFO  c.a.l.c.ProductCatalogCacheRepository - Initial page cache hit for USD
2026-08-09 17:59:14.124 [http-nio-8080-exec-1] INFO  c.a.l.c.catalog.ProductController - GET /api/products/14 - Product detail requested
2026-08-09 17:59:14.129 [http-nio-8080-exec-10] INFO  c.a.l.c.catalog.ProductController - GET /api/products/14/available-leathers
2026-08-09 17:59:14.285 [http-nio-8080-exec-10] INFO  c.a.l.s.c.ProductCatalogService - Fetching available leathers for product: 14
2026-08-09 17:59:15.140 [http-nio-8080-exec-10] WARN  c.a.l.s.c.ProductCatalogService - No leathers found for product: 14. Skipping cache to prevent empty cache pollution.
2026-08-09 17:59:15.195 [http-nio-8080-exec-1] INFO  c.a.l.c.ProductCatalogCacheRepository - Product detail cached with key: product:detail:14:USD
2026-08-09 17:59:15.200 [http-nio-8080-exec-8] INFO  c.a.l.c.catalog.ProductController - GET /api/products/14/available-leathers
2026-08-09 17:59:15.201 [http-nio-8080-exec-8] INFO  c.a.l.s.c.ProductCatalogService - Fetching available leathers for product: 14
2026-08-09 17:59:15.329 [http-nio-8080-exec-3] INFO  c.a.l.c.catalog.ProductController - GET /api/products/14 - Product detail requested
2026-08-09 17:59:15.446 [http-nio-8080-exec-3] INFO  c.a.l.c.ProductCatalogCacheRepository - Product detail cache hit: product:detail:14:USD
2026-08-09 17:59:15.446 [http-nio-8080-exec-3] INFO  c.a.l.s.c.ProductCatalogService - Cache hit: Returning product 14 for USD
2026-08-09 17:59:15.597 [http-nio-8080-exec-8] WARN  c.a.l.s.c.ProductCatalogService - No leathers found for product: 14. Skipping cache to prevent empty cache pollution.
2026-08-09 17:59:16.694 [http-nio-8080-exec-2] INFO  c.a.l.c.catalog.ProductController - GET /api/products - page: 0, filter: ProductFilterRequest(modelType=null, search=, page=0, size=12)
2026-08-09 17:59:16.712 [http-nio-8080-exec-2] INFO  c.a.l.s.c.ProductCatalogService - Fetching product catalog - page: 0, currency: USD
2026-08-09 17:59:16.737 [http-nio-8080-exec-2] INFO  c.a.l.c.ProductCatalogCacheRepository - Initial page cache hit for USD
2026-08-09 17:59:18.944 [http-nio-8080-exec-6] INFO  c.a.l.c.catalog.ProductController - GET /api/products/13/available-leathers
2026-08-09 17:59:18.946 [http-nio-8080-exec-4] INFO  c.a.l.c.catalog.ProductController - GET /api/products/13 - Product detail requested
2026-08-09 17:59:18.956 [http-nio-8080-exec-6] INFO  c.a.l.s.c.ProductCatalogService - Fetching available leathers for product: 13
2026-08-09 17:59:19.109 [http-nio-8080-exec-6] INFO  c.a.l.cache.LeatherCacheRepository - Cached 2 leathers for product: 13
2026-08-09 17:59:19.109 [http-nio-8080-exec-6] INFO  c.a.l.s.c.ProductCatalogService - Found and cached 2 leathers for product: 13
2026-08-09 17:59:19.111 [http-nio-8080-exec-4] INFO  c.a.l.cache.PriceCacheRepository - Price cached: price:product:13:grade:1:AZN
2026-08-09 17:59:19.134 [http-nio-8080-exec-5] INFO  c.a.l.c.catalog.ProductController - GET /api/products/13/available-leathers
2026-08-09 17:59:19.135 [http-nio-8080-exec-5] INFO  c.a.l.s.c.ProductCatalogService - Fetching available leathers for product: 13
2026-08-09 17:59:19.143 [http-nio-8080-exec-4] INFO  c.a.l.c.ProductCatalogCacheRepository - Product detail cached with key: product:detail:13:USD
2026-08-09 17:59:19.143 [http-nio-8080-exec-5] INFO  c.a.l.cache.LeatherCacheRepository - Cache hit for leathers: 13
2026-08-09 17:59:19.144 [http-nio-8080-exec-5] INFO  c.a.l.s.c.ProductCatalogService - Returning cached leathers for product: 13
2026-08-09 17:59:19.228 [http-nio-8080-exec-9] INFO  c.a.l.c.catalog.ProductController - GET /api/products/13 - Product detail requested
2026-08-09 17:59:19.312 [http-nio-8080-exec-9] INFO  c.a.l.c.ProductCatalogCacheRepository - Product detail cache hit: product:detail:13:USD
2026-08-09 17:59:19.312 [http-nio-8080-exec-9] INFO  c.a.l.s.c.ProductCatalogService - Cache hit: Returning product 13 for USD
2026-08-09 17:59:20.894 [http-nio-8080-exec-7] INFO  c.a.l.c.catalog.ProductController - GET /api/products - page: 0, filter: ProductFilterRequest(modelType=null, search=, page=0, size=12)
2026-08-09 17:59:20.939 [http-nio-8080-exec-7] INFO  c.a.l.s.c.ProductCatalogService - Fetching product catalog - page: 0, currency: USD
2026-08-09 17:59:20.945 [http-nio-8080-exec-7] INFO  c.a.l.c.ProductCatalogCacheRepository - Initial page cache hit for USD
2026-08-09 17:59:23.723 [http-nio-8080-exec-10] INFO  c.a.l.c.catalog.ProductController - GET /api/products/14 - Product detail requested
2026-08-09 17:59:23.731 [http-nio-8080-exec-1] INFO  c.a.l.c.catalog.ProductController - GET /api/products/14/available-leathers
2026-08-09 17:59:23.734 [http-nio-8080-exec-1] INFO  c.a.l.s.c.ProductCatalogService - Fetching available leathers for product: 14
2026-08-09 17:59:23.734 [http-nio-8080-exec-10] INFO  c.a.l.c.ProductCatalogCacheRepository - Product detail cache hit: product:detail:14:USD
2026-08-09 17:59:23.734 [http-nio-8080-exec-10] INFO  c.a.l.s.c.ProductCatalogService - Cache hit: Returning product 14 for USD
2026-08-09 17:59:23.744 [http-nio-8080-exec-3] INFO  c.a.l.c.catalog.ProductController - GET /api/products/14 - Product detail requested
2026-08-09 17:59:23.749 [http-nio-8080-exec-3] INFO  c.a.l.c.ProductCatalogCacheRepository - Product detail cache hit: product:detail:14:USD
2026-08-09 17:59:23.749 [http-nio-8080-exec-3] INFO  c.a.l.s.c.ProductCatalogService - Cache hit: Returning product 14 for USD
2026-08-09 17:59:23.760 [http-nio-8080-exec-1] WARN  c.a.l.s.c.ProductCatalogService - No leathers found for product: 14. Skipping cache to prevent empty cache pollution.
2026-08-09 17:59:23.768 [http-nio-8080-exec-8] INFO  c.a.l.c.catalog.ProductController - GET /api/products/14/available-leathers
2026-08-09 17:59:23.768 [http-nio-8080-exec-8] INFO  c.a.l.s.c.ProductCatalogService - Fetching available leathers for product: 14
2026-08-09 17:59:23.799 [http-nio-8080-exec-8] WARN  c.a.l.s.c.ProductCatalogService - No leathers found for product: 14. Skipping cache to prevent empty cache pollution.
2026-08-09 17:59:26.252 [http-nio-8080-exec-2] INFO  c.a.l.c.catalog.ProductController - GET /api/products - page: 0, filter: ProductFilterRequest(modelType=null, search=, page=0, size=12)
2026-08-09 17:59:26.315 [http-nio-8080-exec-2] INFO  c.a.l.s.c.ProductCatalogService - Fetching product catalog - page: 0, currency: USD
2026-08-09 17:59:26.340 [http-nio-8080-exec-2] INFO  c.a.l.c.ProductCatalogCacheRepository - Initial page cache hit for USD
2026-08-09 17:59:31.763 [http-nio-8080-exec-5] INFO  c.a.l.c.catalog.ProductController - GET /api/products/13/available-leathers
2026-08-09 17:59:31.764 [http-nio-8080-exec-6] INFO  c.a.l.c.catalog.ProductController - GET /api/products/13 - Product detail requested
2026-08-09 17:59:31.774 [http-nio-8080-exec-5] INFO  c.a.l.s.c.ProductCatalogService - Fetching available leathers for product: 13
2026-08-09 17:59:31.791 [http-nio-8080-exec-5] INFO  c.a.l.cache.LeatherCacheRepository - Cache hit for leathers: 13
2026-08-09 17:59:31.792 [http-nio-8080-exec-5] INFO  c.a.l.s.c.ProductCatalogService - Returning cached leathers for product: 13
2026-08-09 17:59:31.793 [http-nio-8080-exec-6] INFO  c.a.l.c.ProductCatalogCacheRepository - Product detail cache hit: product:detail:13:USD
2026-08-09 17:59:31.793 [http-nio-8080-exec-6] INFO  c.a.l.s.c.ProductCatalogService - Cache hit: Returning product 13 for USD
2026-08-09 17:59:31.843 [http-nio-8080-exec-4] INFO  c.a.l.c.catalog.ProductController - GET /api/products/13/available-leathers
2026-08-09 17:59:31.845 [http-nio-8080-exec-4] INFO  c.a.l.s.c.ProductCatalogService - Fetching available leathers for product: 13
2026-08-09 17:59:31.910 [http-nio-8080-exec-9] INFO  c.a.l.c.catalog.ProductController - GET /api/products/13 - Product detail requested
2026-08-09 17:59:31.944 [http-nio-8080-exec-4] INFO  c.a.l.cache.LeatherCacheRepository - Cache hit for leathers: 13
2026-08-09 17:59:31.947 [http-nio-8080-exec-4] INFO  c.a.l.s.c.ProductCatalogService - Returning cached leathers for product: 13
2026-08-09 17:59:32.749 [http-nio-8080-exec-9] INFO  c.a.l.c.ProductCatalogCacheRepository - Product detail cache hit: product:detail:13:USD
2026-08-09 17:59:32.750 [http-nio-8080-exec-9] INFO  c.a.l.s.c.ProductCatalogService - Cache hit: Returning product 13 for USD
2026-08-09 17:59:37.898 [http-nio-8080-exec-7] INFO  c.a.l.c.catalog.ProductController - GET /api/products - page: 0, filter: ProductFilterRequest(modelType=null, search=, page=0, size=12)
2026-08-09 17:59:38.346 [http-nio-8080-exec-7] INFO  c.a.l.s.c.ProductCatalogService - Fetching product catalog - page: 0, currency: USD
2026-08-09 17:59:38.519 [http-nio-8080-exec-7] INFO  c.a.l.c.ProductCatalogCacheRepository - Initial page cache hit for USD
2026-08-09 18:00:12.416 [http-nio-8080-exec-1] INFO  c.a.l.c.catalog.ProductController - GET /api/products/5/available-leathers
2026-08-09 18:00:12.418 [http-nio-8080-exec-3] INFO  c.a.l.c.catalog.ProductController - GET /api/products/5 - Product detail requested
2026-08-09 18:00:12.423 [http-nio-8080-exec-1] INFO  c.a.l.s.c.ProductCatalogService - Fetching available leathers for product: 5
2026-08-09 18:00:12.425 [http-nio-8080-exec-3] INFO  c.a.l.c.ProductCatalogCacheRepository - Product detail cache hit: product:detail:5:USD
2026-08-09 18:00:12.425 [http-nio-8080-exec-1] INFO  c.a.l.cache.LeatherCacheRepository - Cache hit for leathers: 5
2026-08-09 18:00:12.426 [http-nio-8080-exec-3] INFO  c.a.l.s.c.ProductCatalogService - Cache hit: Returning product 5 for USD
2026-08-09 18:00:12.426 [http-nio-8080-exec-1] INFO  c.a.l.s.c.ProductCatalogService - Returning cached leathers for product: 5
2026-08-09 18:00:12.437 [http-nio-8080-exec-2] INFO  c.a.l.c.catalog.ProductController - GET /api/products/5/available-leathers
2026-08-09 18:00:12.437 [http-nio-8080-exec-8] INFO  c.a.l.c.catalog.ProductController - GET /api/products/5 - Product detail requested
2026-08-09 18:00:12.439 [http-nio-8080-exec-2] INFO  c.a.l.s.c.ProductCatalogService - Fetching available leathers for product: 5
2026-08-09 18:00:12.441 [http-nio-8080-exec-8] INFO  c.a.l.c.ProductCatalogCacheRepository - Product detail cache hit: product:detail:5:USD
2026-08-09 18:00:12.441 [http-nio-8080-exec-2] INFO  c.a.l.cache.LeatherCacheRepository - Cache hit for leathers: 5
2026-08-09 18:00:12.441 [http-nio-8080-exec-8] INFO  c.a.l.s.c.ProductCatalogService - Cache hit: Returning product 5 for USD
2026-08-09 18:00:12.442 [http-nio-8080-exec-2] INFO  c.a.l.s.c.ProductCatalogService - Returning cached leathers for product: 5
2026-08-09 18:00:15.558 [http-nio-8080-exec-5] INFO  c.a.l.c.catalog.ProductController - GET /api/products - page: 0, filter: ProductFilterRequest(modelType=null, search=, page=0, size=12)
2026-08-09 18:00:15.562 [http-nio-8080-exec-5] INFO  c.a.l.s.c.ProductCatalogService - Fetching product catalog - page: 0, currency: USD
2026-08-09 18:00:15.574 [http-nio-8080-exec-5] INFO  c.a.l.c.ProductCatalogCacheRepository - Initial page cache hit for USD
2026-08-09 18:00:21.430 [http-nio-8080-exec-6] INFO  c.a.l.c.catalog.ProductController - GET /api/products/8 - Product detail requested
2026-08-09 18:00:21.444 [http-nio-8080-exec-4] INFO  c.a.l.c.catalog.ProductController - GET /api/products/8/available-leathers
2026-08-09 18:00:21.454 [http-nio-8080-exec-4] INFO  c.a.l.s.c.ProductCatalogService - Fetching available leathers for product: 8
2026-08-09 18:00:21.462 [http-nio-8080-exec-6] INFO  c.a.l.c.ProductCatalogCacheRepository - Product detail cache hit: product:detail:8:USD
2026-08-09 18:00:21.462 [http-nio-8080-exec-6] INFO  c.a.l.s.c.ProductCatalogService - Cache hit: Returning product 8 for USD
2026-08-09 18:00:21.462 [http-nio-8080-exec-4] INFO  c.a.l.cache.LeatherCacheRepository - Cache hit for leathers: 8
2026-08-09 18:00:21.462 [http-nio-8080-exec-4] INFO  c.a.l.s.c.ProductCatalogService - Returning cached leathers for product: 8
2026-08-09 18:00:21.487 [http-nio-8080-exec-9] INFO  c.a.l.c.catalog.ProductController - GET /api/products/8/available-leathers
2026-08-09 18:00:21.488 [http-nio-8080-exec-9] INFO  c.a.l.s.c.ProductCatalogService - Fetching available leathers for product: 8
2026-08-09 18:00:21.513 [http-nio-8080-exec-7] INFO  c.a.l.c.catalog.ProductController - GET /api/products/8 - Product detail requested
2026-08-09 18:00:21.525 [http-nio-8080-exec-9] INFO  c.a.l.cache.LeatherCacheRepository - Cache hit for leathers: 8
2026-08-09 18:00:21.525 [http-nio-8080-exec-7] INFO  c.a.l.c.ProductCatalogCacheRepository - Product detail cache hit: product:detail:8:USD
2026-08-09 18:00:21.525 [http-nio-8080-exec-9] INFO  c.a.l.s.c.ProductCatalogService - Returning cached leathers for product: 8
2026-08-09 18:00:21.525 [http-nio-8080-exec-7] INFO  c.a.l.s.c.ProductCatalogService - Cache hit: Returning product 8 for USD
2026-08-09 18:01:56.838 [http-nio-8080-exec-1] INFO  c.a.l.c.catalog.ProductController - GET /api/products - page: 0, filter: ProductFilterRequest(modelType=null, search=, page=0, size=12)
2026-08-09 18:01:56.847 [http-nio-8080-exec-1] INFO  c.a.l.s.c.ProductCatalogService - Fetching product catalog - page: 0, currency: USD
2026-08-09 18:01:56.893 [http-nio-8080-exec-1] INFO  c.a.l.c.ProductCatalogCacheRepository - Initial page cache hit for USD
2026-08-09 18:01:59.719 [http-nio-8080-exec-2] INFO  c.a.l.c.catalog.ProductController - GET /api/products/3 - Product detail requested
2026-08-09 18:01:59.721 [http-nio-8080-exec-8] INFO  c.a.l.c.catalog.ProductController - GET /api/products/3/available-leathers
2026-08-09 18:01:59.724 [http-nio-8080-exec-8] INFO  c.a.l.s.c.ProductCatalogService - Fetching available leathers for product: 3
2026-08-09 18:01:59.726 [http-nio-8080-exec-2] INFO  c.a.l.c.ProductCatalogCacheRepository - Product detail cache hit: product:detail:3:USD
2026-08-09 18:01:59.726 [http-nio-8080-exec-2] INFO  c.a.l.s.c.ProductCatalogService - Cache hit: Returning product 3 for USD
2026-08-09 18:01:59.742 [http-nio-8080-exec-5] INFO  c.a.l.c.catalog.ProductController - GET /api/products/3 - Product detail requested
2026-08-09 18:01:59.750 [http-nio-8080-exec-5] INFO  c.a.l.c.ProductCatalogCacheRepository - Product detail cache hit: product:detail:3:USD
2026-08-09 18:01:59.750 [http-nio-8080-exec-5] INFO  c.a.l.s.c.ProductCatalogService - Cache hit: Returning product 3 for USD
2026-08-09 18:01:59.863 [http-nio-8080-exec-8] WARN  c.a.l.s.c.ProductCatalogService - No leathers found for product: 3. Skipping cache to prevent empty cache pollution.
2026-08-09 18:01:59.883 [http-nio-8080-exec-4] INFO  c.a.l.c.catalog.ProductController - GET /api/products/3/available-leathers
2026-08-09 18:01:59.883 [http-nio-8080-exec-4] INFO  c.a.l.s.c.ProductCatalogService - Fetching available leathers for product: 3
2026-08-09 18:01:59.983 [http-nio-8080-exec-4] WARN  c.a.l.s.c.ProductCatalogService - No leathers found for product: 3. Skipping cache to prevent empty cache pollution.
2026-08-09 18:02:03.627 [http-nio-8080-exec-6] INFO  c.a.l.c.catalog.ProductController - GET /api/products - page: 0, filter: ProductFilterRequest(modelType=null, search=, page=0, size=12)
2026-08-09 18:02:03.630 [http-nio-8080-exec-6] INFO  c.a.l.s.c.ProductCatalogService - Fetching product catalog - page: 0, currency: USD
2026-08-09 18:02:03.640 [http-nio-8080-exec-6] INFO  c.a.l.c.ProductCatalogCacheRepository - Initial page cache hit for USD
2026-08-09 18:02:09.371 [http-nio-8080-exec-9] INFO  c.a.l.c.catalog.ProductController - GET /api/products/1 - Product detail requested
2026-08-09 18:02:09.379 [http-nio-8080-exec-7] INFO  c.a.l.c.catalog.ProductController - GET /api/products/1/available-leathers
2026-08-09 18:02:09.412 [http-nio-8080-exec-7] INFO  c.a.l.s.c.ProductCatalogService - Fetching available leathers for product: 1
2026-08-09 18:02:09.472 [http-nio-8080-exec-9] INFO  c.a.l.c.ProductCatalogCacheRepository - Product detail cache hit: product:detail:1:USD
2026-08-09 18:02:09.473 [http-nio-8080-exec-9] INFO  c.a.l.s.c.ProductCatalogService - Cache hit: Returning product 1 for USD
2026-08-09 18:02:09.632 [http-nio-8080-exec-10] INFO  c.a.l.c.catalog.ProductController - GET /api/products/1 - Product detail requested
2026-08-09 18:02:09.712 [http-nio-8080-exec-10] INFO  c.a.l.c.ProductCatalogCacheRepository - Product detail cache hit: product:detail:1:USD
2026-08-09 18:02:09.713 [http-nio-8080-exec-10] INFO  c.a.l.s.c.ProductCatalogService - Cache hit: Returning product 1 for USD
2026-08-09 18:02:09.880 [http-nio-8080-exec-7] INFO  c.a.l.cache.LeatherCacheRepository - Cached 4 leathers for product: 1
2026-08-09 18:02:09.880 [http-nio-8080-exec-7] INFO  c.a.l.s.c.ProductCatalogService - Found and cached 4 leathers for product: 1
2026-08-09 18:02:09.953 [http-nio-8080-exec-3] INFO  c.a.l.c.catalog.ProductController - GET /api/products/1/available-leathers
2026-08-09 18:02:09.955 [http-nio-8080-exec-3] INFO  c.a.l.s.c.ProductCatalogService - Fetching available leathers for product: 1
2026-08-09 18:02:09.961 [http-nio-8080-exec-3] INFO  c.a.l.cache.LeatherCacheRepository - Cache hit for leathers: 1
2026-08-09 18:02:09.961 [http-nio-8080-exec-3] INFO  c.a.l.s.c.ProductCatalogService - Returning cached leathers for product: 1
2026-08-09 18:02:13.068 [http-nio-8080-exec-1] INFO  c.a.l.c.catalog.ProductController - GET /api/products - page: 0, filter: ProductFilterRequest(modelType=null, search=, page=0, size=12)
2026-08-09 18:02:13.179 [http-nio-8080-exec-1] INFO  c.a.l.s.c.ProductCatalogService - Fetching product catalog - page: 0, currency: USD
2026-08-09 18:02:13.251 [http-nio-8080-exec-1] INFO  c.a.l.c.ProductCatalogCacheRepository - Initial page cache hit for USD
2026-08-09 18:02:16.294 [http-nio-8080-exec-5] INFO  c.a.l.c.catalog.ProductController - GET /api/products/1/available-leathers
2026-08-09 18:02:16.294 [http-nio-8080-exec-2] INFO  c.a.l.c.catalog.ProductController - GET /api/products/1 - Product detail requested
2026-08-09 18:02:16.307 [http-nio-8080-exec-5] INFO  c.a.l.s.c.ProductCatalogService - Fetching available leathers for product: 1
2026-08-09 18:02:16.334 [http-nio-8080-exec-2] INFO  c.a.l.c.ProductCatalogCacheRepository - Product detail cache hit: product:detail:1:USD
2026-08-09 18:02:16.334 [http-nio-8080-exec-5] INFO  c.a.l.cache.LeatherCacheRepository - Cache hit for leathers: 1
2026-08-09 18:02:16.335 [http-nio-8080-exec-2] INFO  c.a.l.s.c.ProductCatalogService - Cache hit: Returning product 1 for USD
2026-08-09 18:02:16.335 [http-nio-8080-exec-5] INFO  c.a.l.s.c.ProductCatalogService - Returning cached leathers for product: 1
2026-08-09 18:02:16.345 [http-nio-8080-exec-8] INFO  c.a.l.c.catalog.ProductController - GET /api/products/1/available-leathers
2026-08-09 18:02:16.345 [http-nio-8080-exec-8] INFO  c.a.l.s.c.ProductCatalogService - Fetching available leathers for product: 1
2026-08-09 18:02:16.346 [http-nio-8080-exec-4] INFO  c.a.l.c.catalog.ProductController - GET /api/products/1 - Product detail requested
2026-08-09 18:02:16.355 [http-nio-8080-exec-8] INFO  c.a.l.cache.LeatherCacheRepository - Cache hit for leathers: 1
2026-08-09 18:02:16.355 [http-nio-8080-exec-4] INFO  c.a.l.c.ProductCatalogCacheRepository - Product detail cache hit: product:detail:1:USD
2026-08-09 18:02:16.355 [http-nio-8080-exec-4] INFO  c.a.l.s.c.ProductCatalogService - Cache hit: Returning product 1 for USD
2026-08-09 18:02:16.356 [http-nio-8080-exec-8] INFO  c.a.l.s.c.ProductCatalogService - Returning cached leathers for product: 1
2026-08-09 18:02:19.231 [http-nio-8080-exec-6] INFO  c.a.l.c.catalog.ProductController - GET /api/products - page: 0, filter: ProductFilterRequest(modelType=null, search=, page=0, size=12)
2026-08-09 18:02:19.264 [http-nio-8080-exec-6] INFO  c.a.l.s.c.ProductCatalogService - Fetching product catalog - page: 0, currency: USD
2026-08-09 18:02:19.271 [http-nio-8080-exec-6] INFO  c.a.l.c.ProductCatalogCacheRepository - Initial page cache hit for USD
2026-08-09 18:07:49.639 [http-nio-8080-exec-7] INFO  c.a.l.c.catalog.ProductController - GET /api/products/5/available-leathers
2026-08-09 18:07:49.638 [http-nio-8080-exec-3] INFO  c.a.l.c.catalog.ProductController - GET /api/products/5 - Product detail requested
2026-08-09 18:07:49.844 [http-nio-8080-exec-7] INFO  c.a.l.s.c.ProductCatalogService - Fetching available leathers for product: 5
2026-08-09 18:07:50.439 [http-nio-8080-exec-3] INFO  c.a.l.c.ProductCatalogCacheRepository - Product detail cache hit: product:detail:5:USD
2026-08-09 18:07:50.440 [http-nio-8080-exec-3] INFO  c.a.l.s.c.ProductCatalogService - Cache hit: Returning product 5 for USD
2026-08-09 18:07:50.640 [http-nio-8080-exec-1] INFO  c.a.l.c.catalog.ProductController - GET /api/products/5 - Product detail requested
2026-08-09 18:07:50.652 [http-nio-8080-exec-1] INFO  c.a.l.c.ProductCatalogCacheRepository - Product detail cache hit: product:detail:5:USD
2026-08-09 18:07:50.652 [http-nio-8080-exec-1] INFO  c.a.l.s.c.ProductCatalogService - Cache hit: Returning product 5 for USD
2026-08-09 18:07:51.297 [http-nio-8080-exec-7] INFO  c.a.l.cache.LeatherCacheRepository - Cached 4 leathers for product: 5
2026-08-09 18:07:51.297 [http-nio-8080-exec-7] INFO  c.a.l.s.c.ProductCatalogService - Found and cached 4 leathers for product: 5
2026-08-09 18:07:51.329 [http-nio-8080-exec-5] INFO  c.a.l.c.catalog.ProductController - GET /api/products/5/available-leathers
2026-08-09 18:07:51.330 [http-nio-8080-exec-5] INFO  c.a.l.s.c.ProductCatalogService - Fetching available leathers for product: 5
2026-08-09 18:07:51.339 [http-nio-8080-exec-5] INFO  c.a.l.cache.LeatherCacheRepository - Cache hit for leathers: 5
2026-08-09 18:07:51.342 [http-nio-8080-exec-5] INFO  c.a.l.s.c.ProductCatalogService - Returning cached leathers for product: 5
2026-08-09 18:07:53.461 [http-nio-8080-exec-2] INFO  c.a.l.c.catalog.ProductController - GET /api/products - page: 0, filter: ProductFilterRequest(modelType=null, search=, page=0, size=12)
2026-08-09 18:07:53.528 [http-nio-8080-exec-2] INFO  c.a.l.s.c.ProductCatalogService - Fetching product catalog - page: 0, currency: USD
2026-08-09 18:07:53.887 [http-nio-8080-exec-2] INFO  c.a.l.c.ProductCatalogCacheRepository - Initial page cache hit for USD
2026-08-09 18:07:57.637 [http-nio-8080-exec-4] INFO  c.a.l.c.catalog.ProductController - GET /api/products/13/available-leathers
2026-08-09 18:07:57.644 [http-nio-8080-exec-8] INFO  c.a.l.c.catalog.ProductController - GET /api/products/13 - Product detail requested
2026-08-09 18:07:57.649 [http-nio-8080-exec-4] INFO  c.a.l.s.c.ProductCatalogService - Fetching available leathers for product: 13
2026-08-09 18:07:57.664 [http-nio-8080-exec-4] INFO  c.a.l.cache.LeatherCacheRepository - Cache hit for leathers: 13
2026-08-09 18:07:57.665 [http-nio-8080-exec-4] INFO  c.a.l.s.c.ProductCatalogService - Returning cached leathers for product: 13
2026-08-09 18:07:57.675 [http-nio-8080-exec-6] INFO  c.a.l.c.catalog.ProductController - GET /api/products/13/available-leathers
2026-08-09 18:07:57.676 [http-nio-8080-exec-6] INFO  c.a.l.s.c.ProductCatalogService - Fetching available leathers for product: 13
2026-08-09 18:07:57.683 [http-nio-8080-exec-8] INFO  c.a.l.c.ProductCatalogCacheRepository - Product detail cache hit: product:detail:13:USD
2026-08-09 18:07:57.683 [http-nio-8080-exec-8] INFO  c.a.l.s.c.ProductCatalogService - Cache hit: Returning product 13 for USD
2026-08-09 18:07:57.710 [http-nio-8080-exec-6] INFO  c.a.l.cache.LeatherCacheRepository - Cache hit for leathers: 13
2026-08-09 18:07:57.711 [http-nio-8080-exec-6] INFO  c.a.l.s.c.ProductCatalogService - Returning cached leathers for product: 13
2026-08-09 18:07:57.727 [http-nio-8080-exec-9] INFO  c.a.l.c.catalog.ProductController - GET /api/products/13 - Product detail requested
2026-08-09 18:07:57.761 [http-nio-8080-exec-9] INFO  c.a.l.c.ProductCatalogCacheRepository - Product detail cache hit: product:detail:13:USD
2026-08-09 18:07:57.761 [http-nio-8080-exec-9] INFO  c.a.l.s.c.ProductCatalogService - Cache hit: Returning product 13 for USD
2026-08-09 18:08:00.339 [http-nio-8080-exec-10] INFO  c.a.l.c.catalog.ProductController - GET /api/products - page: 0, filter: ProductFilterRequest(modelType=null, search=, page=0, size=12)
2026-08-09 18:08:00.348 [http-nio-8080-exec-10] INFO  c.a.l.s.c.ProductCatalogService - Fetching product catalog - page: 0, currency: USD
2026-08-09 18:08:00.353 [http-nio-8080-exec-10] INFO  c.a.l.c.ProductCatalogCacheRepository - Initial page cache hit for USD
2026-08-09 18:08:05.984 [http-nio-8080-exec-1] INFO  c.a.l.c.catalog.ProductController - GET /api/products/14/available-leathers
2026-08-09 18:08:05.984 [http-nio-8080-exec-3] INFO  c.a.l.c.catalog.ProductController - GET /api/products/14 - Product detail requested
2026-08-09 18:08:05.988 [http-nio-8080-exec-1] INFO  c.a.l.s.c.ProductCatalogService - Fetching available leathers for product: 14
2026-08-09 18:08:05.991 [http-nio-8080-exec-3] INFO  c.a.l.c.ProductCatalogCacheRepository - Product detail cache hit: product:detail:14:USD
2026-08-09 18:08:05.992 [http-nio-8080-exec-3] INFO  c.a.l.s.c.ProductCatalogService - Cache hit: Returning product 14 for USD
2026-08-09 18:08:06.016 [http-nio-8080-exec-7] INFO  c.a.l.c.catalog.ProductController - GET /api/products/14 - Product detail requested
2026-08-09 18:08:06.093 [http-nio-8080-exec-7] INFO  c.a.l.c.ProductCatalogCacheRepository - Product detail cache hit: product:detail:14:USD
2026-08-09 18:08:06.094 [http-nio-8080-exec-7] INFO  c.a.l.s.c.ProductCatalogService - Cache hit: Returning product 14 for USD
2026-08-09 18:08:06.258 [http-nio-8080-exec-1] WARN  c.a.l.s.c.ProductCatalogService - No leathers found for product: 14. Skipping cache to prevent empty cache pollution.
2026-08-09 18:08:06.308 [http-nio-8080-exec-5] INFO  c.a.l.c.catalog.ProductController - GET /api/products/14/available-leathers
2026-08-09 18:08:06.310 [http-nio-8080-exec-5] INFO  c.a.l.s.c.ProductCatalogService - Fetching available leathers for product: 14
2026-08-09 18:08:06.391 [http-nio-8080-exec-5] WARN  c.a.l.s.c.ProductCatalogService - No leathers found for product: 14. Skipping cache to prevent empty cache pollution.
2026-08-09 18:08:08.011 [http-nio-8080-exec-2] INFO  c.a.l.c.catalog.ProductController - GET /api/products - page: 0, filter: ProductFilterRequest(modelType=null, search=, page=0, size=12)
2026-08-09 18:08:08.039 [http-nio-8080-exec-2] INFO  c.a.l.s.c.ProductCatalogService - Fetching product catalog - page: 0, currency: USD
2026-08-09 18:08:08.044 [http-nio-8080-exec-2] INFO  c.a.l.c.ProductCatalogCacheRepository - Initial page cache hit for USD
2026-08-09 18:08:10.013 [http-nio-8080-exec-4] INFO  c.a.l.c.catalog.ProductController - GET /api/products/8 - Product detail requested
2026-08-09 18:08:10.019 [http-nio-8080-exec-8] INFO  c.a.l.c.catalog.ProductController - GET /api/products/8/available-leathers
2026-08-09 18:08:10.037 [http-nio-8080-exec-8] INFO  c.a.l.s.c.ProductCatalogService - Fetching available leathers for product: 8
2026-08-09 18:08:10.041 [http-nio-8080-exec-4] INFO  c.a.l.c.ProductCatalogCacheRepository - Product detail cache hit: product:detail:8:USD
2026-08-09 18:08:10.042 [http-nio-8080-exec-4] INFO  c.a.l.s.c.ProductCatalogService - Cache hit: Returning product 8 for USD
2026-08-09 18:08:10.063 [http-nio-8080-exec-6] INFO  c.a.l.c.catalog.ProductController - GET /api/products/8 - Product detail requested
2026-08-09 18:08:10.074 [http-nio-8080-exec-6] INFO  c.a.l.c.ProductCatalogCacheRepository - Product detail cache hit: product:detail:8:USD
2026-08-09 18:08:10.074 [http-nio-8080-exec-6] INFO  c.a.l.s.c.ProductCatalogService - Cache hit: Returning product 8 for USD
2026-08-09 18:08:10.108 [http-nio-8080-exec-8] INFO  c.a.l.cache.LeatherCacheRepository - Cached 4 leathers for product: 8
2026-08-09 18:08:10.109 [http-nio-8080-exec-8] INFO  c.a.l.s.c.ProductCatalogService - Found and cached 4 leathers for product: 8
2026-08-09 18:08:10.118 [http-nio-8080-exec-9] INFO  c.a.l.c.catalog.ProductController - GET /api/products/8/available-leathers
2026-08-09 18:08:10.118 [http-nio-8080-exec-9] INFO  c.a.l.s.c.ProductCatalogService - Fetching available leathers for product: 8
2026-08-09 18:08:10.123 [http-nio-8080-exec-9] INFO  c.a.l.cache.LeatherCacheRepository - Cache hit for leathers: 8
2026-08-09 18:08:10.124 [http-nio-8080-exec-9] INFO  c.a.l.s.c.ProductCatalogService - Returning cached leathers for product: 8
2026-08-09 18:08:12.380 [http-nio-8080-exec-10] INFO  c.a.l.c.catalog.ProductController - GET /api/products - page: 0, filter: ProductFilterRequest(modelType=null, search=, page=0, size=12)
2026-08-09 18:08:12.663 [http-nio-8080-exec-10] INFO  c.a.l.s.c.ProductCatalogService - Fetching product catalog - page: 0, currency: USD
2026-08-09 18:08:12.859 [http-nio-8080-exec-10] INFO  c.a.l.c.ProductCatalogCacheRepository - Initial page cache hit for USD
2026-08-09 18:08:16.098 [http-nio-8080-exec-3] INFO  c.a.l.c.catalog.ProductController - GET /api/products/3 - Product detail requested
2026-08-09 18:08:16.099 [http-nio-8080-exec-7] INFO  c.a.l.c.catalog.ProductController - GET /api/products/3/available-leathers
2026-08-09 18:08:16.104 [http-nio-8080-exec-7] INFO  c.a.l.s.c.ProductCatalogService - Fetching available leathers for product: 3
2026-08-09 18:08:16.110 [http-nio-8080-exec-3] INFO  c.a.l.c.ProductCatalogCacheRepository - Product detail cache hit: product:detail:3:USD
2026-08-09 18:08:16.110 [http-nio-8080-exec-3] INFO  c.a.l.s.c.ProductCatalogService - Cache hit: Returning product 3 for USD
2026-08-09 18:08:16.120 [http-nio-8080-exec-1] INFO  c.a.l.c.catalog.ProductController - GET /api/products/3 - Product detail requested
2026-08-09 18:08:16.123 [http-nio-8080-exec-1] INFO  c.a.l.c.ProductCatalogCacheRepository - Product detail cache hit: product:detail:3:USD
2026-08-09 18:08:16.123 [http-nio-8080-exec-1] INFO  c.a.l.s.c.ProductCatalogService - Cache hit: Returning product 3 for USD
2026-08-09 18:08:16.128 [http-nio-8080-exec-7] WARN  c.a.l.s.c.ProductCatalogService - No leathers found for product: 3. Skipping cache to prevent empty cache pollution.
2026-08-09 18:08:16.135 [http-nio-8080-exec-5] INFO  c.a.l.c.catalog.ProductController - GET /api/products/3/available-leathers
2026-08-09 18:08:16.135 [http-nio-8080-exec-5] INFO  c.a.l.s.c.ProductCatalogService - Fetching available leathers for product: 3
2026-08-09 18:08:16.162 [http-nio-8080-exec-5] WARN  c.a.l.s.c.ProductCatalogService - No leathers found for product: 3. Skipping cache to prevent empty cache pollution.
2026-08-09 18:08:18.073 [http-nio-8080-exec-2] INFO  c.a.l.c.catalog.ProductController - GET /api/products - page: 0, filter: ProductFilterRequest(modelType=null, search=, page=0, size=12)
2026-08-09 18:08:18.078 [http-nio-8080-exec-2] INFO  c.a.l.s.c.ProductCatalogService - Fetching product catalog - page: 0, currency: USD
2026-08-09 18:08:18.103 [http-nio-8080-exec-2] INFO  c.a.l.c.ProductCatalogCacheRepository - Initial page cache hit for USD
2026-08-09 18:09:02.980 [http-nio-8080-exec-6] INFO  c.a.l.c.catalog.ProductController - GET /api/products/13 - Product detail requested
2026-08-09 18:09:02.980 [http-nio-8080-exec-8] INFO  c.a.l.c.catalog.ProductController - GET /api/products/13/available-leathers
2026-08-09 18:09:02.984 [http-nio-8080-exec-8] INFO  c.a.l.s.c.ProductCatalogService - Fetching available leathers for product: 13
2026-08-09 18:09:02.993 [http-nio-8080-exec-8] INFO  c.a.l.cache.LeatherCacheRepository - Cache hit for leathers: 13
2026-08-09 18:09:02.993 [http-nio-8080-exec-6] INFO  c.a.l.c.ProductCatalogCacheRepository - Product detail cache hit: product:detail:13:USD
2026-08-09 18:09:02.993 [http-nio-8080-exec-8] INFO  c.a.l.s.c.ProductCatalogService - Returning cached leathers for product: 13
2026-08-09 18:09:02.993 [http-nio-8080-exec-6] INFO  c.a.l.s.c.ProductCatalogService - Cache hit: Returning product 13 for USD
2026-08-09 18:09:03.013 [http-nio-8080-exec-9] INFO  c.a.l.c.catalog.ProductController - GET /api/products/13/available-leathers
2026-08-09 18:09:03.013 [http-nio-8080-exec-9] INFO  c.a.l.s.c.ProductCatalogService - Fetching available leathers for product: 13
2026-08-09 18:09:03.018 [http-nio-8080-exec-10] INFO  c.a.l.c.catalog.ProductController - GET /api/products/13 - Product detail requested
2026-08-09 18:09:03.026 [http-nio-8080-exec-9] INFO  c.a.l.cache.LeatherCacheRepository - Cache hit for leathers: 13
2026-08-09 18:09:03.026 [http-nio-8080-exec-9] INFO  c.a.l.s.c.ProductCatalogService - Returning cached leathers for product: 13
2026-08-09 18:09:03.034 [http-nio-8080-exec-10] INFO  c.a.l.c.ProductCatalogCacheRepository - Product detail cache hit: product:detail:13:USD
2026-08-09 18:09:03.034 [http-nio-8080-exec-10] INFO  c.a.l.s.c.ProductCatalogService - Cache hit: Returning product 13 for USD
2026-08-09 18:09:21.476 [http-nio-8080-exec-1] INFO  c.a.l.c.order.CartController - POST /api/cart/preview - 1 items, currency: USD
2026-08-09 18:09:21.484 [http-nio-8080-exec-1] INFO  c.a.l.s.Order.CartPreviewService - Cart preview requested with 1 items, currency: USD
2026-08-09 18:09:21.681 [http-nio-8080-exec-1] INFO  c.a.l.cache.PriceCacheRepository - Price cached: price:product:8:grade:3:AZN
2026-08-09 18:09:28.412 [http-nio-8080-exec-7] INFO  c.a.l.c.catalog.ProductController - GET /api/products - page: 0, filter: ProductFilterRequest(modelType=null, search=, page=0, size=12)
2026-08-09 18:09:28.553 [http-nio-8080-exec-7] INFO  c.a.l.s.c.ProductCatalogService - Fetching product catalog - page: 0, currency: USD
2026-08-09 18:09:28.672 [http-nio-8080-exec-7] INFO  c.a.l.c.ProductCatalogCacheRepository - Initial page cache hit for USD
2026-08-09 18:09:30.615 [http-nio-8080-exec-5] INFO  c.a.l.c.catalog.ProductController - GET /api/products/1 - Product detail requested
2026-08-09 18:09:30.616 [http-nio-8080-exec-2] INFO  c.a.l.c.catalog.ProductController - GET /api/products/1/available-leathers
2026-08-09 18:09:30.622 [http-nio-8080-exec-2] INFO  c.a.l.s.c.ProductCatalogService - Fetching available leathers for product: 1
2026-08-09 18:09:30.626 [http-nio-8080-exec-5] INFO  c.a.l.c.ProductCatalogCacheRepository - Product detail cache hit: product:detail:1:USD
2026-08-09 18:09:30.626 [http-nio-8080-exec-5] INFO  c.a.l.s.c.ProductCatalogService - Cache hit: Returning product 1 for USD
2026-08-09 18:09:30.629 [http-nio-8080-exec-2] INFO  c.a.l.cache.LeatherCacheRepository - Cache hit for leathers: 1
2026-08-09 18:09:30.632 [http-nio-8080-exec-2] INFO  c.a.l.s.c.ProductCatalogService - Returning cached leathers for product: 1
2026-08-09 18:09:30.635 [http-nio-8080-exec-4] INFO  c.a.l.c.catalog.ProductController - GET /api/products/1 - Product detail requested
2026-08-09 18:09:30.637 [http-nio-8080-exec-8] INFO  c.a.l.c.catalog.ProductController - GET /api/products/1/available-leathers
2026-08-09 18:09:30.638 [http-nio-8080-exec-8] INFO  c.a.l.s.c.ProductCatalogService - Fetching available leathers for product: 1
2026-08-09 18:09:30.640 [http-nio-8080-exec-4] INFO  c.a.l.c.ProductCatalogCacheRepository - Product detail cache hit: product:detail:1:USD
2026-08-09 18:09:30.640 [http-nio-8080-exec-4] INFO  c.a.l.s.c.ProductCatalogService - Cache hit: Returning product 1 for USD
2026-08-09 18:09:30.642 [http-nio-8080-exec-8] INFO  c.a.l.cache.LeatherCacheRepository - Cache hit for leathers: 1
2026-08-09 18:09:30.642 [http-nio-8080-exec-8] INFO  c.a.l.s.c.ProductCatalogService - Returning cached leathers for product: 1
2026-08-09 18:09:33.008 [http-nio-8080-exec-6] INFO  c.a.l.c.catalog.ProductController - GET /api/products - page: 0, filter: ProductFilterRequest(modelType=null, search=, page=0, size=12)
2026-08-09 18:09:33.051 [http-nio-8080-exec-6] INFO  c.a.l.s.c.ProductCatalogService - Fetching product catalog - page: 0, currency: USD
2026-08-09 18:09:33.132 [http-nio-8080-exec-6] INFO  c.a.l.c.ProductCatalogCacheRepository - Initial page cache hit for USD
2026-08-09 18:09:34.940 [http-nio-8080-exec-9] INFO  c.a.l.c.catalog.ProductController - GET /api/products/3 - Product detail requested
2026-08-09 18:09:34.947 [http-nio-8080-exec-10] INFO  c.a.l.c.catalog.ProductController - GET /api/products/3/available-leathers
2026-08-09 18:09:34.952 [http-nio-8080-exec-10] INFO  c.a.l.s.c.ProductCatalogService - Fetching available leathers for product: 3
2026-08-09 18:09:34.953 [http-nio-8080-exec-9] INFO  c.a.l.c.ProductCatalogCacheRepository - Product detail cache hit: product:detail:3:USD
2026-08-09 18:09:34.953 [http-nio-8080-exec-9] INFO  c.a.l.s.c.ProductCatalogService - Cache hit: Returning product 3 for USD
2026-08-09 18:09:34.967 [http-nio-8080-exec-3] INFO  c.a.l.c.catalog.ProductController - GET /api/products/3 - Product detail requested
2026-08-09 18:09:34.978 [http-nio-8080-exec-3] INFO  c.a.l.c.ProductCatalogCacheRepository - Product detail cache hit: product:detail:3:USD
2026-08-09 18:09:34.978 [http-nio-8080-exec-3] INFO  c.a.l.s.c.ProductCatalogService - Cache hit: Returning product 3 for USD
2026-08-09 18:09:34.992 [http-nio-8080-exec-10] WARN  c.a.l.s.c.ProductCatalogService - No leathers found for product: 3. Skipping cache to prevent empty cache pollution.
2026-08-09 18:09:35.011 [http-nio-8080-exec-1] INFO  c.a.l.c.catalog.ProductController - GET /api/products/3/available-leathers
2026-08-09 18:09:35.011 [http-nio-8080-exec-1] INFO  c.a.l.s.c.ProductCatalogService - Fetching available leathers for product: 3
2026-08-09 18:09:35.035 [http-nio-8080-exec-1] WARN  c.a.l.s.c.ProductCatalogService - No leathers found for product: 3. Skipping cache to prevent empty cache pollution.
2026-08-09 18:09:36.566 [http-nio-8080-exec-7] INFO  c.a.l.c.catalog.ProductController - GET /api/products - page: 0, filter: ProductFilterRequest(modelType=null, search=, page=0, size=12)
2026-08-09 18:09:36.858 [http-nio-8080-exec-7] INFO  c.a.l.s.c.ProductCatalogService - Fetching product catalog - page: 0, currency: USD
2026-08-09 18:09:36.994 [http-nio-8080-exec-7] INFO  c.a.l.c.ProductCatalogCacheRepository - Initial page cache hit for USD
2026-08-09 18:16:29.325 [http-nio-8080-exec-8] INFO  c.a.l.c.catalog.ProductController - GET /api/products - page: 0, filter: ProductFilterRequest(modelType=null, search=, page=0, size=12)
2026-08-09 18:16:29.391 [http-nio-8080-exec-8] INFO  c.a.l.s.c.ProductCatalogService - Fetching product catalog - page: 0, currency: USD
2026-08-09 18:16:30.577 [http-nio-8080-exec-8] INFO  c.a.l.cache.PriceCacheRepository - Price cached: price:product:13:grade:1:AZN
2026-08-09 18:16:30.605 [http-nio-8080-exec-8] INFO  c.a.l.cache.PriceCacheRepository - Price cached: price:product:8:grade:3:AZN
2026-08-09 18:16:30.638 [http-nio-8080-exec-8] INFO  c.a.l.cache.PriceCacheRepository - Price cached: price:product:5:grade:2:AZN
2026-08-09 18:16:30.659 [http-nio-8080-exec-8] INFO  c.a.l.cache.PriceCacheRepository - Price cached: price:product:1:grade:1:AZN
2026-08-09 18:16:30.704 [http-nio-8080-exec-8] INFO  c.a.l.c.ProductCatalogCacheRepository - Initial page cached for USD: 6 products
2026-08-09 18:29:29.581 [org.springframework.amqp.rabbit.RabbitListenerEndpointContainer#0-2] INFO  o.s.a.r.l.SimpleMessageListenerContainer - Waiting for workers to finish.
2026-08-09 18:29:29.656 [org.springframework.amqp.rabbit.RabbitListenerEndpointContainer#0-2] INFO  o.s.a.r.l.SimpleMessageListenerContainer - Successfully waited for workers to finish.
2026-08-09 18:29:29.716 [SpringApplicationShutdownHook] INFO  o.s.b.w.e.tomcat.GracefulShutdown - Commencing graceful shutdown. Waiting for active requests to complete
2026-08-09 18:29:29.848 [tomcat-shutdown] INFO  o.s.b.w.e.tomcat.GracefulShutdown - Graceful shutdown complete
2026-08-09 18:30:04.149 [background-preinit] INFO  o.h.validator.internal.util.Version - HV000001: Hibernate Validator 8.0.3.Final
2026-08-09 18:30:04.284 [main] INFO  c.a.leather.AiatelyeApplication - Starting AiatelyeApplication using Java 21.0.8 with PID 9980 (D:\My_project_Spring\Aiatelye\Aiatelye\build\classes\java\main started by elcin in D:\My_project_Spring\Aiatelye\Aiatelye)
2026-08-09 18:30:04.287 [main] INFO  c.a.leather.AiatelyeApplication - No active profile set, falling back to 1 default profile: "default"
2026-08-09 18:30:16.008 [main] INFO  o.s.d.r.c.RepositoryConfigurationDelegate - Multiple Spring Data modules found, entering strict repository configuration mode
2026-08-09 18:30:16.012 [main] INFO  o.s.d.r.c.RepositoryConfigurationDelegate - Bootstrapping Spring Data JPA repositories in DEFAULT mode.
2026-08-09 18:30:16.774 [main] INFO  o.s.d.r.c.RepositoryConfigurationDelegate - Finished Spring Data repository scanning in 741 ms. Found 16 JPA repository interfaces.
2026-08-09 18:30:16.845 [main] INFO  o.s.d.r.c.RepositoryConfigurationDelegate - Multiple Spring Data modules found, entering strict repository configuration mode
2026-08-09 18:30:16.851 [main] INFO  o.s.d.r.c.RepositoryConfigurationDelegate - Bootstrapping Spring Data Redis repositories in DEFAULT mode.
2026-08-09 18:30:16.937 [main] INFO  o.s.d.r.c.RepositoryConfigurationExtensionSupport - Spring Data Redis - Could not safely identify store assignment for repository candidate interface com.aiatelye.leather.repository.CustomDesignRepository; If you want this repository to be a Redis repository, consider annotating your entities with one of these annotations: org.springframework.data.redis.core.RedisHash (preferred), or consider extending one of the following types with your repository: org.springframework.data.keyvalue.repository.KeyValueRepository
2026-08-09 18:30:16.939 [main] INFO  o.s.d.r.c.RepositoryConfigurationExtensionSupport - Spring Data Redis - Could not safely identify store assignment for repository candidate interface com.aiatelye.leather.repository.DeliveryCountryConfigRepository; If you want this repository to be a Redis repository, consider annotating your entities with one of these annotations: org.springframework.data.redis.core.RedisHash (preferred), or consider extending one of the following types with your repository: org.springframework.data.keyvalue.repository.KeyValueRepository
2026-08-09 18:30:16.940 [main] INFO  o.s.d.r.c.RepositoryConfigurationExtensionSupport - Spring Data Redis - Could not safely identify store assignment for repository candidate interface com.aiatelye.leather.repository.LeatherGradeRepository; If you want this repository to be a Redis repository, consider annotating your entities with one of these annotations: org.springframework.data.redis.core.RedisHash (preferred), or consider extending one of the following types with your repository: org.springframework.data.keyvalue.repository.KeyValueRepository
2026-08-09 18:30:16.941 [main] INFO  o.s.d.r.c.RepositoryConfigurationExtensionSupport - Spring Data Redis - Could not safely identify store assignment for repository candidate interface com.aiatelye.leather.repository.LeatherRepository; If you want this repository to be a Redis repository, consider annotating your entities with one of these annotations: org.springframework.data.redis.core.RedisHash (preferred), or consider extending one of the following types with your repository: org.springframework.data.keyvalue.repository.KeyValueRepository
2026-08-09 18:30:16.943 [main] INFO  o.s.d.r.c.RepositoryConfigurationExtensionSupport - Spring Data Redis - Could not safely identify store assignment for repository candidate interface com.aiatelye.leather.repository.OrderItemRepository; If you want this repository to be a Redis repository, consider annotating your entities with one of these annotations: org.springframework.data.redis.core.RedisHash (preferred), or consider extending one of the following types with your repository: org.springframework.data.keyvalue.repository.KeyValueRepository
2026-08-09 18:30:16.943 [main] INFO  o.s.d.r.c.RepositoryConfigurationExtensionSupport - Spring Data Redis - Could not safely identify store assignment for repository candidate interface com.aiatelye.leather.repository.OrderRepository; If you want this repository to be a Redis repository, consider annotating your entities with one of these annotations: org.springframework.data.redis.core.RedisHash (preferred), or consider extending one of the following types with your repository: org.springframework.data.keyvalue.repository.KeyValueRepository
2026-08-09 18:30:16.944 [main] INFO  o.s.d.r.c.RepositoryConfigurationExtensionSupport - Spring Data Redis - Could not safely identify store assignment for repository candidate interface com.aiatelye.leather.repository.PasswordResetTokenRepository; If you want this repository to be a Redis repository, consider annotating your entities with one of these annotations: org.springframework.data.redis.core.RedisHash (preferred), or consider extending one of the following types with your repository: org.springframework.data.keyvalue.repository.KeyValueRepository
2026-08-09 18:30:16.944 [main] INFO  o.s.d.r.c.RepositoryConfigurationExtensionSupport - Spring Data Redis - Could not safely identify store assignment for repository candidate interface com.aiatelye.leather.repository.PaymentRepository; If you want this repository to be a Redis repository, consider annotating your entities with one of these annotations: org.springframework.data.redis.core.RedisHash (preferred), or consider extending one of the following types with your repository: org.springframework.data.keyvalue.repository.KeyValueRepository
2026-08-09 18:30:16.944 [main] INFO  o.s.d.r.c.RepositoryConfigurationExtensionSupport - Spring Data Redis - Could not safely identify store assignment for repository candidate interface com.aiatelye.leather.repository.PricingRuleRepository; If you want this repository to be a Redis repository, consider annotating your entities with one of these annotations: org.springframework.data.redis.core.RedisHash (preferred), or consider extending one of the following types with your repository: org.springframework.data.keyvalue.repository.KeyValueRepository
2026-08-09 18:30:16.945 [main] INFO  o.s.d.r.c.RepositoryConfigurationExtensionSupport - Spring Data Redis - Could not safely identify store assignment for repository candidate interface com.aiatelye.leather.repository.ProductGradePriceRepository; If you want this repository to be a Redis repository, consider annotating your entities with one of these annotations: org.springframework.data.redis.core.RedisHash (preferred), or consider extending one of the following types with your repository: org.springframework.data.keyvalue.repository.KeyValueRepository
2026-08-09 18:30:16.945 [main] INFO  o.s.d.r.c.RepositoryConfigurationExtensionSupport - Spring Data Redis - Could not safely identify store assignment for repository candidate interface com.aiatelye.leather.repository.ProductImageRepository; If you want this repository to be a Redis repository, consider annotating your entities with one of these annotations: org.springframework.data.redis.core.RedisHash (preferred), or consider extending one of the following types with your repository: org.springframework.data.keyvalue.repository.KeyValueRepository
2026-08-09 18:30:16.946 [main] INFO  o.s.d.r.c.RepositoryConfigurationExtensionSupport - Spring Data Redis - Could not safely identify store assignment for repository candidate interface com.aiatelye.leather.repository.ProductModelRepository; If you want this repository to be a Redis repository, consider annotating your entities with one of these annotations: org.springframework.data.redis.core.RedisHash (preferred), or consider extending one of the following types with your repository: org.springframework.data.keyvalue.repository.KeyValueRepository
2026-08-09 18:30:16.946 [main] INFO  o.s.d.r.c.RepositoryConfigurationExtensionSupport - Spring Data Redis - Could not safely identify store assignment for repository candidate interface com.aiatelye.leather.repository.ShippingLocationRepository; If you want this repository to be a Redis repository, consider annotating your entities with one of these annotations: org.springframework.data.redis.core.RedisHash (preferred), or consider extending one of the following types with your repository: org.springframework.data.keyvalue.repository.KeyValueRepository
2026-08-09 18:30:16.947 [main] INFO  o.s.d.r.c.RepositoryConfigurationExtensionSupport - Spring Data Redis - Could not safely identify store assignment for repository candidate interface com.aiatelye.leather.repository.UserLimitRepository; If you want this repository to be a Redis repository, consider annotating your entities with one of these annotations: org.springframework.data.redis.core.RedisHash (preferred), or consider extending one of the following types with your repository: org.springframework.data.keyvalue.repository.KeyValueRepository
2026-08-09 18:30:16.947 [main] INFO  o.s.d.r.c.RepositoryConfigurationExtensionSupport - Spring Data Redis - Could not safely identify store assignment for repository candidate interface com.aiatelye.leather.repository.UserRepository; If you want this repository to be a Redis repository, consider annotating your entities with one of these annotations: org.springframework.data.redis.core.RedisHash (preferred), or consider extending one of the following types with your repository: org.springframework.data.keyvalue.repository.KeyValueRepository
2026-08-09 18:30:16.948 [main] INFO  o.s.d.r.c.RepositoryConfigurationExtensionSupport - Spring Data Redis - Could not safely identify store assignment for repository candidate interface com.aiatelye.leather.Securty.repository.AuthUserRepository; If you want this repository to be a Redis repository, consider annotating your entities with one of these annotations: org.springframework.data.redis.core.RedisHash (preferred), or consider extending one of the following types with your repository: org.springframework.data.keyvalue.repository.KeyValueRepository
2026-08-09 18:30:16.948 [main] INFO  o.s.d.r.c.RepositoryConfigurationDelegate - Finished Spring Data repository scanning in 67 ms. Found 0 Redis repository interfaces.
2026-08-09 18:30:17.692 [main] INFO  o.s.cloud.context.scope.GenericScope - BeanFactory id=35dc3c04-cf60-3a22-a864-4e0a2a33e972
2026-08-09 18:30:18.747 [main] INFO  o.s.b.w.e.tomcat.TomcatWebServer - Tomcat initialized with port 8080 (http)
2026-08-09 18:30:18.767 [main] INFO  o.a.coyote.http11.Http11NioProtocol - Initializing ProtocolHandler ["http-nio-8080"]
2026-08-09 18:30:18.770 [main] INFO  o.a.catalina.core.StandardService - Starting service [Tomcat]
2026-08-09 18:30:18.771 [main] INFO  o.a.catalina.core.StandardEngine - Starting Servlet engine: [Apache Tomcat/10.1.50]
2026-08-09 18:30:18.913 [main] INFO  o.a.c.c.C.[Tomcat].[localhost].[/] - Initializing Spring embedded WebApplicationContext
2026-08-09 18:30:18.914 [main] INFO  o.s.b.w.s.c.ServletWebServerApplicationContext - Root WebApplicationContext: initialization completed in 14326 ms
2026-08-09 18:30:19.419 [main] INFO  o.h.jpa.internal.util.LogHelper - HHH000204: Processing PersistenceUnitInfo [name: default]
2026-08-09 18:30:19.585 [main] INFO  org.hibernate.Version - HHH000412: Hibernate ORM core version 6.6.41.Final
2026-08-09 18:30:19.777 [main] INFO  o.h.c.i.RegionFactoryInitiator - HHH000026: Second-level cache disabled
2026-08-09 18:30:20.540 [main] INFO  o.s.o.j.p.SpringPersistenceUnitInfo - No LoadTimeWeaver setup: ignoring JPA class transformer
2026-08-09 18:30:20.598 [main] INFO  com.zaxxer.hikari.HikariDataSource - HikariPool-1 - Starting...
2026-08-09 18:30:20.950 [main] INFO  com.zaxxer.hikari.pool.HikariPool - HikariPool-1 - Added connection org.postgresql.jdbc.PgConnection@7a75183d
2026-08-09 18:30:20.953 [main] INFO  com.zaxxer.hikari.HikariDataSource - HikariPool-1 - Start completed.
2026-08-09 18:30:21.122 [main] INFO  o.hibernate.orm.connections.pooling - HHH10001005: Database info:
	Database JDBC URL [Connecting through datasource 'HikariDataSource (HikariPool-1)']
	Database driver: undefined/unknown
	Database version: 15.17
	Autocommit mode: undefined/unknown
	Isolation level: undefined/unknown
	Minimum pool size: undefined/unknown
	Maximum pool size: undefined/unknown
2026-08-09 18:30:24.578 [main] INFO  o.h.e.t.j.p.i.JtaPlatformInitiator - HHH000489: No JTA platform available (set 'hibernate.transaction.jta.platform' to enable JTA platform integration)
2026-08-09 18:30:24.984 [main] WARN  o.h.e.jdbc.spi.SqlExceptionHelper - SQL Warning Code: 0, SQLState: 00000
2026-08-09 18:30:24.984 [main] WARN  o.h.e.jdbc.spi.SqlExceptionHelper - constraint "uk781pmjx7kf279uopjhmbwnqhl" of relation "favorites" does not exist, skipping
2026-08-09 18:30:25.582 [main] INFO  o.s.o.j.LocalContainerEntityManagerFactoryBean - Initialized JPA EntityManagerFactory for persistence unit 'default'
2026-08-09 18:30:27.333 [main] INFO  c.a.l.componet.OrderNumberGenerator - Database sequence 'order_number_seq' checked/created successfully.
2026-08-09 18:30:27.898 [main] INFO  o.s.d.j.r.query.QueryEnhancerFactory - Hibernate is in classpath; If applicable, HQL parser will be used.
2026-08-09 18:30:30.662 [main] INFO  o.s.s.c.a.a.c.InitializeAuthenticationProviderBeanManagerConfigurer$InitializeAuthenticationProviderManagerConfigurer - Global AuthenticationManager configured with AuthenticationProvider bean with name daoAuthenticationProvider
2026-08-09 18:30:30.663 [main] WARN  o.s.s.c.a.a.c.InitializeUserDetailsBeanManagerConfigurer$InitializeUserDetailsManagerConfigurer - Global AuthenticationManager configured with an AuthenticationProvider bean. UserDetailsService beans will not be used by Spring Security for automatically configuring username/password login. Consider removing the AuthenticationProvider bean. Alternatively, consider using the UserDetailsService in a manually instantiated DaoAuthenticationProvider. If the current configuration is intentional, to turn off this warning, increase the logging level of 'org.springframework.security.config.annotation.authentication.configuration.InitializeUserDetailsBeanManagerConfigurer' to ERROR
2026-08-09 18:30:31.760 [main] INFO  o.a.coyote.http11.Http11NioProtocol - Starting ProtocolHandler ["http-nio-8080"]
2026-08-09 18:30:31.776 [main] INFO  o.s.b.w.e.tomcat.TomcatWebServer - Tomcat started on port 8080 (http) with context path '/'
2026-08-09 18:30:31.790 [main] INFO  o.s.a.r.c.CachingConnectionFactory - Attempting to connect to: [localhost:5672]
2026-08-09 18:30:31.915 [main] INFO  o.s.a.r.c.CachingConnectionFactory - Created new connection: rabbitConnectionFactory#2f418f72:0/SimpleConnection@3af6edb4 [delegate=amqp://admin@127.0.0.1:5672/, localPort=64394]
2026-08-09 18:30:32.121 [main] INFO  c.a.leather.AiatelyeApplication - Started AiatelyeApplication in 29.995 seconds (process running for 33.2)
2026-08-09 18:30:32.126 [main] INFO  c.a.l.componet.CountryConfigSeeder - Ölkələrin bazada olub-olmaması yoxlanılır...
2026-08-09 18:30:33.504 [main] INFO  c.a.l.componet.CountryConfigSeeder - Bütün çatdırılma ölkələri artıq bazada mövcuddur. Əlavə işləməyə ehtiyac yoxdur.
2026-08-09 18:30:48.204 [http-nio-8080-exec-1] INFO  o.a.c.c.C.[Tomcat].[localhost].[/] - Initializing Spring DispatcherServlet 'dispatcherServlet'
2026-08-09 18:30:48.205 [http-nio-8080-exec-1] INFO  o.s.web.servlet.DispatcherServlet - Initializing Servlet 'dispatcherServlet'
2026-08-09 18:30:48.211 [http-nio-8080-exec-1] INFO  o.s.web.servlet.DispatcherServlet - Completed initialization in 5 ms
2026-08-09 18:30:48.559 [http-nio-8080-exec-1] INFO  c.a.l.c.catalog.ProductController - GET /api/products - page: 0, filter: ProductFilterRequest(modelType=null, search=, page=0, size=12)
2026-08-09 18:30:48.595 [http-nio-8080-exec-1] INFO  c.a.l.s.c.ProductCatalogService - Fetching product catalog - page: 0, currency: USD
2026-08-09 18:30:49.924 [http-nio-8080-exec-1] INFO  c.a.l.c.ProductCatalogCacheRepository - Initial page cache hit for USD
2026-08-09 18:32:46.500 [http-nio-8080-exec-2] INFO  c.a.l.c.catalog.ProductController - GET /api/products - page: 0, filter: ProductFilterRequest(modelType=WALLET, search=, page=0, size=12)
2026-08-09 18:32:46.518 [http-nio-8080-exec-2] INFO  c.a.l.s.c.ProductCatalogService - Fetching product catalog - page: 0, currency: USD
2026-08-09 18:32:50.543 [http-nio-8080-exec-4] INFO  c.a.l.c.catalog.ProductController - GET /api/products - page: 0, filter: ProductFilterRequest(modelType=null, search=, page=0, size=12)
2026-08-09 18:32:50.554 [http-nio-8080-exec-4] INFO  c.a.l.s.c.ProductCatalogService - Fetching product catalog - page: 0, currency: USD
2026-08-09 18:32:50.565 [http-nio-8080-exec-4] INFO  c.a.l.c.ProductCatalogCacheRepository - Initial page cache hit for USD
2026-08-09 18:41:40.569 [http-nio-8080-exec-6] INFO  c.a.l.c.catalog.ProductController - GET /api/products/5/available-leathers
2026-08-09 18:41:40.569 [http-nio-8080-exec-7] INFO  c.a.l.c.catalog.ProductController - GET /api/products/5 - Product detail requested
2026-08-09 18:41:40.651 [http-nio-8080-exec-6] INFO  c.a.l.s.c.ProductCatalogService - Fetching available leathers for product: 5
2026-08-09 18:41:40.855 [http-nio-8080-exec-7] INFO  c.a.l.c.ProductCatalogCacheRepository - Product detail cache hit: product:detail:5:USD
2026-08-09 18:41:40.868 [http-nio-8080-exec-7] INFO  c.a.l.s.c.ProductCatalogService - Cache hit: Returning product 5 for USD
2026-08-09 18:41:41.397 [http-nio-8080-exec-8] INFO  c.a.l.c.catalog.ProductController - GET /api/products/5 - Product detail requested
2026-08-09 18:41:41.410 [http-nio-8080-exec-8] INFO  c.a.l.c.ProductCatalogCacheRepository - Product detail cache hit: product:detail:5:USD
2026-08-09 18:41:41.410 [http-nio-8080-exec-8] INFO  c.a.l.s.c.ProductCatalogService - Cache hit: Returning product 5 for USD
2026-08-09 18:41:42.553 [http-nio-8080-exec-6] INFO  c.a.l.cache.LeatherCacheRepository - Cached 4 leathers for product: 5
2026-08-09 18:41:42.557 [http-nio-8080-exec-6] INFO  c.a.l.s.c.ProductCatalogService - Found and cached 4 leathers for product: 5
2026-08-09 18:41:42.579 [http-nio-8080-exec-9] INFO  c.a.l.c.catalog.ProductController - GET /api/products/5/available-leathers
2026-08-09 18:41:42.583 [http-nio-8080-exec-9] INFO  c.a.l.s.c.ProductCatalogService - Fetching available leathers for product: 5
2026-08-09 18:41:42.589 [http-nio-8080-exec-9] INFO  c.a.l.cache.LeatherCacheRepository - Cache hit for leathers: 5
2026-08-09 18:41:42.597 [http-nio-8080-exec-9] INFO  c.a.l.s.c.ProductCatalogService - Returning cached leathers for product: 5
2026-08-09 18:41:44.385 [http-nio-8080-exec-10] INFO  c.a.l.c.catalog.ProductController - GET /api/products - page: 0, filter: ProductFilterRequest(modelType=null, search=, page=0, size=12)
2026-08-09 18:41:44.430 [http-nio-8080-exec-10] INFO  c.a.l.s.c.ProductCatalogService - Fetching product catalog - page: 0, currency: USD
2026-08-09 18:41:44.455 [http-nio-8080-exec-10] INFO  c.a.l.c.ProductCatalogCacheRepository - Initial page cache hit for USD
2026-08-09 18:41:46.534 [http-nio-8080-exec-1] INFO  c.a.l.c.catalog.ProductController - GET /api/products/13 - Product detail requested
2026-08-09 18:41:46.534 [http-nio-8080-exec-3] INFO  c.a.l.c.catalog.ProductController - GET /api/products/13/available-leathers
2026-08-09 18:41:46.540 [http-nio-8080-exec-3] INFO  c.a.l.s.c.ProductCatalogService - Fetching available leathers for product: 13
2026-08-09 18:41:46.545 [http-nio-8080-exec-1] INFO  c.a.l.c.ProductCatalogCacheRepository - Product detail cache hit: product:detail:13:USD
2026-08-09 18:41:46.546 [http-nio-8080-exec-1] INFO  c.a.l.s.c.ProductCatalogService - Cache hit: Returning product 13 for USD
2026-08-09 18:41:46.570 [http-nio-8080-exec-2] INFO  c.a.l.c.catalog.ProductController - GET /api/products/13 - Product detail requested
2026-08-09 18:41:46.578 [http-nio-8080-exec-2] INFO  c.a.l.c.ProductCatalogCacheRepository - Product detail cache hit: product:detail:13:USD
2026-08-09 18:41:46.578 [http-nio-8080-exec-2] INFO  c.a.l.s.c.ProductCatalogService - Cache hit: Returning product 13 for USD
2026-08-09 18:41:46.612 [http-nio-8080-exec-3] INFO  c.a.l.cache.LeatherCacheRepository - Cached 2 leathers for product: 13
2026-08-09 18:41:46.612 [http-nio-8080-exec-3] INFO  c.a.l.s.c.ProductCatalogService - Found and cached 2 leathers for product: 13
2026-08-09 18:41:46.643 [http-nio-8080-exec-4] INFO  c.a.l.c.catalog.ProductController - GET /api/products/13/available-leathers
2026-08-09 18:41:46.644 [http-nio-8080-exec-4] INFO  c.a.l.s.c.ProductCatalogService - Fetching available leathers for product: 13
2026-08-09 18:41:46.650 [http-nio-8080-exec-4] INFO  c.a.l.cache.LeatherCacheRepository - Cache hit for leathers: 13
2026-08-09 18:41:46.653 [http-nio-8080-exec-4] INFO  c.a.l.s.c.ProductCatalogService - Returning cached leathers for product: 13
2026-08-09 18:41:49.920 [http-nio-8080-exec-5] INFO  c.a.l.c.catalog.ProductController - GET /api/products - page: 0, filter: ProductFilterRequest(modelType=null, search=, page=0, size=12)
2026-08-09 18:41:49.947 [http-nio-8080-exec-5] INFO  c.a.l.s.c.ProductCatalogService - Fetching product catalog - page: 0, currency: USD
2026-08-09 18:41:49.970 [http-nio-8080-exec-5] INFO  c.a.l.c.ProductCatalogCacheRepository - Initial page cache hit for USD
2026-08-09 18:41:51.614 [http-nio-8080-exec-7] INFO  c.a.l.c.catalog.ProductController - GET /api/products/8 - Product detail requested
2026-08-09 18:41:51.622 [http-nio-8080-exec-8] INFO  c.a.l.c.catalog.ProductController - GET /api/products/8/available-leathers
2026-08-09 18:41:51.626 [http-nio-8080-exec-8] INFO  c.a.l.s.c.ProductCatalogService - Fetching available leathers for product: 8
2026-08-09 18:41:51.631 [http-nio-8080-exec-7] INFO  c.a.l.c.ProductCatalogCacheRepository - Product detail cache hit: product:detail:8:USD
2026-08-09 18:41:51.631 [http-nio-8080-exec-7] INFO  c.a.l.s.c.ProductCatalogService - Cache hit: Returning product 8 for USD
2026-08-09 18:41:51.649 [http-nio-8080-exec-6] INFO  c.a.l.c.catalog.ProductController - GET /api/products/8 - Product detail requested
2026-08-09 18:41:51.657 [http-nio-8080-exec-6] INFO  c.a.l.c.ProductCatalogCacheRepository - Product detail cache hit: product:detail:8:USD
2026-08-09 18:41:51.657 [http-nio-8080-exec-6] INFO  c.a.l.s.c.ProductCatalogService - Cache hit: Returning product 8 for USD
2026-08-09 18:41:51.723 [http-nio-8080-exec-8] INFO  c.a.l.cache.LeatherCacheRepository - Cached 4 leathers for product: 8
2026-08-09 18:41:51.723 [http-nio-8080-exec-8] INFO  c.a.l.s.c.ProductCatalogService - Found and cached 4 leathers for product: 8
2026-08-09 18:41:51.760 [http-nio-8080-exec-9] INFO  c.a.l.c.catalog.ProductController - GET /api/products/8/available-leathers
2026-08-09 18:41:51.760 [http-nio-8080-exec-9] INFO  c.a.l.s.c.ProductCatalogService - Fetching available leathers for product: 8
2026-08-09 18:41:51.774 [http-nio-8080-exec-9] INFO  c.a.l.cache.LeatherCacheRepository - Cache hit for leathers: 8
2026-08-09 18:41:51.775 [http-nio-8080-exec-9] INFO  c.a.l.s.c.ProductCatalogService - Returning cached leathers for product: 8
2026-08-09 18:41:53.775 [http-nio-8080-exec-10] INFO  c.a.l.c.catalog.ProductController - GET /api/products - page: 0, filter: ProductFilterRequest(modelType=null, search=, page=0, size=12)
2026-08-09 18:41:53.880 [http-nio-8080-exec-10] INFO  c.a.l.s.c.ProductCatalogService - Fetching product catalog - page: 0, currency: USD
2026-08-09 18:41:53.911 [http-nio-8080-exec-10] INFO  c.a.l.c.ProductCatalogCacheRepository - Initial page cache hit for USD
2026-08-09 18:44:27.906 [http-nio-8080-exec-5] INFO  c.a.l.c.catalog.ProductController - GET /api/products/5 - Product detail requested
2026-08-09 18:44:27.906 [http-nio-8080-exec-4] INFO  c.a.l.c.catalog.ProductController - GET /api/products/5/available-leathers
2026-08-09 18:44:27.947 [http-nio-8080-exec-4] INFO  c.a.l.s.c.ProductCatalogService - Fetching available leathers for product: 5
2026-08-09 18:44:28.016 [http-nio-8080-exec-4] INFO  c.a.l.cache.LeatherCacheRepository - Cache hit for leathers: 5
2026-08-09 18:44:28.016 [http-nio-8080-exec-5] INFO  c.a.l.c.ProductCatalogCacheRepository - Product detail cache hit: product:detail:5:USD
2026-08-09 18:44:28.017 [http-nio-8080-exec-5] INFO  c.a.l.s.c.ProductCatalogService - Cache hit: Returning product 5 for USD
2026-08-09 18:44:28.025 [http-nio-8080-exec-4] INFO  c.a.l.s.c.ProductCatalogService - Returning cached leathers for product: 5
2026-08-09 18:44:28.094 [http-nio-8080-exec-7] INFO  c.a.l.c.catalog.ProductController - GET /api/products/5 - Product detail requested
2026-08-09 18:44:28.102 [http-nio-8080-exec-6] INFO  c.a.l.c.catalog.ProductController - GET /api/products/5/available-leathers
2026-08-09 18:44:28.103 [http-nio-8080-exec-6] INFO  c.a.l.s.c.ProductCatalogService - Fetching available leathers for product: 5
2026-08-09 18:44:28.130 [http-nio-8080-exec-7] INFO  c.a.l.c.ProductCatalogCacheRepository - Product detail cache hit: product:detail:5:USD
2026-08-09 18:44:28.130 [http-nio-8080-exec-6] INFO  c.a.l.cache.LeatherCacheRepository - Cache hit for leathers: 5
2026-08-09 18:44:28.150 [http-nio-8080-exec-6] INFO  c.a.l.s.c.ProductCatalogService - Returning cached leathers for product: 5
2026-08-09 18:44:28.134 [http-nio-8080-exec-7] INFO  c.a.l.s.c.ProductCatalogService - Cache hit: Returning product 5 for USD
2026-08-09 18:44:29.674 [http-nio-8080-exec-8] INFO  c.a.l.c.catalog.ProductController - GET /api/products - page: 0, filter: ProductFilterRequest(modelType=null, search=, page=0, size=12)
2026-08-09 18:44:29.703 [http-nio-8080-exec-8] INFO  c.a.l.s.c.ProductCatalogService - Fetching product catalog - page: 0, currency: USD
2026-08-09 18:44:29.769 [http-nio-8080-exec-8] INFO  c.a.l.c.ProductCatalogCacheRepository - Initial page cache hit for USD
2026-08-09 18:44:53.847 [http-nio-8080-exec-9] INFO  c.a.l.c.catalog.ProductController - GET /api/products/1 - Product detail requested
2026-08-09 18:44:53.848 [http-nio-8080-exec-10] INFO  c.a.l.c.catalog.ProductController - GET /api/products/1/available-leathers
2026-08-09 18:44:53.860 [http-nio-8080-exec-10] INFO  c.a.l.s.c.ProductCatalogService - Fetching available leathers for product: 1
2026-08-09 18:44:53.864 [http-nio-8080-exec-9] INFO  c.a.l.c.ProductCatalogCacheRepository - Product detail cache hit: product:detail:1:USD
2026-08-09 18:44:53.864 [http-nio-8080-exec-9] INFO  c.a.l.s.c.ProductCatalogService - Cache hit: Returning product 1 for USD
2026-08-09 18:44:53.878 [http-nio-8080-exec-1] INFO  c.a.l.c.catalog.ProductController - GET /api/products/1 - Product detail requested
2026-08-09 18:44:53.907 [http-nio-8080-exec-1] INFO  c.a.l.c.ProductCatalogCacheRepository - Product detail cache hit: product:detail:1:USD
2026-08-09 18:44:53.908 [http-nio-8080-exec-1] INFO  c.a.l.s.c.ProductCatalogService - Cache hit: Returning product 1 for USD
2026-08-09 18:44:54.139 [http-nio-8080-exec-10] INFO  c.a.l.cache.LeatherCacheRepository - Cached 4 leathers for product: 1
2026-08-09 18:44:54.139 [http-nio-8080-exec-10] INFO  c.a.l.s.c.ProductCatalogService - Found and cached 4 leathers for product: 1
2026-08-09 18:44:54.165 [http-nio-8080-exec-2] INFO  c.a.l.c.catalog.ProductController - GET /api/products/1/available-leathers
2026-08-09 18:44:54.172 [http-nio-8080-exec-2] INFO  c.a.l.s.c.ProductCatalogService - Fetching available leathers for product: 1
2026-08-09 18:44:54.190 [http-nio-8080-exec-2] INFO  c.a.l.cache.LeatherCacheRepository - Cache hit for leathers: 1
2026-08-09 18:44:54.190 [http-nio-8080-exec-2] INFO  c.a.l.s.c.ProductCatalogService - Returning cached leathers for product: 1
2026-08-09 18:45:10.673 [http-nio-8080-exec-5] INFO  c.a.l.c.order.CartController - POST /api/cart/preview - 2 items, currency: USD
2026-08-09 18:45:10.688 [http-nio-8080-exec-5] INFO  c.a.l.s.Order.CartPreviewService - Cart preview requested with 2 items, currency: USD
2026-08-09 18:45:11.036 [http-nio-8080-exec-5] INFO  c.a.l.cache.PriceCacheRepository - Price cached: price:product:1:grade:3:AZN
2026-08-09 18:45:11.071 [http-nio-8080-exec-5] INFO  c.a.l.cache.PriceCacheRepository - Price cached: price:product:8:grade:3:AZN
2026-08-09 18:45:17.644 [http-nio-8080-exec-4] INFO  c.a.l.c.catalog.ProductController - GET /api/products - page: 0, filter: ProductFilterRequest(modelType=null, search=, page=0, size=12)
2026-08-09 18:45:17.740 [http-nio-8080-exec-4] INFO  c.a.l.s.c.ProductCatalogService - Fetching product catalog - page: 0, currency: USD
2026-08-09 18:45:17.758 [http-nio-8080-exec-4] INFO  c.a.l.c.ProductCatalogCacheRepository - Initial page cache hit for USD
2026-08-09 18:50:21.149 [http-nio-8080-exec-1] INFO  c.a.l.c.catalog.ProductController - GET /api/products/5 - Product detail requested
2026-08-09 18:50:21.146 [http-nio-8080-exec-9] INFO  c.a.l.c.catalog.ProductController - GET /api/products/5/available-leathers
2026-08-09 18:50:21.203 [http-nio-8080-exec-9] INFO  c.a.l.s.c.ProductCatalogService - Fetching available leathers for product: 5
2026-08-09 18:50:21.267 [http-nio-8080-exec-9] INFO  c.a.l.cache.LeatherCacheRepository - Cache hit for leathers: 5
2026-08-09 18:50:21.267 [http-nio-8080-exec-1] INFO  c.a.l.c.ProductCatalogCacheRepository - Product detail cache hit: product:detail:5:USD
2026-08-09 18:50:21.270 [http-nio-8080-exec-1] INFO  c.a.l.s.c.ProductCatalogService - Cache hit: Returning product 5 for USD
2026-08-09 18:50:21.284 [http-nio-8080-exec-9] INFO  c.a.l.s.c.ProductCatalogService - Returning cached leathers for product: 5
2026-08-09 18:50:21.334 [http-nio-8080-exec-10] INFO  c.a.l.c.catalog.ProductController - GET /api/products/5 - Product detail requested
2026-08-09 18:50:21.338 [http-nio-8080-exec-10] INFO  c.a.l.c.ProductCatalogCacheRepository - Product detail cache hit: product:detail:5:USD
2026-08-09 18:50:21.338 [http-nio-8080-exec-10] INFO  c.a.l.s.c.ProductCatalogService - Cache hit: Returning product 5 for USD
2026-08-09 18:50:21.355 [http-nio-8080-exec-2] INFO  c.a.l.c.catalog.ProductController - GET /api/products/5/available-leathers
2026-08-09 18:50:21.357 [http-nio-8080-exec-2] INFO  c.a.l.s.c.ProductCatalogService - Fetching available leathers for product: 5
2026-08-09 18:50:21.361 [http-nio-8080-exec-2] INFO  c.a.l.cache.LeatherCacheRepository - Cache hit for leathers: 5
2026-08-09 18:50:21.366 [http-nio-8080-exec-2] INFO  c.a.l.s.c.ProductCatalogService - Returning cached leathers for product: 5
2026-08-09 18:50:23.977 [http-nio-8080-exec-3] INFO  c.a.l.c.catalog.ProductController - GET /api/products - page: 0, filter: ProductFilterRequest(modelType=null, search=, page=0, size=12)
2026-08-09 18:50:23.986 [http-nio-8080-exec-3] INFO  c.a.l.s.c.ProductCatalogService - Fetching product catalog - page: 0, currency: USD
2026-08-09 18:50:25.643 [http-nio-8080-exec-3] INFO  c.a.l.cache.PriceCacheRepository - Price cached: price:product:13:grade:1:AZN
2026-08-09 18:50:25.682 [http-nio-8080-exec-3] INFO  c.a.l.cache.PriceCacheRepository - Price cached: price:product:8:grade:3:AZN
2026-08-09 18:50:25.703 [http-nio-8080-exec-3] INFO  c.a.l.cache.PriceCacheRepository - Price cached: price:product:5:grade:2:AZN
2026-08-09 18:50:25.735 [http-nio-8080-exec-3] INFO  c.a.l.cache.PriceCacheRepository - Price cached: price:product:1:grade:1:AZN
2026-08-09 18:50:25.764 [http-nio-8080-exec-3] INFO  c.a.l.c.ProductCatalogCacheRepository - Initial page cached for USD: 6 products
2026-08-09 18:50:27.800 [http-nio-8080-exec-4] INFO  c.a.l.c.catalog.ProductController - GET /api/products/1/available-leathers
2026-08-09 18:50:27.817 [http-nio-8080-exec-5] INFO  c.a.l.c.catalog.ProductController - GET /api/products/1 - Product detail requested
2026-08-09 18:50:27.976 [http-nio-8080-exec-4] INFO  c.a.l.s.c.ProductCatalogService - Fetching available leathers for product: 1
2026-08-09 18:50:28.022 [http-nio-8080-exec-4] INFO  c.a.l.cache.LeatherCacheRepository - Cache hit for leathers: 1
2026-08-09 18:50:28.023 [http-nio-8080-exec-4] INFO  c.a.l.s.c.ProductCatalogService - Returning cached leathers for product: 1
2026-08-09 18:50:28.026 [http-nio-8080-exec-5] INFO  c.a.l.c.ProductCatalogCacheRepository - Product detail cache hit: product:detail:1:USD
2026-08-09 18:50:28.026 [http-nio-8080-exec-5] INFO  c.a.l.s.c.ProductCatalogService - Cache hit: Returning product 1 for USD
2026-08-09 18:50:28.103 [http-nio-8080-exec-6] INFO  c.a.l.c.catalog.ProductController - GET /api/products/1/available-leathers
2026-08-09 18:50:28.103 [http-nio-8080-exec-6] INFO  c.a.l.s.c.ProductCatalogService - Fetching available leathers for product: 1
2026-08-09 18:50:28.121 [http-nio-8080-exec-7] INFO  c.a.l.c.catalog.ProductController - GET /api/products/1 - Product detail requested
2026-08-09 18:50:28.126 [http-nio-8080-exec-6] INFO  c.a.l.cache.LeatherCacheRepository - Cache hit for leathers: 1
2026-08-09 18:50:28.127 [http-nio-8080-exec-6] INFO  c.a.l.s.c.ProductCatalogService - Returning cached leathers for product: 1
2026-08-09 18:50:28.139 [http-nio-8080-exec-7] INFO  c.a.l.c.ProductCatalogCacheRepository - Product detail cache hit: product:detail:1:USD
2026-08-09 18:50:28.140 [http-nio-8080-exec-7] INFO  c.a.l.s.c.ProductCatalogService - Cache hit: Returning product 1 for USD
2026-08-09 18:50:30.905 [http-nio-8080-exec-8] INFO  c.a.l.c.catalog.ProductController - GET /api/products - page: 0, filter: ProductFilterRequest(modelType=null, search=, page=0, size=12)
2026-08-09 18:50:30.968 [http-nio-8080-exec-8] INFO  c.a.l.s.c.ProductCatalogService - Fetching product catalog - page: 0, currency: USD
2026-08-09 18:50:31.090 [http-nio-8080-exec-8] INFO  c.a.l.c.ProductCatalogCacheRepository - Initial page cache hit for USD
2026-08-09 18:50:55.849 [http-nio-8080-exec-1] INFO  c.a.l.c.catalog.ProductController - GET /api/products/14/available-leathers
2026-08-09 18:50:55.850 [http-nio-8080-exec-9] INFO  c.a.l.c.catalog.ProductController - GET /api/products/14 - Product detail requested
2026-08-09 18:50:55.875 [http-nio-8080-exec-1] INFO  c.a.l.s.c.ProductCatalogService - Fetching available leathers for product: 14
2026-08-09 18:50:55.891 [http-nio-8080-exec-9] INFO  c.a.l.c.ProductCatalogCacheRepository - Product detail cache hit: product:detail:14:USD
2026-08-09 18:50:55.891 [http-nio-8080-exec-9] INFO  c.a.l.s.c.ProductCatalogService - Cache hit: Returning product 14 for USD
2026-08-09 18:50:55.904 [http-nio-8080-exec-10] INFO  c.a.l.c.catalog.ProductController - GET /api/products/14 - Product detail requested
2026-08-09 18:50:55.928 [http-nio-8080-exec-10] INFO  c.a.l.c.ProductCatalogCacheRepository - Product detail cache hit: product:detail:14:USD
2026-08-09 18:50:55.929 [http-nio-8080-exec-10] INFO  c.a.l.s.c.ProductCatalogService - Cache hit: Returning product 14 for USD
2026-08-09 18:50:56.129 [http-nio-8080-exec-1] WARN  c.a.l.s.c.ProductCatalogService - No leathers found for product: 14. Skipping cache to prevent empty cache pollution.
2026-08-09 18:50:56.157 [http-nio-8080-exec-2] INFO  c.a.l.c.catalog.ProductController - GET /api/products/14/available-leathers
2026-08-09 18:50:56.158 [http-nio-8080-exec-2] INFO  c.a.l.s.c.ProductCatalogService - Fetching available leathers for product: 14
2026-08-09 18:50:56.311 [http-nio-8080-exec-2] WARN  c.a.l.s.c.ProductCatalogService - No leathers found for product: 14. Skipping cache to prevent empty cache pollution.
2026-08-09 18:50:58.802 [http-nio-8080-exec-3] INFO  c.a.l.c.catalog.ProductController - GET /api/products - page: 0, filter: ProductFilterRequest(modelType=null, search=, page=0, size=12)
2026-08-09 18:50:58.810 [http-nio-8080-exec-3] INFO  c.a.l.s.c.ProductCatalogService - Fetching product catalog - page: 0, currency: USD
2026-08-09 18:50:58.822 [http-nio-8080-exec-3] INFO  c.a.l.c.ProductCatalogCacheRepository - Initial page cache hit for USD
2026-08-09 18:51:00.776 [http-nio-8080-exec-4] INFO  c.a.l.c.catalog.ProductController - GET /api/products/13 - Product detail requested
2026-08-09 18:51:00.874 [http-nio-8080-exec-5] INFO  c.a.l.c.catalog.ProductController - GET /api/products/13/available-leathers
2026-08-09 18:51:01.507 [http-nio-8080-exec-5] INFO  c.a.l.s.c.ProductCatalogService - Fetching available leathers for product: 13
2026-08-09 18:51:01.661 [http-nio-8080-exec-4] INFO  c.a.l.c.ProductCatalogCacheRepository - Product detail cache hit: product:detail:13:USD
2026-08-09 18:51:01.663 [http-nio-8080-exec-4] INFO  c.a.l.s.c.ProductCatalogService - Cache hit: Returning product 13 for USD
2026-08-09 18:51:01.661 [http-nio-8080-exec-5] INFO  c.a.l.cache.LeatherCacheRepository - Cache hit for leathers: 13
2026-08-09 18:51:01.663 [http-nio-8080-exec-5] INFO  c.a.l.s.c.ProductCatalogService - Returning cached leathers for product: 13
2026-08-09 18:51:01.707 [http-nio-8080-exec-6] INFO  c.a.l.c.catalog.ProductController - GET /api/products/13/available-leathers
2026-08-09 18:51:01.709 [http-nio-8080-exec-7] INFO  c.a.l.c.catalog.ProductController - GET /api/products/13 - Product detail requested
2026-08-09 18:51:01.709 [http-nio-8080-exec-6] INFO  c.a.l.s.c.ProductCatalogService - Fetching available leathers for product: 13
2026-08-09 18:51:01.743 [http-nio-8080-exec-6] INFO  c.a.l.cache.LeatherCacheRepository - Cache hit for leathers: 13
2026-08-09 18:51:01.743 [http-nio-8080-exec-7] INFO  c.a.l.c.ProductCatalogCacheRepository - Product detail cache hit: product:detail:13:USD
2026-08-09 18:51:01.743 [http-nio-8080-exec-7] INFO  c.a.l.s.c.ProductCatalogService - Cache hit: Returning product 13 for USD
2026-08-09 18:51:01.743 [http-nio-8080-exec-6] INFO  c.a.l.s.c.ProductCatalogService - Returning cached leathers for product: 13
2026-08-09 18:51:02.959 [http-nio-8080-exec-8] INFO  c.a.l.c.catalog.ProductController - GET /api/products - page: 0, filter: ProductFilterRequest(modelType=null, search=, page=0, size=12)
2026-08-09 18:51:02.966 [http-nio-8080-exec-8] INFO  c.a.l.s.c.ProductCatalogService - Fetching product catalog - page: 0, currency: USD
2026-08-09 18:51:03.023 [http-nio-8080-exec-8] INFO  c.a.l.c.ProductCatalogCacheRepository - Initial page cache hit for USD
2026-08-09 18:51:03.973 [http-nio-8080-exec-9] INFO  c.a.l.c.catalog.ProductController - GET /api/products/8 - Product detail requested
2026-08-09 18:51:03.975 [http-nio-8080-exec-10] INFO  c.a.l.c.catalog.ProductController - GET /api/products/8/available-leathers
2026-08-09 18:51:03.985 [http-nio-8080-exec-10] INFO  c.a.l.s.c.ProductCatalogService - Fetching available leathers for product: 8
2026-08-09 18:51:03.989 [http-nio-8080-exec-9] INFO  c.a.l.c.ProductCatalogCacheRepository - Product detail cache hit: product:detail:8:USD
2026-08-09 18:51:03.989 [http-nio-8080-exec-9] INFO  c.a.l.s.c.ProductCatalogService - Cache hit: Returning product 8 for USD
2026-08-09 18:51:03.989 [http-nio-8080-exec-10] INFO  c.a.l.cache.LeatherCacheRepository - Cache hit for leathers: 8
2026-08-09 18:51:03.989 [http-nio-8080-exec-10] INFO  c.a.l.s.c.ProductCatalogService - Returning cached leathers for product: 8
2026-08-09 18:51:03.999 [http-nio-8080-exec-1] INFO  c.a.l.c.catalog.ProductController - GET /api/products/8 - Product detail requested
2026-08-09 18:51:04.002 [http-nio-8080-exec-2] INFO  c.a.l.c.catalog.ProductController - GET /api/products/8/available-leathers
2026-08-09 18:51:04.002 [http-nio-8080-exec-2] INFO  c.a.l.s.c.ProductCatalogService - Fetching available leathers for product: 8
2026-08-09 18:51:04.008 [http-nio-8080-exec-1] INFO  c.a.l.c.ProductCatalogCacheRepository - Product detail cache hit: product:detail:8:USD
2026-08-09 18:51:04.009 [http-nio-8080-exec-1] INFO  c.a.l.s.c.ProductCatalogService - Cache hit: Returning product 8 for USD
2026-08-09 18:51:04.012 [http-nio-8080-exec-2] INFO  c.a.l.cache.LeatherCacheRepository - Cache hit for leathers: 8
2026-08-09 18:51:04.013 [http-nio-8080-exec-2] INFO  c.a.l.s.c.ProductCatalogService - Returning cached leathers for product: 8
2026-08-09 18:51:06.341 [http-nio-8080-exec-3] INFO  c.a.l.c.catalog.ProductController - GET /api/products - page: 0, filter: ProductFilterRequest(modelType=null, search=, page=0, size=12)
2026-08-09 18:51:06.450 [http-nio-8080-exec-3] INFO  c.a.l.s.c.ProductCatalogService - Fetching product catalog - page: 0, currency: USD
2026-08-09 18:51:06.468 [http-nio-8080-exec-3] INFO  c.a.l.c.ProductCatalogCacheRepository - Initial page cache hit for USD
2026-08-09 18:51:07.781 [http-nio-8080-exec-5] INFO  c.a.l.c.catalog.ProductController - GET /api/products/1 - Product detail requested
2026-08-09 18:51:07.784 [http-nio-8080-exec-4] INFO  c.a.l.c.catalog.ProductController - GET /api/products/1/available-leathers
2026-08-09 18:51:07.790 [http-nio-8080-exec-4] INFO  c.a.l.s.c.ProductCatalogService - Fetching available leathers for product: 1
2026-08-09 18:51:07.793 [http-nio-8080-exec-4] INFO  c.a.l.cache.LeatherCacheRepository - Cache hit for leathers: 1
2026-08-09 18:51:07.793 [http-nio-8080-exec-5] INFO  c.a.l.c.ProductCatalogCacheRepository - Product detail cache hit: product:detail:1:USD
2026-08-09 18:51:07.794 [http-nio-8080-exec-5] INFO  c.a.l.s.c.ProductCatalogService - Cache hit: Returning product 1 for USD
2026-08-09 18:51:07.794 [http-nio-8080-exec-4] INFO  c.a.l.s.c.ProductCatalogService - Returning cached leathers for product: 1
2026-08-09 18:51:07.803 [http-nio-8080-exec-7] INFO  c.a.l.c.catalog.ProductController - GET /api/products/1/available-leathers
2026-08-09 18:51:07.803 [http-nio-8080-exec-7] INFO  c.a.l.s.c.ProductCatalogService - Fetching available leathers for product: 1
2026-08-09 18:51:07.809 [http-nio-8080-exec-6] INFO  c.a.l.c.catalog.ProductController - GET /api/products/1 - Product detail requested
2026-08-09 18:51:07.821 [http-nio-8080-exec-7] INFO  c.a.l.cache.LeatherCacheRepository - Cache hit for leathers: 1
2026-08-09 18:51:07.822 [http-nio-8080-exec-7] INFO  c.a.l.s.c.ProductCatalogService - Returning cached leathers for product: 1
2026-08-09 18:51:07.822 [http-nio-8080-exec-6] INFO  c.a.l.c.ProductCatalogCacheRepository - Product detail cache hit: product:detail:1:USD
2026-08-09 18:51:07.822 [http-nio-8080-exec-6] INFO  c.a.l.s.c.ProductCatalogService - Cache hit: Returning product 1 for USD
2026-08-09 18:51:09.138 [http-nio-8080-exec-8] INFO  c.a.l.c.catalog.ProductController - GET /api/products - page: 0, filter: ProductFilterRequest(modelType=null, search=, page=0, size=12)
2026-08-09 18:51:09.198 [http-nio-8080-exec-8] INFO  c.a.l.s.c.ProductCatalogService - Fetching product catalog - page: 0, currency: USD
2026-08-09 18:51:09.243 [http-nio-8080-exec-8] INFO  c.a.l.c.ProductCatalogCacheRepository - Initial page cache hit for USD
2026-08-09 18:51:10.948 [http-nio-8080-exec-9] INFO  c.a.l.c.catalog.ProductController - GET /api/products/3 - Product detail requested
2026-08-09 18:51:10.974 [http-nio-8080-exec-10] INFO  c.a.l.c.catalog.ProductController - GET /api/products/3/available-leathers
2026-08-09 18:51:11.841 [http-nio-8080-exec-10] INFO  c.a.l.s.c.ProductCatalogService - Fetching available leathers for product: 3
2026-08-09 18:51:11.939 [http-nio-8080-exec-9] INFO  c.a.l.c.ProductCatalogCacheRepository - Product detail cache hit: product:detail:3:USD
2026-08-09 18:51:11.939 [http-nio-8080-exec-9] INFO  c.a.l.s.c.ProductCatalogService - Cache hit: Returning product 3 for USD
2026-08-09 18:51:12.008 [http-nio-8080-exec-1] INFO  c.a.l.c.catalog.ProductController - GET /api/products/3 - Product detail requested
2026-08-09 18:51:12.037 [http-nio-8080-exec-1] INFO  c.a.l.c.ProductCatalogCacheRepository - Product detail cache hit: product:detail:3:USD
2026-08-09 18:51:12.037 [http-nio-8080-exec-1] INFO  c.a.l.s.c.ProductCatalogService - Cache hit: Returning product 3 for USD
2026-08-09 18:51:12.073 [http-nio-8080-exec-10] WARN  c.a.l.s.c.ProductCatalogService - No leathers found for product: 3. Skipping cache to prevent empty cache pollution.
2026-08-09 18:51:12.158 [http-nio-8080-exec-2] INFO  c.a.l.c.catalog.ProductController - GET /api/products/3/available-leathers
2026-08-09 18:51:12.158 [http-nio-8080-exec-2] INFO  c.a.l.s.c.ProductCatalogService - Fetching available leathers for product: 3
2026-08-09 18:51:12.245 [http-nio-8080-exec-2] WARN  c.a.l.s.c.ProductCatalogService - No leathers found for product: 3. Skipping cache to prevent empty cache pollution.
2026-08-09 18:51:13.486 [http-nio-8080-exec-3] INFO  c.a.l.c.catalog.ProductController - GET /api/products - page: 0, filter: ProductFilterRequest(modelType=null, search=, page=0, size=12)
2026-08-09 18:51:13.516 [http-nio-8080-exec-3] INFO  c.a.l.s.c.ProductCatalogService - Fetching product catalog - page: 0, currency: USD
2026-08-09 18:51:13.534 [http-nio-8080-exec-3] INFO  c.a.l.c.ProductCatalogCacheRepository - Initial page cache hit for USD
2026-08-09 18:51:15.955 [http-nio-8080-exec-4] INFO  c.a.l.c.catalog.ProductController - GET /api/products/5 - Product detail requested
2026-08-09 18:51:15.957 [http-nio-8080-exec-5] INFO  c.a.l.c.catalog.ProductController - GET /api/products/5/available-leathers
2026-08-09 18:51:15.957 [http-nio-8080-exec-5] INFO  c.a.l.s.c.ProductCatalogService - Fetching available leathers for product: 5
2026-08-09 18:51:15.966 [http-nio-8080-exec-4] INFO  c.a.l.c.ProductCatalogCacheRepository - Product detail cache hit: product:detail:5:USD
2026-08-09 18:51:15.966 [http-nio-8080-exec-4] INFO  c.a.l.s.c.ProductCatalogService - Cache hit: Returning product 5 for USD
2026-08-09 18:51:15.966 [http-nio-8080-exec-5] INFO  c.a.l.cache.LeatherCacheRepository - Cache hit for leathers: 5
2026-08-09 18:51:15.966 [http-nio-8080-exec-5] INFO  c.a.l.s.c.ProductCatalogService - Returning cached leathers for product: 5
2026-08-09 18:51:15.996 [http-nio-8080-exec-7] INFO  c.a.l.c.catalog.ProductController - GET /api/products/5/available-leathers
2026-08-09 18:51:15.996 [http-nio-8080-exec-7] INFO  c.a.l.s.c.ProductCatalogService - Fetching available leathers for product: 5
2026-08-09 18:51:16.000 [http-nio-8080-exec-6] INFO  c.a.l.c.catalog.ProductController - GET /api/products/5 - Product detail requested
2026-08-09 18:51:16.004 [http-nio-8080-exec-7] INFO  c.a.l.cache.LeatherCacheRepository - Cache hit for leathers: 5
2026-08-09 18:51:16.004 [http-nio-8080-exec-7] INFO  c.a.l.s.c.ProductCatalogService - Returning cached leathers for product: 5
2026-08-09 18:51:16.015 [http-nio-8080-exec-6] INFO  c.a.l.c.ProductCatalogCacheRepository - Product detail cache hit: product:detail:5:USD
2026-08-09 18:51:16.016 [http-nio-8080-exec-6] INFO  c.a.l.s.c.ProductCatalogService - Cache hit: Returning product 5 for USD
2026-08-09 18:51:17.790 [http-nio-8080-exec-8] INFO  c.a.l.c.catalog.ProductController - GET /api/products - page: 0, filter: ProductFilterRequest(modelType=null, search=, page=0, size=12)
2026-08-09 18:51:17.848 [http-nio-8080-exec-8] INFO  c.a.l.s.c.ProductCatalogService - Fetching product catalog - page: 0, currency: USD
2026-08-09 18:51:17.914 [http-nio-8080-exec-8] INFO  c.a.l.c.ProductCatalogCacheRepository - Initial page cache hit for USD
2026-08-09 18:51:19.621 [http-nio-8080-exec-9] INFO  c.a.l.c.catalog.ProductController - GET /api/products/8 - Product detail requested
2026-08-09 18:51:19.624 [http-nio-8080-exec-1] INFO  c.a.l.c.catalog.ProductController - GET /api/products/8/available-leathers
2026-08-09 18:51:19.636 [http-nio-8080-exec-1] INFO  c.a.l.s.c.ProductCatalogService - Fetching available leathers for product: 8
2026-08-09 18:51:19.641 [http-nio-8080-exec-1] INFO  c.a.l.cache.LeatherCacheRepository - Cache hit for leathers: 8
2026-08-09 18:51:19.641 [http-nio-8080-exec-9] INFO  c.a.l.c.ProductCatalogCacheRepository - Product detail cache hit: product:detail:8:USD
2026-08-09 18:51:19.641 [http-nio-8080-exec-9] INFO  c.a.l.s.c.ProductCatalogService - Cache hit: Returning product 8 for USD
2026-08-09 18:51:19.641 [http-nio-8080-exec-1] INFO  c.a.l.s.c.ProductCatalogService - Returning cached leathers for product: 8
2026-08-09 18:51:19.654 [http-nio-8080-exec-10] INFO  c.a.l.c.catalog.ProductController - GET /api/products/8 - Product detail requested
2026-08-09 18:51:19.655 [http-nio-8080-exec-2] INFO  c.a.l.c.catalog.ProductController - GET /api/products/8/available-leathers
2026-08-09 18:51:19.656 [http-nio-8080-exec-2] INFO  c.a.l.s.c.ProductCatalogService - Fetching available leathers for product: 8
2026-08-09 18:51:19.662 [http-nio-8080-exec-10] INFO  c.a.l.c.ProductCatalogCacheRepository - Product detail cache hit: product:detail:8:USD
2026-08-09 18:51:19.663 [http-nio-8080-exec-2] INFO  c.a.l.cache.LeatherCacheRepository - Cache hit for leathers: 8
2026-08-09 18:51:19.663 [http-nio-8080-exec-10] INFO  c.a.l.s.c.ProductCatalogService - Cache hit: Returning product 8 for USD
2026-08-09 18:51:19.664 [http-nio-8080-exec-2] INFO  c.a.l.s.c.ProductCatalogService - Returning cached leathers for product: 8
2026-08-09 18:51:21.213 [http-nio-8080-exec-3] INFO  c.a.l.c.catalog.ProductController - GET /api/products - page: 0, filter: ProductFilterRequest(modelType=null, search=, page=0, size=12)
2026-08-09 18:51:21.254 [http-nio-8080-exec-3] INFO  c.a.l.s.c.ProductCatalogService - Fetching product catalog - page: 0, currency: USD
2026-08-09 18:51:21.274 [http-nio-8080-exec-3] INFO  c.a.l.c.ProductCatalogCacheRepository - Initial page cache hit for USD
2026-08-09 18:51:23.746 [http-nio-8080-exec-7] INFO  c.a.l.c.catalog.ProductController - GET /api/products/13 - Product detail requested
2026-08-09 18:51:23.758 [http-nio-8080-exec-6] INFO  c.a.l.c.catalog.ProductController - GET /api/products/13/available-leathers
2026-08-09 18:51:24.163 [http-nio-8080-exec-6] INFO  c.a.l.s.c.ProductCatalogService - Fetching available leathers for product: 13
2026-08-09 18:51:24.186 [http-nio-8080-exec-7] INFO  c.a.l.c.ProductCatalogCacheRepository - Product detail cache hit: product:detail:13:USD
2026-08-09 18:51:24.186 [http-nio-8080-exec-7] INFO  c.a.l.s.c.ProductCatalogService - Cache hit: Returning product 13 for USD
2026-08-09 18:51:24.215 [http-nio-8080-exec-6] INFO  c.a.l.cache.LeatherCacheRepository - Cache hit for leathers: 13
2026-08-09 18:51:24.216 [http-nio-8080-exec-6] INFO  c.a.l.s.c.ProductCatalogService - Returning cached leathers for product: 13
2026-08-09 18:51:24.230 [http-nio-8080-exec-8] INFO  c.a.l.c.catalog.ProductController - GET /api/products/13 - Product detail requested
2026-08-09 18:51:24.263 [http-nio-8080-exec-8] INFO  c.a.l.c.ProductCatalogCacheRepository - Product detail cache hit: product:detail:13:USD
2026-08-09 18:51:24.263 [http-nio-8080-exec-8] INFO  c.a.l.s.c.ProductCatalogService - Cache hit: Returning product 13 for USD
2026-08-09 18:51:24.269 [http-nio-8080-exec-1] INFO  c.a.l.c.catalog.ProductController - GET /api/products/13/available-leathers
2026-08-09 18:51:24.269 [http-nio-8080-exec-1] INFO  c.a.l.s.c.ProductCatalogService - Fetching available leathers for product: 13
2026-08-09 18:51:24.284 [http-nio-8080-exec-1] INFO  c.a.l.cache.LeatherCacheRepository - Cache hit for leathers: 13
2026-08-09 18:51:24.284 [http-nio-8080-exec-1] INFO  c.a.l.s.c.ProductCatalogService - Returning cached leathers for product: 13
2026-08-09 18:51:25.281 [http-nio-8080-exec-9] INFO  c.a.l.c.catalog.ProductController - GET /api/products - page: 0, filter: ProductFilterRequest(modelType=null, search=, page=0, size=12)
2026-08-09 18:51:25.342 [http-nio-8080-exec-9] INFO  c.a.l.s.c.ProductCatalogService - Fetching product catalog - page: 0, currency: USD
2026-08-09 18:51:25.351 [http-nio-8080-exec-9] INFO  c.a.l.c.ProductCatalogCacheRepository - Initial page cache hit for USD
2026-08-09 18:53:06.139 [http-nio-8080-exec-3] INFO  c.a.l.c.catalog.ProductController - GET /api/products/8 - Product detail requested
2026-08-09 18:53:06.141 [http-nio-8080-exec-4] INFO  c.a.l.c.catalog.ProductController - GET /api/products/8/available-leathers
2026-08-09 18:53:06.148 [http-nio-8080-exec-4] INFO  c.a.l.s.c.ProductCatalogService - Fetching available leathers for product: 8
2026-08-09 18:53:06.148 [http-nio-8080-exec-3] INFO  c.a.l.c.ProductCatalogCacheRepository - Product detail cache hit: product:detail:8:USD
2026-08-09 18:53:06.152 [http-nio-8080-exec-3] INFO  c.a.l.s.c.ProductCatalogService - Cache hit: Returning product 8 for USD
2026-08-09 18:53:06.160 [http-nio-8080-exec-5] INFO  c.a.l.c.catalog.ProductController - GET /api/products/8 - Product detail requested
2026-08-09 18:53:06.171 [http-nio-8080-exec-5] INFO  c.a.l.c.ProductCatalogCacheRepository - Product detail cache hit: product:detail:8:USD
2026-08-09 18:53:06.172 [http-nio-8080-exec-5] INFO  c.a.l.s.c.ProductCatalogService - Cache hit: Returning product 8 for USD
2026-08-09 18:53:06.204 [http-nio-8080-exec-4] INFO  c.a.l.cache.LeatherCacheRepository - Cached 4 leathers for product: 8
2026-08-09 18:53:06.204 [http-nio-8080-exec-4] INFO  c.a.l.s.c.ProductCatalogService - Found and cached 4 leathers for product: 8
2026-08-09 18:53:06.214 [http-nio-8080-exec-7] INFO  c.a.l.c.catalog.ProductController - GET /api/products/8/available-leathers
2026-08-09 18:53:06.214 [http-nio-8080-exec-7] INFO  c.a.l.s.c.ProductCatalogService - Fetching available leathers for product: 8
2026-08-09 18:53:06.217 [http-nio-8080-exec-7] INFO  c.a.l.cache.LeatherCacheRepository - Cache hit for leathers: 8
2026-08-09 18:53:06.218 [http-nio-8080-exec-7] INFO  c.a.l.s.c.ProductCatalogService - Returning cached leathers for product: 8
2026-08-09 18:53:09.543 [http-nio-8080-exec-6] INFO  c.a.l.c.catalog.ProductController - GET /api/products - page: 0, filter: ProductFilterRequest(modelType=null, search=, page=0, size=12)
2026-08-09 18:53:09.553 [http-nio-8080-exec-6] INFO  c.a.l.s.c.ProductCatalogService - Fetching product catalog - page: 0, currency: USD
2026-08-09 18:53:09.557 [http-nio-8080-exec-6] INFO  c.a.l.c.ProductCatalogCacheRepository - Initial page cache hit for USD
2026-08-09 18:53:11.183 [http-nio-8080-exec-8] INFO  c.a.l.c.catalog.ProductController - GET /api/products/1 - Product detail requested
2026-08-09 18:53:11.186 [http-nio-8080-exec-1] INFO  c.a.l.c.catalog.ProductController - GET /api/products/1/available-leathers
2026-08-09 18:53:11.202 [http-nio-8080-exec-1] INFO  c.a.l.s.c.ProductCatalogService - Fetching available leathers for product: 1
2026-08-09 18:53:11.204 [http-nio-8080-exec-8] INFO  c.a.l.c.ProductCatalogCacheRepository - Product detail cache hit: product:detail:1:USD
2026-08-09 18:53:11.204 [http-nio-8080-exec-8] INFO  c.a.l.s.c.ProductCatalogService - Cache hit: Returning product 1 for USD
2026-08-09 18:53:11.209 [http-nio-8080-exec-1] INFO  c.a.l.cache.LeatherCacheRepository - Cache hit for leathers: 1
2026-08-09 18:53:11.210 [http-nio-8080-exec-1] INFO  c.a.l.s.c.ProductCatalogService - Returning cached leathers for product: 1
2026-08-09 18:53:11.238 [http-nio-8080-exec-2] INFO  c.a.l.c.catalog.ProductController - GET /api/products/1/available-leathers
2026-08-09 18:53:11.238 [http-nio-8080-exec-9] INFO  c.a.l.c.catalog.ProductController - GET /api/products/1 - Product detail requested
2026-08-09 18:53:11.239 [http-nio-8080-exec-2] INFO  c.a.l.s.c.ProductCatalogService - Fetching available leathers for product: 1
2026-08-09 18:53:11.246 [http-nio-8080-exec-2] INFO  c.a.l.cache.LeatherCacheRepository - Cache hit for leathers: 1
2026-08-09 18:53:11.246 [http-nio-8080-exec-2] INFO  c.a.l.s.c.ProductCatalogService - Returning cached leathers for product: 1
2026-08-09 18:53:11.247 [http-nio-8080-exec-9] INFO  c.a.l.c.ProductCatalogCacheRepository - Product detail cache hit: product:detail:1:USD
2026-08-09 18:53:11.248 [http-nio-8080-exec-9] INFO  c.a.l.s.c.ProductCatalogService - Cache hit: Returning product 1 for USD
2026-08-09 18:53:12.383 [http-nio-8080-exec-10] INFO  c.a.l.c.catalog.ProductController - GET /api/products - page: 0, filter: ProductFilterRequest(modelType=null, search=, page=0, size=12)
2026-08-09 18:53:12.386 [http-nio-8080-exec-10] INFO  c.a.l.s.c.ProductCatalogService - Fetching product catalog - page: 0, currency: USD
2026-08-09 18:53:12.390 [http-nio-8080-exec-10] INFO  c.a.l.c.ProductCatalogCacheRepository - Initial page cache hit for USD
2026-08-09 18:53:14.264 [http-nio-8080-exec-3] INFO  c.a.l.c.catalog.ProductController - GET /api/products/3 - Product detail requested
2026-08-09 18:53:14.267 [http-nio-8080-exec-5] INFO  c.a.l.c.catalog.ProductController - GET /api/products/3/available-leathers
2026-08-09 18:53:14.272 [http-nio-8080-exec-5] INFO  c.a.l.s.c.ProductCatalogService - Fetching available leathers for product: 3
2026-08-09 18:53:14.273 [http-nio-8080-exec-3] INFO  c.a.l.c.ProductCatalogCacheRepository - Product detail cache hit: product:detail:3:USD
2026-08-09 18:53:14.273 [http-nio-8080-exec-3] INFO  c.a.l.s.c.ProductCatalogService - Cache hit: Returning product 3 for USD
2026-08-09 18:53:14.286 [http-nio-8080-exec-4] INFO  c.a.l.c.catalog.ProductController - GET /api/products/3 - Product detail requested
2026-08-09 18:53:14.291 [http-nio-8080-exec-4] INFO  c.a.l.c.ProductCatalogCacheRepository - Product detail cache hit: product:detail:3:USD
2026-08-09 18:53:14.291 [http-nio-8080-exec-4] INFO  c.a.l.s.c.ProductCatalogService - Cache hit: Returning product 3 for USD
2026-08-09 18:53:14.316 [http-nio-8080-exec-5] WARN  c.a.l.s.c.ProductCatalogService - No leathers found for product: 3. Skipping cache to prevent empty cache pollution.
2026-08-09 18:53:14.322 [http-nio-8080-exec-7] INFO  c.a.l.c.catalog.ProductController - GET /api/products/3/available-leathers
2026-08-09 18:53:14.322 [http-nio-8080-exec-7] INFO  c.a.l.s.c.ProductCatalogService - Fetching available leathers for product: 3
2026-08-09 18:53:14.356 [http-nio-8080-exec-7] WARN  c.a.l.s.c.ProductCatalogService - No leathers found for product: 3. Skipping cache to prevent empty cache pollution.
2026-08-09 18:53:15.723 [http-nio-8080-exec-6] INFO  c.a.l.c.catalog.ProductController - GET /api/products - page: 0, filter: ProductFilterRequest(modelType=null, search=, page=0, size=12)
2026-08-09 18:53:15.730 [http-nio-8080-exec-6] INFO  c.a.l.s.c.ProductCatalogService - Fetching product catalog - page: 0, currency: USD
2026-08-09 18:53:15.735 [http-nio-8080-exec-6] INFO  c.a.l.c.ProductCatalogCacheRepository - Initial page cache hit for USD
2026-08-09 18:53:18.217 [http-nio-8080-exec-1] INFO  c.a.l.c.catalog.ProductController - GET /api/products/3/available-leathers
2026-08-09 18:53:18.219 [http-nio-8080-exec-8] INFO  c.a.l.c.catalog.ProductController - GET /api/products/3 - Product detail requested
2026-08-09 18:53:18.268 [http-nio-8080-exec-1] INFO  c.a.l.s.c.ProductCatalogService - Fetching available leathers for product: 3
2026-08-09 18:53:18.290 [http-nio-8080-exec-8] INFO  c.a.l.c.ProductCatalogCacheRepository - Product detail cache hit: product:detail:3:USD
2026-08-09 18:53:18.290 [http-nio-8080-exec-8] INFO  c.a.l.s.c.ProductCatalogService - Cache hit: Returning product 3 for USD
2026-08-09 18:53:18.353 [http-nio-8080-exec-2] INFO  c.a.l.c.catalog.ProductController - GET /api/products/3 - Product detail requested
2026-08-09 18:53:18.392 [http-nio-8080-exec-2] INFO  c.a.l.c.ProductCatalogCacheRepository - Product detail cache hit: product:detail:3:USD
2026-08-09 18:53:18.392 [http-nio-8080-exec-2] INFO  c.a.l.s.c.ProductCatalogService - Cache hit: Returning product 3 for USD
2026-08-09 18:53:18.450 [http-nio-8080-exec-1] WARN  c.a.l.s.c.ProductCatalogService - No leathers found for product: 3. Skipping cache to prevent empty cache pollution.
2026-08-09 18:53:18.520 [http-nio-8080-exec-9] INFO  c.a.l.c.catalog.ProductController - GET /api/products/3/available-leathers
2026-08-09 18:53:18.526 [http-nio-8080-exec-9] INFO  c.a.l.s.c.ProductCatalogService - Fetching available leathers for product: 3
2026-08-09 18:53:18.640 [http-nio-8080-exec-9] WARN  c.a.l.s.c.ProductCatalogService - No leathers found for product: 3. Skipping cache to prevent empty cache pollution.
2026-08-09 18:53:19.639 [http-nio-8080-exec-10] INFO  c.a.l.c.catalog.ProductController - GET /api/products - page: 0, filter: ProductFilterRequest(modelType=null, search=, page=0, size=12)
2026-08-09 18:53:19.654 [http-nio-8080-exec-10] INFO  c.a.l.s.c.ProductCatalogService - Fetching product catalog - page: 0, currency: USD
2026-08-09 18:53:19.677 [http-nio-8080-exec-10] INFO  c.a.l.c.ProductCatalogCacheRepository - Initial page cache hit for USD
2026-08-09 19:13:49.053 [http-nio-8080-exec-5] INFO  c.a.l.c.catalog.ProductController - GET /api/products/13 - Product detail requested
2026-08-09 19:13:49.053 [http-nio-8080-exec-7] INFO  c.a.l.c.catalog.ProductController - GET /api/products/13/available-leathers
2026-08-09 19:13:49.102 [http-nio-8080-exec-7] INFO  c.a.l.s.c.ProductCatalogService - Fetching available leathers for product: 13
2026-08-09 19:13:49.483 [http-nio-8080-exec-5] INFO  c.a.l.c.ProductCatalogCacheRepository - Product detail cache hit: product:detail:13:USD
2026-08-09 19:13:49.492 [http-nio-8080-exec-5] INFO  c.a.l.s.c.ProductCatalogService - Cache hit: Returning product 13 for USD
2026-08-09 19:13:49.891 [http-nio-8080-exec-6] INFO  c.a.l.c.catalog.ProductController - GET /api/products/13 - Product detail requested
2026-08-09 19:13:49.898 [http-nio-8080-exec-6] INFO  c.a.l.c.ProductCatalogCacheRepository - Product detail cache hit: product:detail:13:USD
2026-08-09 19:13:49.898 [http-nio-8080-exec-6] INFO  c.a.l.s.c.ProductCatalogService - Cache hit: Returning product 13 for USD
2026-08-09 19:13:50.241 [http-nio-8080-exec-7] INFO  c.a.l.cache.LeatherCacheRepository - Cached 2 leathers for product: 13
2026-08-09 19:13:50.241 [http-nio-8080-exec-7] INFO  c.a.l.s.c.ProductCatalogService - Found and cached 2 leathers for product: 13
2026-08-09 19:13:50.254 [http-nio-8080-exec-8] INFO  c.a.l.c.catalog.ProductController - GET /api/products/13/available-leathers
2026-08-09 19:13:50.255 [http-nio-8080-exec-8] INFO  c.a.l.s.c.ProductCatalogService - Fetching available leathers for product: 13
2026-08-09 19:13:50.259 [http-nio-8080-exec-8] INFO  c.a.l.cache.LeatherCacheRepository - Cache hit for leathers: 13
2026-08-09 19:13:50.260 [http-nio-8080-exec-8] INFO  c.a.l.s.c.ProductCatalogService - Returning cached leathers for product: 13
2026-08-09 19:14:02.618 [http-nio-8080-exec-2] INFO  c.a.l.c.order.CartController - POST /api/cart/preview - 3 items, currency: USD
2026-08-09 19:14:02.626 [http-nio-8080-exec-2] INFO  c.a.l.s.Order.CartPreviewService - Cart preview requested with 3 items, currency: USD
2026-08-09 19:14:02.763 [http-nio-8080-exec-2] INFO  c.a.l.cache.PriceCacheRepository - Price cached: price:product:1:grade:3:AZN
2026-08-09 19:14:02.782 [http-nio-8080-exec-2] INFO  c.a.l.cache.PriceCacheRepository - Price cached: price:product:13:grade:1:AZN
2026-08-09 19:14:02.811 [http-nio-8080-exec-2] INFO  c.a.l.cache.PriceCacheRepository - Price cached: price:product:8:grade:3:AZN
2026-08-09 19:14:08.926 [http-nio-8080-exec-1] INFO  c.a.l.c.catalog.ProductController - GET /api/products - page: 0, filter: ProductFilterRequest(modelType=null, search=, page=0, size=12)
2026-08-09 19:14:08.931 [http-nio-8080-exec-1] INFO  c.a.l.s.c.ProductCatalogService - Fetching product catalog - page: 0, currency: USD
2026-08-09 19:14:08.944 [http-nio-8080-exec-1] INFO  c.a.l.c.ProductCatalogCacheRepository - Initial page cache hit for USD
2026-08-09 19:15:22.874 [http-nio-8080-exec-5] INFO  c.a.l.c.catalog.ProductController - GET /api/products/13/available-leathers
2026-08-09 19:15:22.882 [http-nio-8080-exec-4] INFO  c.a.l.c.catalog.ProductController - GET /api/products/13 - Product detail requested
2026-08-09 19:15:22.886 [http-nio-8080-exec-5] INFO  c.a.l.s.c.ProductCatalogService - Fetching available leathers for product: 13
2026-08-09 19:15:22.890 [http-nio-8080-exec-5] INFO  c.a.l.cache.LeatherCacheRepository - Cache hit for leathers: 13
2026-08-09 19:15:22.891 [http-nio-8080-exec-4] INFO  c.a.l.c.ProductCatalogCacheRepository - Product detail cache hit: product:detail:13:USD
2026-08-09 19:15:22.891 [http-nio-8080-exec-4] INFO  c.a.l.s.c.ProductCatalogService - Cache hit: Returning product 13 for USD
2026-08-09 19:15:22.891 [http-nio-8080-exec-5] INFO  c.a.l.s.c.ProductCatalogService - Returning cached leathers for product: 13
2026-08-09 19:15:22.904 [http-nio-8080-exec-6] INFO  c.a.l.c.catalog.ProductController - GET /api/products/13/available-leathers
2026-08-09 19:15:22.904 [http-nio-8080-exec-6] INFO  c.a.l.s.c.ProductCatalogService - Fetching available leathers for product: 13
2026-08-09 19:15:22.906 [http-nio-8080-exec-7] INFO  c.a.l.c.catalog.ProductController - GET /api/products/13 - Product detail requested
2026-08-09 19:15:22.908 [http-nio-8080-exec-6] INFO  c.a.l.cache.LeatherCacheRepository - Cache hit for leathers: 13
2026-08-09 19:15:22.909 [http-nio-8080-exec-6] INFO  c.a.l.s.c.ProductCatalogService - Returning cached leathers for product: 13
2026-08-09 19:15:22.914 [http-nio-8080-exec-7] INFO  c.a.l.c.ProductCatalogCacheRepository - Product detail cache hit: product:detail:13:USD
2026-08-09 19:15:22.914 [http-nio-8080-exec-7] INFO  c.a.l.s.c.ProductCatalogService - Cache hit: Returning product 13 for USD
2026-08-09 19:15:25.559 [http-nio-8080-exec-8] INFO  c.a.l.c.catalog.ProductController - GET /api/products - page: 0, filter: ProductFilterRequest(modelType=null, search=, page=0, size=12)
2026-08-09 19:15:25.577 [http-nio-8080-exec-8] INFO  c.a.l.s.c.ProductCatalogService - Fetching product catalog - page: 0, currency: USD
2026-08-09 19:15:25.709 [http-nio-8080-exec-8] INFO  c.a.l.c.ProductCatalogCacheRepository - Initial page cache hit for USD
2026-08-09 19:15:27.170 [http-nio-8080-exec-2] INFO  c.a.l.c.catalog.ProductController - GET /api/products/8 - Product detail requested
2026-08-09 19:15:27.173 [http-nio-8080-exec-1] INFO  c.a.l.c.catalog.ProductController - GET /api/products/8/available-leathers
2026-08-09 19:15:27.234 [http-nio-8080-exec-1] INFO  c.a.l.s.c.ProductCatalogService - Fetching available leathers for product: 8
2026-08-09 19:15:27.288 [http-nio-8080-exec-2] INFO  c.a.l.c.ProductCatalogCacheRepository - Product detail cache hit: product:detail:8:USD
2026-08-09 19:15:27.288 [http-nio-8080-exec-2] INFO  c.a.l.s.c.ProductCatalogService - Cache hit: Returning product 8 for USD
2026-08-09 19:15:27.342 [http-nio-8080-exec-9] INFO  c.a.l.c.catalog.ProductController - GET /api/products/8 - Product detail requested
2026-08-09 19:15:27.406 [http-nio-8080-exec-9] INFO  c.a.l.c.ProductCatalogCacheRepository - Product detail cache hit: product:detail:8:USD
2026-08-09 19:15:27.409 [http-nio-8080-exec-9] INFO  c.a.l.s.c.ProductCatalogService - Cache hit: Returning product 8 for USD
2026-08-09 19:15:27.598 [http-nio-8080-exec-1] INFO  c.a.l.cache.LeatherCacheRepository - Cached 4 leathers for product: 8
2026-08-09 19:15:27.598 [http-nio-8080-exec-1] INFO  c.a.l.s.c.ProductCatalogService - Found and cached 4 leathers for product: 8
2026-08-09 19:15:27.782 [http-nio-8080-exec-10] INFO  c.a.l.c.catalog.ProductController - GET /api/products/8/available-leathers
2026-08-09 19:15:27.783 [http-nio-8080-exec-10] INFO  c.a.l.s.c.ProductCatalogService - Fetching available leathers for product: 8
2026-08-09 19:15:27.841 [http-nio-8080-exec-10] INFO  c.a.l.cache.LeatherCacheRepository - Cache hit for leathers: 8
2026-08-09 19:15:27.843 [http-nio-8080-exec-10] INFO  c.a.l.s.c.ProductCatalogService - Returning cached leathers for product: 8
2026-08-09 19:15:31.328 [http-nio-8080-exec-3] INFO  c.a.l.c.catalog.ProductController - GET /api/products - page: 0, filter: ProductFilterRequest(modelType=null, search=, page=0, size=12)
2026-08-09 19:15:31.343 [http-nio-8080-exec-3] INFO  c.a.l.s.c.ProductCatalogService - Fetching product catalog - page: 0, currency: USD
2026-08-09 19:15:31.351 [http-nio-8080-exec-3] INFO  c.a.l.c.ProductCatalogCacheRepository - Initial page cache hit for USD
2026-08-09 19:19:29.964 [http-nio-8080-exec-7] INFO  c.a.l.c.catalog.ProductController - GET /api/products/1/available-leathers
2026-08-09 19:19:29.970 [http-nio-8080-exec-8] INFO  c.a.l.c.catalog.ProductController - GET /api/products/1 - Product detail requested
2026-08-09 19:19:30.027 [http-nio-8080-exec-7] INFO  c.a.l.s.c.ProductCatalogService - Fetching available leathers for product: 1
2026-08-09 19:19:30.083 [http-nio-8080-exec-8] INFO  c.a.l.c.ProductCatalogCacheRepository - Product detail cache hit: product:detail:1:USD
2026-08-09 19:19:30.084 [http-nio-8080-exec-8] INFO  c.a.l.s.c.ProductCatalogService - Cache hit: Returning product 1 for USD
2026-08-09 19:19:30.157 [http-nio-8080-exec-2] INFO  c.a.l.c.catalog.ProductController - GET /api/products/1 - Product detail requested
2026-08-09 19:19:30.170 [http-nio-8080-exec-2] INFO  c.a.l.c.ProductCatalogCacheRepository - Product detail cache hit: product:detail:1:USD
2026-08-09 19:19:30.170 [http-nio-8080-exec-2] INFO  c.a.l.s.c.ProductCatalogService - Cache hit: Returning product 1 for USD
2026-08-09 19:19:30.398 [http-nio-8080-exec-7] INFO  c.a.l.cache.LeatherCacheRepository - Cached 4 leathers for product: 1
2026-08-09 19:19:30.398 [http-nio-8080-exec-7] INFO  c.a.l.s.c.ProductCatalogService - Found and cached 4 leathers for product: 1
2026-08-09 19:19:30.416 [http-nio-8080-exec-9] INFO  c.a.l.c.catalog.ProductController - GET /api/products/1/available-leathers
2026-08-09 19:19:30.417 [http-nio-8080-exec-9] INFO  c.a.l.s.c.ProductCatalogService - Fetching available leathers for product: 1
2026-08-09 19:19:30.420 [http-nio-8080-exec-9] INFO  c.a.l.cache.LeatherCacheRepository - Cache hit for leathers: 1
2026-08-09 19:19:30.421 [http-nio-8080-exec-9] INFO  c.a.l.s.c.ProductCatalogService - Returning cached leathers for product: 1
2026-08-09 19:19:33.330 [http-nio-8080-exec-1] INFO  c.a.l.c.catalog.ProductController - GET /api/products - page: 0, filter: ProductFilterRequest(modelType=null, search=, page=0, size=12)
2026-08-09 19:19:33.387 [http-nio-8080-exec-1] INFO  c.a.l.s.c.ProductCatalogService - Fetching product catalog - page: 0, currency: USD
2026-08-09 19:19:33.398 [http-nio-8080-exec-1] INFO  c.a.l.c.ProductCatalogCacheRepository - Initial page cache hit for USD
2026-08-09 19:19:38.063 [http-nio-8080-exec-10] INFO  c.a.l.c.catalog.ProductController - GET /api/products/13 - Product detail requested
2026-08-09 19:19:38.067 [http-nio-8080-exec-3] INFO  c.a.l.c.catalog.ProductController - GET /api/products/13/available-leathers
2026-08-09 19:19:38.072 [http-nio-8080-exec-3] INFO  c.a.l.s.c.ProductCatalogService - Fetching available leathers for product: 13
2026-08-09 19:19:38.076 [http-nio-8080-exec-3] INFO  c.a.l.cache.LeatherCacheRepository - Cache hit for leathers: 13
2026-08-09 19:19:38.076 [http-nio-8080-exec-10] INFO  c.a.l.c.ProductCatalogCacheRepository - Product detail cache hit: product:detail:13:USD
2026-08-09 19:19:38.076 [http-nio-8080-exec-3] INFO  c.a.l.s.c.ProductCatalogService - Returning cached leathers for product: 13
2026-08-09 19:19:38.076 [http-nio-8080-exec-10] INFO  c.a.l.s.c.ProductCatalogService - Cache hit: Returning product 13 for USD
2026-08-09 19:19:38.093 [http-nio-8080-exec-4] INFO  c.a.l.c.catalog.ProductController - GET /api/products/13 - Product detail requested
2026-08-09 19:19:38.097 [http-nio-8080-exec-5] INFO  c.a.l.c.catalog.ProductController - GET /api/products/13/available-leathers
2026-08-09 19:19:38.097 [http-nio-8080-exec-5] INFO  c.a.l.s.c.ProductCatalogService - Fetching available leathers for product: 13
2026-08-09 19:19:38.103 [http-nio-8080-exec-5] INFO  c.a.l.cache.LeatherCacheRepository - Cache hit for leathers: 13
2026-08-09 19:19:38.103 [http-nio-8080-exec-4] INFO  c.a.l.c.ProductCatalogCacheRepository - Product detail cache hit: product:detail:13:USD
2026-08-09 19:19:38.104 [http-nio-8080-exec-4] INFO  c.a.l.s.c.ProductCatalogService - Cache hit: Returning product 13 for USD
2026-08-09 19:19:38.104 [http-nio-8080-exec-5] INFO  c.a.l.s.c.ProductCatalogService - Returning cached leathers for product: 13
2026-08-09 19:19:40.487 [http-nio-8080-exec-6] INFO  c.a.l.c.catalog.ProductController - GET /api/products - page: 0, filter: ProductFilterRequest(modelType=null, search=, page=0, size=12)
2026-08-09 19:19:40.657 [http-nio-8080-exec-6] INFO  c.a.l.s.c.ProductCatalogService - Fetching product catalog - page: 0, currency: USD
2026-08-09 19:19:40.794 [http-nio-8080-exec-6] INFO  c.a.l.c.ProductCatalogCacheRepository - Initial page cache hit for USD
2026-08-09 19:19:43.468 [http-nio-8080-exec-2] INFO  c.a.l.c.catalog.ProductController - GET /api/products/8/available-leathers
2026-08-09 19:19:43.469 [http-nio-8080-exec-8] INFO  c.a.l.c.catalog.ProductController - GET /api/products/8 - Product detail requested
2026-08-09 19:19:43.474 [http-nio-8080-exec-2] INFO  c.a.l.s.c.ProductCatalogService - Fetching available leathers for product: 8
2026-08-09 19:19:43.488 [http-nio-8080-exec-2] INFO  c.a.l.cache.LeatherCacheRepository - Cache hit for leathers: 8
2026-08-09 19:19:43.488 [http-nio-8080-exec-2] INFO  c.a.l.s.c.ProductCatalogService - Returning cached leathers for product: 8
2026-08-09 19:19:43.490 [http-nio-8080-exec-8] INFO  c.a.l.c.ProductCatalogCacheRepository - Product detail cache hit: product:detail:8:USD
2026-08-09 19:19:43.490 [http-nio-8080-exec-8] INFO  c.a.l.s.c.ProductCatalogService - Cache hit: Returning product 8 for USD
2026-08-09 19:19:43.512 [http-nio-8080-exec-9] INFO  c.a.l.c.catalog.ProductController - GET /api/products/8 - Product detail requested
2026-08-09 19:19:43.524 [http-nio-8080-exec-9] INFO  c.a.l.c.ProductCatalogCacheRepository - Product detail cache hit: product:detail:8:USD
2026-08-09 19:19:43.524 [http-nio-8080-exec-9] INFO  c.a.l.s.c.ProductCatalogService - Cache hit: Returning product 8 for USD
2026-08-09 19:19:43.543 [http-nio-8080-exec-7] INFO  c.a.l.c.catalog.ProductController - GET /api/products/8/available-leathers
2026-08-09 19:19:43.544 [http-nio-8080-exec-7] INFO  c.a.l.s.c.ProductCatalogService - Fetching available leathers for product: 8
2026-08-09 19:19:43.554 [http-nio-8080-exec-7] INFO  c.a.l.cache.LeatherCacheRepository - Cache hit for leathers: 8
2026-08-09 19:19:43.554 [http-nio-8080-exec-7] INFO  c.a.l.s.c.ProductCatalogService - Returning cached leathers for product: 8
2026-08-09 19:19:45.082 [http-nio-8080-exec-1] INFO  c.a.l.c.catalog.ProductController - GET /api/products - page: 0, filter: ProductFilterRequest(modelType=null, search=, page=0, size=12)
2026-08-09 19:19:45.162 [http-nio-8080-exec-1] INFO  c.a.l.s.c.ProductCatalogService - Fetching product catalog - page: 0, currency: USD
2026-08-09 19:19:45.187 [http-nio-8080-exec-1] INFO  c.a.l.c.ProductCatalogCacheRepository - Initial page cache hit for USD
2026-08-09 19:19:50.026 [http-nio-8080-exec-3] INFO  c.a.l.c.catalog.ProductController - GET /api/products/5 - Product detail requested
2026-08-09 19:19:50.034 [http-nio-8080-exec-10] INFO  c.a.l.c.catalog.ProductController - GET /api/products/5/available-leathers
2026-08-09 19:19:50.045 [http-nio-8080-exec-10] INFO  c.a.l.s.c.ProductCatalogService - Fetching available leathers for product: 5
2026-08-09 19:19:50.051 [http-nio-8080-exec-3] INFO  c.a.l.c.ProductCatalogCacheRepository - Product detail cache hit: product:detail:5:USD
2026-08-09 19:19:50.052 [http-nio-8080-exec-3] INFO  c.a.l.s.c.ProductCatalogService - Cache hit: Returning product 5 for USD
2026-08-09 19:19:50.070 [http-nio-8080-exec-4] INFO  c.a.l.c.catalog.ProductController - GET /api/products/5 - Product detail requested
2026-08-09 19:19:50.077 [http-nio-8080-exec-4] INFO  c.a.l.c.ProductCatalogCacheRepository - Product detail cache hit: product:detail:5:USD
2026-08-09 19:19:50.077 [http-nio-8080-exec-4] INFO  c.a.l.s.c.ProductCatalogService - Cache hit: Returning product 5 for USD
2026-08-09 19:19:50.130 [http-nio-8080-exec-10] INFO  c.a.l.cache.LeatherCacheRepository - Cached 4 leathers for product: 5
2026-08-09 19:19:50.131 [http-nio-8080-exec-10] INFO  c.a.l.s.c.ProductCatalogService - Found and cached 4 leathers for product: 5
2026-08-09 19:19:50.150 [http-nio-8080-exec-5] INFO  c.a.l.c.catalog.ProductController - GET /api/products/5/available-leathers
2026-08-09 19:19:50.150 [http-nio-8080-exec-5] INFO  c.a.l.s.c.ProductCatalogService - Fetching available leathers for product: 5
2026-08-09 19:19:50.153 [http-nio-8080-exec-5] INFO  c.a.l.cache.LeatherCacheRepository - Cache hit for leathers: 5
2026-08-09 19:19:50.154 [http-nio-8080-exec-5] INFO  c.a.l.s.c.ProductCatalogService - Returning cached leathers for product: 5
2026-08-09 19:19:52.439 [http-nio-8080-exec-6] INFO  c.a.l.c.catalog.ProductController - GET /api/products - page: 0, filter: ProductFilterRequest(modelType=null, search=, page=0, size=12)
2026-08-09 19:19:52.588 [http-nio-8080-exec-6] INFO  c.a.l.s.c.ProductCatalogService - Fetching product catalog - page: 0, currency: USD
2026-08-09 19:19:52.658 [http-nio-8080-exec-6] INFO  c.a.l.c.ProductCatalogCacheRepository - Initial page cache hit for USD
2026-08-09 19:19:54.476 [http-nio-8080-exec-8] INFO  c.a.l.c.catalog.ProductController - GET /api/products/8/available-leathers
2026-08-09 19:19:54.477 [http-nio-8080-exec-2] INFO  c.a.l.c.catalog.ProductController - GET /api/products/8 - Product detail requested
2026-08-09 19:19:54.496 [http-nio-8080-exec-8] INFO  c.a.l.s.c.ProductCatalogService - Fetching available leathers for product: 8
2026-08-09 19:19:54.512 [http-nio-8080-exec-8] INFO  c.a.l.cache.LeatherCacheRepository - Cache hit for leathers: 8
2026-08-09 19:19:54.512 [http-nio-8080-exec-2] INFO  c.a.l.c.ProductCatalogCacheRepository - Product detail cache hit: product:detail:8:USD
2026-08-09 19:19:54.512 [http-nio-8080-exec-2] INFO  c.a.l.s.c.ProductCatalogService - Cache hit: Returning product 8 for USD
2026-08-09 19:19:54.512 [http-nio-8080-exec-8] INFO  c.a.l.s.c.ProductCatalogService - Returning cached leathers for product: 8
2026-08-09 19:19:54.523 [http-nio-8080-exec-7] INFO  c.a.l.c.catalog.ProductController - GET /api/products/8 - Product detail requested
2026-08-09 19:19:54.525 [http-nio-8080-exec-9] INFO  c.a.l.c.catalog.ProductController - GET /api/products/8/available-leathers
2026-08-09 19:19:54.526 [http-nio-8080-exec-9] INFO  c.a.l.s.c.ProductCatalogService - Fetching available leathers for product: 8
2026-08-09 19:19:54.547 [http-nio-8080-exec-7] INFO  c.a.l.c.ProductCatalogCacheRepository - Product detail cache hit: product:detail:8:USD
2026-08-09 19:19:54.547 [http-nio-8080-exec-7] INFO  c.a.l.s.c.ProductCatalogService - Cache hit: Returning product 8 for USD
2026-08-09 19:19:54.549 [http-nio-8080-exec-9] INFO  c.a.l.cache.LeatherCacheRepository - Cache hit for leathers: 8
2026-08-09 19:19:54.555 [http-nio-8080-exec-9] INFO  c.a.l.s.c.ProductCatalogService - Returning cached leathers for product: 8
2026-08-09 19:19:56.371 [http-nio-8080-exec-1] INFO  c.a.l.c.catalog.ProductController - GET /api/products - page: 0, filter: ProductFilterRequest(modelType=null, search=, page=0, size=12)
2026-08-09 19:19:56.515 [http-nio-8080-exec-1] INFO  c.a.l.s.c.ProductCatalogService - Fetching product catalog - page: 0, currency: USD
2026-08-09 19:19:56.539 [http-nio-8080-exec-1] INFO  c.a.l.c.ProductCatalogCacheRepository - Initial page cache hit for USD
2026-08-09 19:19:58.390 [http-nio-8080-exec-3] INFO  c.a.l.c.catalog.ProductController - GET /api/products/5 - Product detail requested
2026-08-09 19:19:58.390 [http-nio-8080-exec-4] INFO  c.a.l.c.catalog.ProductController - GET /api/products/5/available-leathers
2026-08-09 19:19:58.399 [http-nio-8080-exec-4] INFO  c.a.l.s.c.ProductCatalogService - Fetching available leathers for product: 5
2026-08-09 19:19:58.402 [http-nio-8080-exec-3] INFO  c.a.l.c.ProductCatalogCacheRepository - Product detail cache hit: product:detail:5:USD
2026-08-09 19:19:58.402 [http-nio-8080-exec-3] INFO  c.a.l.s.c.ProductCatalogService - Cache hit: Returning product 5 for USD
2026-08-09 19:19:58.408 [http-nio-8080-exec-10] INFO  c.a.l.c.catalog.ProductController - GET /api/products/5 - Product detail requested
2026-08-09 19:19:58.413 [http-nio-8080-exec-4] INFO  c.a.l.cache.LeatherCacheRepository - Cache hit for leathers: 5
2026-08-09 19:19:58.413 [http-nio-8080-exec-10] INFO  c.a.l.c.ProductCatalogCacheRepository - Product detail cache hit: product:detail:5:USD
2026-08-09 19:19:58.413 [http-nio-8080-exec-10] INFO  c.a.l.s.c.ProductCatalogService - Cache hit: Returning product 5 for USD
2026-08-09 19:19:58.413 [http-nio-8080-exec-4] INFO  c.a.l.s.c.ProductCatalogService - Returning cached leathers for product: 5
2026-08-09 19:19:58.421 [http-nio-8080-exec-5] INFO  c.a.l.c.catalog.ProductController - GET /api/products/5/available-leathers
2026-08-09 19:19:58.422 [http-nio-8080-exec-5] INFO  c.a.l.s.c.ProductCatalogService - Fetching available leathers for product: 5
2026-08-09 19:19:58.430 [http-nio-8080-exec-5] INFO  c.a.l.cache.LeatherCacheRepository - Cache hit for leathers: 5
2026-08-09 19:19:58.430 [http-nio-8080-exec-5] INFO  c.a.l.s.c.ProductCatalogService - Returning cached leathers for product: 5
2026-08-09 19:20:00.183 [http-nio-8080-exec-6] INFO  c.a.l.c.catalog.ProductController - GET /api/products - page: 0, filter: ProductFilterRequest(modelType=null, search=, page=0, size=12)
2026-08-09 19:20:00.191 [http-nio-8080-exec-6] INFO  c.a.l.s.c.ProductCatalogService - Fetching product catalog - page: 0, currency: USD
2026-08-09 19:20:00.199 [http-nio-8080-exec-6] INFO  c.a.l.c.ProductCatalogCacheRepository - Initial page cache hit for USD
2026-08-09 19:20:01.513 [http-nio-8080-exec-8] INFO  c.a.l.c.catalog.ProductController - GET /api/products/13 - Product detail requested
2026-08-09 19:20:01.521 [http-nio-8080-exec-2] INFO  c.a.l.c.catalog.ProductController - GET /api/products/13/available-leathers
2026-08-09 19:20:01.527 [http-nio-8080-exec-2] INFO  c.a.l.s.c.ProductCatalogService - Fetching available leathers for product: 13
2026-08-09 19:20:01.530 [http-nio-8080-exec-8] INFO  c.a.l.c.ProductCatalogCacheRepository - Product detail cache hit: product:detail:13:USD
2026-08-09 19:20:01.530 [http-nio-8080-exec-2] INFO  c.a.l.cache.LeatherCacheRepository - Cache hit for leathers: 13
2026-08-09 19:20:01.530 [http-nio-8080-exec-8] INFO  c.a.l.s.c.ProductCatalogService - Cache hit: Returning product 13 for USD
2026-08-09 19:20:01.530 [http-nio-8080-exec-2] INFO  c.a.l.s.c.ProductCatalogService - Returning cached leathers for product: 13
2026-08-09 19:20:01.538 [http-nio-8080-exec-7] INFO  c.a.l.c.catalog.ProductController - GET /api/products/13/available-leathers
2026-08-09 19:20:01.538 [http-nio-8080-exec-7] INFO  c.a.l.s.c.ProductCatalogService - Fetching available leathers for product: 13
2026-08-09 19:20:01.540 [http-nio-8080-exec-9] INFO  c.a.l.c.catalog.ProductController - GET /api/products/13 - Product detail requested
2026-08-09 19:20:01.542 [http-nio-8080-exec-7] INFO  c.a.l.cache.LeatherCacheRepository - Cache hit for leathers: 13
2026-08-09 19:20:01.542 [http-nio-8080-exec-7] INFO  c.a.l.s.c.ProductCatalogService - Returning cached leathers for product: 13
2026-08-09 19:20:01.543 [http-nio-8080-exec-9] INFO  c.a.l.c.ProductCatalogCacheRepository - Product detail cache hit: product:detail:13:USD
2026-08-09 19:20:01.543 [http-nio-8080-exec-9] INFO  c.a.l.s.c.ProductCatalogService - Cache hit: Returning product 13 for USD
2026-08-09 19:20:03.957 [http-nio-8080-exec-1] INFO  c.a.l.c.catalog.ProductController - GET /api/products - page: 0, filter: ProductFilterRequest(modelType=null, search=, page=0, size=12)
2026-08-09 19:20:04.341 [http-nio-8080-exec-1] INFO  c.a.l.s.c.ProductCatalogService - Fetching product catalog - page: 0, currency: USD
2026-08-09 19:20:04.428 [http-nio-8080-exec-1] INFO  c.a.l.c.ProductCatalogCacheRepository - Initial page cache hit for USD
2026-08-09 19:20:06.327 [http-nio-8080-exec-3] INFO  c.a.l.c.catalog.ProductController - GET /api/products/14 - Product detail requested
2026-08-09 19:20:06.329 [http-nio-8080-exec-4] INFO  c.a.l.c.catalog.ProductController - GET /api/products/14/available-leathers
2026-08-09 19:20:06.335 [http-nio-8080-exec-4] INFO  c.a.l.s.c.ProductCatalogService - Fetching available leathers for product: 14
2026-08-09 19:20:06.335 [http-nio-8080-exec-3] INFO  c.a.l.c.ProductCatalogCacheRepository - Product detail cache hit: product:detail:14:USD
2026-08-09 19:20:06.335 [http-nio-8080-exec-3] INFO  c.a.l.s.c.ProductCatalogService - Cache hit: Returning product 14 for USD
2026-08-09 19:20:06.346 [http-nio-8080-exec-10] INFO  c.a.l.c.catalog.ProductController - GET /api/products/14 - Product detail requested
2026-08-09 19:20:06.351 [http-nio-8080-exec-10] INFO  c.a.l.c.ProductCatalogCacheRepository - Product detail cache hit: product:detail:14:USD
2026-08-09 19:20:06.351 [http-nio-8080-exec-10] INFO  c.a.l.s.c.ProductCatalogService - Cache hit: Returning product 14 for USD
2026-08-09 19:20:06.363 [http-nio-8080-exec-4] WARN  c.a.l.s.c.ProductCatalogService - No leathers found for product: 14. Skipping cache to prevent empty cache pollution.
2026-08-09 19:20:06.373 [http-nio-8080-exec-5] INFO  c.a.l.c.catalog.ProductController - GET /api/products/14/available-leathers
2026-08-09 19:20:06.373 [http-nio-8080-exec-5] INFO  c.a.l.s.c.ProductCatalogService - Fetching available leathers for product: 14
2026-08-09 19:20:07.912 [http-nio-8080-exec-5] WARN  c.a.l.s.c.ProductCatalogService - No leathers found for product: 14. Skipping cache to prevent empty cache pollution.
2026-08-09 19:20:09.127 [http-nio-8080-exec-6] INFO  c.a.l.c.catalog.ProductController - GET /api/products - page: 0, filter: ProductFilterRequest(modelType=null, search=, page=0, size=12)
2026-08-09 19:20:09.161 [http-nio-8080-exec-6] INFO  c.a.l.s.c.ProductCatalogService - Fetching product catalog - page: 0, currency: USD
2026-08-09 19:20:09.167 [http-nio-8080-exec-6] INFO  c.a.l.c.ProductCatalogCacheRepository - Initial page cache hit for USD
2026-08-09 19:32:27.534 [http-nio-8080-exec-7] INFO  c.a.l.c.catalog.ProductController - GET /api/products - page: 0, filter: ProductFilterRequest(modelType=null, search=, page=0, size=12)
2026-08-09 19:32:27.617 [http-nio-8080-exec-7] INFO  c.a.l.s.c.ProductCatalogService - Fetching product catalog - page: 0, currency: USD
2026-08-09 19:32:30.007 [http-nio-8080-exec-7] INFO  c.a.l.cache.PriceCacheRepository - Price cached: price:product:13:grade:1:AZN
2026-08-09 19:32:30.063 [http-nio-8080-exec-7] INFO  c.a.l.cache.PriceCacheRepository - Price cached: price:product:8:grade:3:AZN
2026-08-09 19:32:30.129 [http-nio-8080-exec-7] INFO  c.a.l.cache.PriceCacheRepository - Price cached: price:product:5:grade:2:AZN
2026-08-09 19:32:30.242 [http-nio-8080-exec-7] INFO  c.a.l.cache.PriceCacheRepository - Price cached: price:product:1:grade:1:AZN
2026-08-09 19:32:30.304 [http-nio-8080-exec-7] INFO  c.a.l.c.ProductCatalogCacheRepository - Initial page cached for USD: 6 products
2026-08-09 19:32:34.331 [http-nio-8080-exec-9] INFO  c.a.l.c.catalog.ProductController - GET /api/products/13 - Product detail requested
2026-08-09 19:32:34.332 [http-nio-8080-exec-1] INFO  c.a.l.c.catalog.ProductController - GET /api/products/13/available-leathers
2026-08-09 19:32:34.350 [http-nio-8080-exec-9] INFO  c.a.l.c.ProductCatalogCacheRepository - Product detail cache hit: product:detail:13:USD
2026-08-09 19:32:34.350 [http-nio-8080-exec-9] INFO  c.a.l.s.c.ProductCatalogService - Cache hit: Returning product 13 for USD
2026-08-09 19:32:34.350 [http-nio-8080-exec-1] INFO  c.a.l.s.c.ProductCatalogService - Fetching available leathers for product: 13
2026-08-09 19:32:34.373 [http-nio-8080-exec-3] INFO  c.a.l.c.catalog.ProductController - GET /api/products/13 - Product detail requested
2026-08-09 19:32:34.376 [http-nio-8080-exec-3] INFO  c.a.l.c.ProductCatalogCacheRepository - Product detail cache hit: product:detail:13:USD
2026-08-09 19:32:34.380 [http-nio-8080-exec-3] INFO  c.a.l.s.c.ProductCatalogService - Cache hit: Returning product 13 for USD
2026-08-09 19:32:34.466 [http-nio-8080-exec-1] INFO  c.a.l.cache.LeatherCacheRepository - Cached 2 leathers for product: 13
2026-08-09 19:32:34.466 [http-nio-8080-exec-1] INFO  c.a.l.s.c.ProductCatalogService - Found and cached 2 leathers for product: 13
2026-08-09 19:32:34.478 [http-nio-8080-exec-10] INFO  c.a.l.c.catalog.ProductController - GET /api/products/13/available-leathers
2026-08-09 19:32:34.479 [http-nio-8080-exec-10] INFO  c.a.l.s.c.ProductCatalogService - Fetching available leathers for product: 13
2026-08-09 19:32:34.485 [http-nio-8080-exec-10] INFO  c.a.l.cache.LeatherCacheRepository - Cache hit for leathers: 13
2026-08-09 19:32:34.488 [http-nio-8080-exec-10] INFO  c.a.l.s.c.ProductCatalogService - Returning cached leathers for product: 13
2026-08-09 19:32:36.957 [http-nio-8080-exec-4] INFO  c.a.l.c.catalog.ProductController - GET /api/products - page: 0, filter: ProductFilterRequest(modelType=null, search=, page=0, size=12)
2026-08-09 19:32:37.125 [http-nio-8080-exec-4] INFO  c.a.l.s.c.ProductCatalogService - Fetching product catalog - page: 0, currency: USD
2026-08-09 19:32:37.167 [http-nio-8080-exec-4] INFO  c.a.l.c.ProductCatalogCacheRepository - Initial page cache hit for USD
2026-08-09 19:33:31.077 [http-nio-8080-exec-5] INFO  c.a.l.c.catalog.ProductController - GET /api/products - page: 0, filter: ProductFilterRequest(modelType=null, search=, page=0, size=12)
2026-08-09 19:33:31.098 [http-nio-8080-exec-5] INFO  c.a.l.s.c.ProductCatalogService - Fetching product catalog - page: 0, currency: USD
2026-08-09 19:33:31.108 [http-nio-8080-exec-5] INFO  c.a.l.c.ProductCatalogCacheRepository - Initial page cache hit for USD
2026-08-09 19:37:31.011 [http-nio-8080-exec-7] INFO  c.a.l.c.catalog.ProductController - GET /api/products/13 - Product detail requested
2026-08-09 19:37:31.012 [http-nio-8080-exec-8] INFO  c.a.l.c.catalog.ProductController - GET /api/products/13/available-leathers
2026-08-09 19:37:31.045 [http-nio-8080-exec-8] INFO  c.a.l.s.c.ProductCatalogService - Fetching available leathers for product: 13
2026-08-09 19:37:31.066 [http-nio-8080-exec-8] INFO  c.a.l.cache.LeatherCacheRepository - Cache hit for leathers: 13
2026-08-09 19:37:31.071 [http-nio-8080-exec-8] INFO  c.a.l.s.c.ProductCatalogService - Returning cached leathers for product: 13
2026-08-09 19:37:31.096 [http-nio-8080-exec-9] INFO  c.a.l.c.catalog.ProductController - GET /api/products/13/available-leathers
2026-08-09 19:37:31.097 [http-nio-8080-exec-9] INFO  c.a.l.s.c.ProductCatalogService - Fetching available leathers for product: 13
2026-08-09 19:37:31.122 [http-nio-8080-exec-7] INFO  c.a.l.c.ProductCatalogCacheRepository - Product detail cache hit: product:detail:13:USD
2026-08-09 19:37:31.122 [http-nio-8080-exec-7] INFO  c.a.l.s.c.ProductCatalogService - Cache hit: Returning product 13 for USD
2026-08-09 19:37:31.125 [http-nio-8080-exec-9] INFO  c.a.l.cache.LeatherCacheRepository - Cache hit for leathers: 13
2026-08-09 19:37:31.125 [http-nio-8080-exec-9] INFO  c.a.l.s.c.ProductCatalogService - Returning cached leathers for product: 13
2026-08-09 19:37:31.143 [http-nio-8080-exec-3] INFO  c.a.l.c.catalog.ProductController - GET /api/products/13 - Product detail requested
2026-08-09 19:37:31.155 [http-nio-8080-exec-3] INFO  c.a.l.c.ProductCatalogCacheRepository - Product detail cache hit: product:detail:13:USD
2026-08-09 19:37:31.156 [http-nio-8080-exec-3] INFO  c.a.l.s.c.ProductCatalogService - Cache hit: Returning product 13 for USD
2026-08-09 19:37:33.402 [http-nio-8080-exec-1] INFO  c.a.l.c.catalog.ProductController - GET /api/products - page: 0, filter: ProductFilterRequest(modelType=null, search=, page=0, size=12)
2026-08-09 19:37:33.409 [http-nio-8080-exec-1] INFO  c.a.l.s.c.ProductCatalogService - Fetching product catalog - page: 0, currency: USD
2026-08-09 19:37:33.568 [http-nio-8080-exec-1] INFO  c.a.l.c.ProductCatalogCacheRepository - Initial page cache hit for USD
2026-08-09 19:38:10.176 [http-nio-8080-exec-10] INFO  c.a.l.c.catalog.ProductController - GET /api/products - page: 0, filter: ProductFilterRequest(modelType=null, search=, page=0, size=12)
2026-08-09 19:38:10.221 [http-nio-8080-exec-10] INFO  c.a.l.s.c.ProductCatalogService - Fetching product catalog - page: 0, currency: USD
2026-08-09 19:38:10.237 [http-nio-8080-exec-10] INFO  c.a.l.c.ProductCatalogCacheRepository - Initial page cache hit for USD
2026-08-09 19:41:53.551 [http-nio-8080-exec-6] INFO  c.a.l.c.catalog.ProductController - GET /api/products - page: 0, filter: ProductFilterRequest(modelType=null, search=, page=0, size=12)
2026-08-09 19:41:53.631 [http-nio-8080-exec-6] INFO  c.a.l.s.c.ProductCatalogService - Fetching product catalog - page: 0, currency: USD
2026-08-09 19:41:53.892 [http-nio-8080-exec-6] INFO  c.a.l.c.ProductCatalogCacheRepository - Initial page cache hit for USD
2026-08-09 19:45:59.480 [http-nio-8080-exec-8] INFO  c.a.l.c.order.CartController - POST /api/cart/preview - 3 items, currency: USD
2026-08-09 19:45:59.525 [http-nio-8080-exec-8] INFO  c.a.l.s.Order.CartPreviewService - Cart preview requested with 3 items, currency: USD
2026-08-09 19:46:00.478 [http-nio-8080-exec-8] INFO  c.a.l.cache.PriceCacheRepository - Price cached: price:product:1:grade:3:AZN
2026-08-09 19:46:00.498 [http-nio-8080-exec-8] INFO  c.a.l.cache.PriceCacheRepository - Price cached: price:product:13:grade:1:AZN
2026-08-09 19:46:00.517 [http-nio-8080-exec-8] INFO  c.a.l.cache.PriceCacheRepository - Price cached: price:product:8:grade:3:AZN
2026-08-09 19:49:29.946 [http-nio-8080-exec-7] INFO  c.a.l.c.catalog.ProductController - GET /api/products - page: 0, filter: ProductFilterRequest(modelType=null, search=, page=0, size=12)
2026-08-09 19:49:29.993 [http-nio-8080-exec-7] INFO  c.a.l.s.c.ProductCatalogService - Fetching product catalog - page: 0, currency: USD
2026-08-09 19:49:30.166 [http-nio-8080-exec-7] INFO  c.a.l.c.ProductCatalogCacheRepository - Initial page cache hit for USD
2026-08-09 19:50:26.960 [http-nio-8080-exec-3] INFO  c.a.l.c.catalog.ProductController - GET /api/products - page: 0, filter: ProductFilterRequest(modelType=null, search=, page=0, size=12)
2026-08-09 19:50:27.045 [http-nio-8080-exec-3] INFO  c.a.l.s.c.ProductCatalogService - Fetching product catalog - page: 0, currency: USD
2026-08-09 19:50:27.087 [http-nio-8080-exec-3] INFO  c.a.l.c.ProductCatalogCacheRepository - Initial page cache hit for USD
2026-08-09 21:38:05.380 [HikariPool-1:housekeeper] WARN  com.zaxxer.hikari.pool.HikariPool - HikariPool-1 - Thread starvation or clock leap detected (housekeeper delta=1h41m11s258ms403µs500ns).
2026-08-09 21:53:36.165 [http-nio-8080-exec-10] INFO  c.a.l.c.catalog.ProductController - GET /api/products - page: 0, filter: ProductFilterRequest(modelType=null, search=, page=0, size=12)
2026-08-09 21:53:36.322 [http-nio-8080-exec-10] INFO  c.a.l.s.c.ProductCatalogService - Fetching product catalog - page: 0, currency: USD
2026-08-09 21:53:38.511 [http-nio-8080-exec-10] INFO  c.a.l.cache.PriceCacheRepository - Price cached: price:product:13:grade:1:AZN
2026-08-09 21:53:38.803 [http-nio-8080-exec-10] INFO  c.a.l.cache.PriceCacheRepository - Price cached: price:product:8:grade:3:AZN
2026-08-09 21:53:38.968 [http-nio-8080-exec-10] INFO  c.a.l.cache.PriceCacheRepository - Price cached: price:product:5:grade:2:AZN
2026-08-09 21:53:39.035 [http-nio-8080-exec-10] INFO  c.a.l.cache.PriceCacheRepository - Price cached: price:product:1:grade:1:AZN
2026-08-09 21:53:39.098 [http-nio-8080-exec-10] INFO  c.a.l.c.ProductCatalogCacheRepository - Initial page cached for USD: 6 products
2026-08-09 21:53:57.331 [http-nio-8080-exec-5] INFO  c.a.l.c.catalog.ProductController - GET /api/products/5/available-leathers
2026-08-09 21:53:57.342 [http-nio-8080-exec-4] INFO  c.a.l.c.catalog.ProductController - GET /api/products/5 - Product detail requested
2026-08-09 21:53:57.352 [http-nio-8080-exec-5] INFO  c.a.l.s.c.ProductCatalogService - Fetching available leathers for product: 5
2026-08-09 21:53:57.385 [http-nio-8080-exec-4] INFO  c.a.l.c.ProductCatalogCacheRepository - Product detail cache hit: product:detail:5:USD
2026-08-09 21:53:57.385 [http-nio-8080-exec-4] INFO  c.a.l.s.c.ProductCatalogService - Cache hit: Returning product 5 for USD
2026-08-09 21:53:57.454 [http-nio-8080-exec-6] INFO  c.a.l.c.catalog.ProductController - GET /api/products/5 - Product detail requested
2026-08-09 21:53:57.457 [http-nio-8080-exec-6] INFO  c.a.l.c.ProductCatalogCacheRepository - Product detail cache hit: product:detail:5:USD
2026-08-09 21:53:57.457 [http-nio-8080-exec-6] INFO  c.a.l.s.c.ProductCatalogService - Cache hit: Returning product 5 for USD
2026-08-09 21:53:57.521 [http-nio-8080-exec-5] INFO  c.a.l.cache.LeatherCacheRepository - Cached 4 leathers for product: 5
2026-08-09 21:53:57.521 [http-nio-8080-exec-5] INFO  c.a.l.s.c.ProductCatalogService - Found and cached 4 leathers for product: 5
2026-08-09 21:53:57.544 [http-nio-8080-exec-2] INFO  c.a.l.c.catalog.ProductController - GET /api/products/5/available-leathers
2026-08-09 21:53:57.544 [http-nio-8080-exec-2] INFO  c.a.l.s.c.ProductCatalogService - Fetching available leathers for product: 5
2026-08-09 21:53:57.566 [http-nio-8080-exec-2] INFO  c.a.l.cache.LeatherCacheRepository - Cache hit for leathers: 5
2026-08-09 21:53:57.582 [http-nio-8080-exec-2] INFO  c.a.l.s.c.ProductCatalogService - Returning cached leathers for product: 5
2026-08-09 21:53:59.212 [http-nio-8080-exec-8] INFO  c.a.l.c.catalog.ProductController - GET /api/products - page: 0, filter: ProductFilterRequest(modelType=null, search=, page=0, size=12)
2026-08-09 21:53:59.224 [http-nio-8080-exec-8] INFO  c.a.l.s.c.ProductCatalogService - Fetching product catalog - page: 0, currency: USD
2026-08-09 21:53:59.372 [http-nio-8080-exec-8] INFO  c.a.l.c.ProductCatalogCacheRepository - Initial page cache hit for USD
2026-08-09 21:54:30.890 [http-nio-8080-exec-7] INFO  c.a.l.c.order.CartController - POST /api/cart/preview - 3 items, currency: USD
2026-08-09 21:54:30.952 [http-nio-8080-exec-7] INFO  c.a.l.s.Order.CartPreviewService - Cart preview requested with 3 items, currency: USD
2026-08-09 21:54:31.078 [http-nio-8080-exec-7] INFO  c.a.l.cache.PriceCacheRepository - Price cached: price:product:1:grade:3:AZN
2026-08-09 21:54:31.642 [http-nio-8080-exec-7] INFO  c.a.l.cache.PriceCacheRepository - Price cached: price:product:13:grade:1:AZN
2026-08-09 21:54:31.871 [http-nio-8080-exec-7] INFO  c.a.l.cache.PriceCacheRepository - Price cached: price:product:8:grade:3:AZN
2026-08-09 21:54:58.214 [http-nio-8080-exec-6] INFO  c.a.l.c.a.AdminPricingRuleController - GET /api/admin/pricing/rules
2026-08-09 21:54:58.222 [http-nio-8080-exec-5] INFO  c.a.l.c.catalog.ProductController - GET /api/products - page: 0, filter: ProductFilterRequest(modelType=null, search=, page=0, size=12)
2026-08-09 21:54:58.421 [http-nio-8080-exec-5] INFO  c.a.l.s.c.ProductCatalogService - Fetching product catalog - page: 0, currency: USD
2026-08-09 21:54:58.429 [http-nio-8080-exec-6] INFO  c.a.l.s.pricing.PricingRuleService - Fetching pricing rules, activeOnly: false
2026-08-09 21:54:58.488 [http-nio-8080-exec-5] INFO  c.a.l.c.ProductCatalogCacheRepository - Initial page cache hit for USD
2026-08-09 21:55:03.102 [http-nio-8080-exec-8] INFO  c.a.l.c.a.AdminProductsController - GET /api/admin/products - filter: ProductModelFilter(id=null, modelname=null, modelType=null, availabilityStatus=null, isActive=null, from=null, to=null), page: Page request [number: 0, size 12, sort: createdAt: DESC]
2026-08-09 21:55:03.165 [http-nio-8080-exec-8] INFO  c.a.l.s.c.AdminProductModelService - Admin fetching ALL product models (including inactive/draft) with filter: ProductModelFilter(id=null, modelname=null, modelType=null, availabilityStatus=null, isActive=null, from=null, to=null)
2026-08-09 21:55:05.853 [http-nio-8080-exec-3] INFO  c.a.l.c.admin.AdminOrderController - GET /api/admin/orders - filter: OrderFilter(id=null, orderNumber=null, status=null, paymentStatus=null, customerEmail=null, customerName=null, from=null, to=null, minAmount=null, maxAmount=null), page: Page request [number: 0, size 10, sort: createdAt: DESC]
2026-08-09 21:55:05.883 [http-nio-8080-exec-3] INFO  c.a.l.s.Order.AdminOrderService - Admin fetching orders with filter: OrderFilter(id=null, orderNumber=null, status=null, paymentStatus=null, customerEmail=null, customerName=null, from=null, to=null, minAmount=null, maxAmount=null), pagination: Page request [number: 0, size 10, sort: createdAt: DESC]
2026-08-09 21:55:06.046 [http-nio-8080-exec-1] INFO  c.a.l.c.admin.AdminOrderController - GET /api/admin/orders - filter: OrderFilter(id=null, orderNumber=null, status=null, paymentStatus=null, customerEmail=null, customerName=null, from=null, to=null, minAmount=null, maxAmount=null), page: Page request [number: 0, size 10, sort: createdAt: DESC]
2026-08-09 21:55:06.049 [http-nio-8080-exec-1] INFO  c.a.l.s.Order.AdminOrderService - Admin fetching orders with filter: OrderFilter(id=null, orderNumber=null, status=null, paymentStatus=null, customerEmail=null, customerName=null, from=null, to=null, minAmount=null, maxAmount=null), pagination: Page request [number: 0, size 10, sort: createdAt: DESC]
2026-08-09 21:55:09.027 [http-nio-8080-exec-5] INFO  c.a.l.c.admin.AdminOrderController - GET /api/admin/orders/1 - Admin sifariş detalı sorğulayır
2026-08-09 21:55:09.067 [http-nio-8080-exec-5] INFO  c.a.l.s.Order.AdminOrderService - Admin fetching order detail: 1
2026-08-09 21:55:09.284 [http-nio-8080-exec-6] INFO  c.a.l.c.admin.AdminOrderController - GET /api/admin/orders/1 - Admin sifariş detalı sorğulayır
2026-08-09 21:55:09.296 [http-nio-8080-exec-6] INFO  c.a.l.s.Order.AdminOrderService - Admin fetching order detail: 1
2026-08-09 21:55:15.567 [http-nio-8080-exec-2] INFO  c.a.l.c.admin.AdminOrderController - to enter PUT /api/admin/orders/1/status - PAID -> 
2026-08-09 21:55:15.576 [http-nio-8080-exec-2] INFO  c.a.l.s.Order.AdminOrderService - Admin updating order 1 status from to PAID
2026-08-09 21:55:15.633 [http-nio-8080-exec-2] INFO  c.a.l.s.Order.AdminOrderService - Order 1 status updated: PENDING -> PAID
2026-08-09 21:55:16.412 [http-nio-8080-exec-8] INFO  c.a.l.c.admin.AdminOrderController - GET /api/admin/orders/1 - Admin sifariş detalı sorğulayır
2026-08-09 21:55:16.417 [http-nio-8080-exec-8] INFO  c.a.l.s.Order.AdminOrderService - Admin fetching order detail: 1
2026-08-09 21:56:35.560 [http-nio-8080-exec-3] INFO  c.a.l.c.admin.AdminOrderController - to enter PUT /api/admin/orders/1/status - MANUFACTURING -> 
2026-08-09 21:56:35.566 [http-nio-8080-exec-3] INFO  c.a.l.s.Order.AdminOrderService - Admin updating order 1 status from to MANUFACTURING
2026-08-09 21:56:35.573 [http-nio-8080-exec-3] INFO  c.a.l.s.Order.AdminOrderService - Order 1 status updated: PAID -> MANUFACTURING
2026-08-09 21:56:35.609 [http-nio-8080-exec-1] INFO  c.a.l.c.admin.AdminOrderController - GET /api/admin/orders/1 - Admin sifariş detalı sorğulayır
2026-08-09 21:56:35.609 [http-nio-8080-exec-1] INFO  c.a.l.s.Order.AdminOrderService - Admin fetching order detail: 1
2026-08-09 21:56:41.986 [http-nio-8080-exec-4] INFO  c.a.l.c.admin.AdminOrderController - to enter PUT /api/admin/orders/1/status - SHIPPED -> 
2026-08-09 21:56:42.003 [http-nio-8080-exec-4] INFO  c.a.l.s.Order.AdminOrderService - Admin updating order 1 status from to SHIPPED
2026-08-09 21:56:42.011 [http-nio-8080-exec-4] INFO  c.a.l.s.Order.AdminOrderService - Order 1 status updated: MANUFACTURING -> SHIPPED
2026-08-09 21:56:42.058 [http-nio-8080-exec-10] INFO  c.a.l.c.admin.AdminOrderController - GET /api/admin/orders/1 - Admin sifariş detalı sorğulayır
2026-08-09 21:56:42.065 [http-nio-8080-exec-10] INFO  c.a.l.s.Order.AdminOrderService - Admin fetching order detail: 1
2026-08-09 21:56:46.245 [http-nio-8080-exec-5] INFO  c.a.l.c.admin.AdminOrderController - to enter PUT /api/admin/orders/1/status - COMPLETED -> 
2026-08-09 21:56:46.263 [http-nio-8080-exec-5] INFO  c.a.l.s.Order.AdminOrderService - Admin updating order 1 status from to COMPLETED
2026-08-09 21:56:46.273 [http-nio-8080-exec-5] INFO  c.a.l.s.Order.AdminOrderService - Order 1 status updated: SHIPPED -> COMPLETED
2026-08-09 21:56:46.321 [http-nio-8080-exec-6] INFO  c.a.l.c.admin.AdminOrderController - GET /api/admin/orders/1 - Admin sifariş detalı sorğulayır
2026-08-09 21:56:46.328 [http-nio-8080-exec-6] INFO  c.a.l.s.Order.AdminOrderService - Admin fetching order detail: 1
2026-08-09 21:56:51.880 [http-nio-8080-exec-2] INFO  c.a.l.c.admin.AdminOrderController - to enter PUT /api/admin/orders/1/status - PENDING -> 
2026-08-09 21:56:51.885 [http-nio-8080-exec-2] INFO  c.a.l.s.Order.AdminOrderService - Admin updating order 1 status from to PENDING
2026-08-09 21:56:51.893 [http-nio-8080-exec-2] WARN  c.a.l.s.Order.AdminOrderService - Invalid status transition: COMPLETED -> PENDING
2026-08-09 21:56:51.945 [http-nio-8080-exec-2] WARN  o.s.w.s.m.m.a.ExceptionHandlerExceptionResolver - Failure in @ExceptionHandler com.aiatelye.leather.error.model.ErrorHandle#InvalidOrderStatusTransitionException(InvalidStateTransitionException, Locale)
java.lang.IllegalStateException: Could not resolve parameter [0] in public org.springframework.http.ResponseEntity<com.aiatelye.leather.error.model.ErrorResponse> com.aiatelye.leather.error.model.ErrorHandle.InvalidOrderStatusTransitionException(com.aiatelye.leather.error.Exception.InvalidStateTransitionException,java.util.Locale): No suitable resolver
	at org.springframework.web.method.support.InvocableHandlerMethod.getMethodArgumentValues(InvocableHandlerMethod.java:224)
	at org.springframework.web.method.support.InvocableHandlerMethod.invokeForRequest(InvocableHandlerMethod.java:181)
	at org.springframework.web.servlet.mvc.method.annotation.ServletInvocableHandlerMethod.invokeAndHandle(ServletInvocableHandlerMethod.java:118)
	at org.springframework.web.servlet.mvc.method.annotation.ExceptionHandlerExceptionResolver.doResolveHandlerMethodException(ExceptionHandlerExceptionResolver.java:471)
	at org.springframework.web.servlet.handler.AbstractHandlerMethodExceptionResolver.doResolveException(AbstractHandlerMethodExceptionResolver.java:73)
	at org.springframework.web.servlet.handler.AbstractHandlerExceptionResolver.resolveException(AbstractHandlerExceptionResolver.java:182)
	at org.springframework.web.servlet.handler.HandlerExceptionResolverComposite.resolveException(HandlerExceptionResolverComposite.java:80)
	at org.springframework.web.servlet.DispatcherServlet.processHandlerException(DispatcherServlet.java:1360)
	at org.springframework.web.servlet.DispatcherServlet.processDispatchResult(DispatcherServlet.java:1161)
	at org.springframework.web.servlet.DispatcherServlet.doDispatch(DispatcherServlet.java:1106)
	at org.springframework.web.servlet.DispatcherServlet.doService(DispatcherServlet.java:979)
	at org.springframework.web.servlet.FrameworkServlet.processRequest(FrameworkServlet.java:1014)
	at org.springframework.web.servlet.FrameworkServlet.doPut(FrameworkServlet.java:925)
	at jakarta.servlet.http.HttpServlet.service(HttpServlet.java:593)
	at org.springframework.web.servlet.FrameworkServlet.service(FrameworkServlet.java:885)
	at jakarta.servlet.http.HttpServlet.service(HttpServlet.java:658)
	at org.apache.catalina.core.ApplicationFilterChain.internalDoFilter(ApplicationFilterChain.java:193)
	at org.apache.catalina.core.ApplicationFilterChain.doFilter(ApplicationFilterChain.java:138)
	at org.apache.tomcat.websocket.server.WsFilter.doFilter(WsFilter.java:51)
	at org.apache.catalina.core.ApplicationFilterChain.internalDoFilter(ApplicationFilterChain.java:162)
	at org.apache.catalina.core.ApplicationFilterChain.doFilter(ApplicationFilterChain.java:138)
	at org.springframework.web.filter.CompositeFilter$VirtualFilterChain.doFilter(CompositeFilter.java:108)
	at org.springframework.web.filter.CompositeFilter$VirtualFilterChain.doFilter(CompositeFilter.java:108)
	at org.springframework.security.web.FilterChainProxy.lambda$doFilterInternal$3(FilterChainProxy.java:231)
	at org.springframework.security.web.FilterChainProxy$VirtualFilterChain.doFilter(FilterChainProxy.java:365)
	at org.springframework.security.web.access.intercept.AuthorizationFilter.doFilter(AuthorizationFilter.java:101)
	at org.springframework.security.web.FilterChainProxy$VirtualFilterChain.doFilter(FilterChainProxy.java:374)
	at org.springframework.security.web.access.ExceptionTranslationFilter.doFilter(ExceptionTranslationFilter.java:125)
	at org.springframework.security.web.access.ExceptionTranslationFilter.doFilter(ExceptionTranslationFilter.java:119)
	at org.springframework.security.web.FilterChainProxy$VirtualFilterChain.doFilter(FilterChainProxy.java:374)
	at org.springframework.security.web.session.SessionManagementFilter.doFilter(SessionManagementFilter.java:131)
	at org.springframework.security.web.session.SessionManagementFilter.doFilter(SessionManagementFilter.java:85)
	at org.springframework.security.web.FilterChainProxy$VirtualFilterChain.doFilter(FilterChainProxy.java:374)
	at org.springframework.security.web.authentication.AnonymousAuthenticationFilter.doFilter(AnonymousAuthenticationFilter.java:100)
	at org.springframework.security.web.FilterChainProxy$VirtualFilterChain.doFilter(FilterChainProxy.java:374)
	at org.springframework.security.web.servletapi.SecurityContextHolderAwareRequestFilter.doFilter(SecurityContextHolderAwareRequestFilter.java:179)
	at org.springframework.security.web.FilterChainProxy$VirtualFilterChain.doFilter(FilterChainProxy.java:374)
	at org.springframework.security.web.savedrequest.RequestCacheAwareFilter.doFilter(RequestCacheAwareFilter.java:63)
	at org.springframework.security.web.FilterChainProxy$VirtualFilterChain.doFilter(FilterChainProxy.java:374)
	at org.springframework.security.web.authentication.AbstractAuthenticationProcessingFilter.doFilter(AbstractAuthenticationProcessingFilter.java:235)
	at org.springframework.security.web.authentication.AbstractAuthenticationProcessingFilter.doFilter(AbstractAuthenticationProcessingFilter.java:229)
	at org.springframework.security.web.FilterChainProxy$VirtualFilterChain.doFilter(FilterChainProxy.java:374)
	at com.aiatelye.leather.Securty.Filter.JwtTokenVeriflerFilter.doFilterInternal(JwtTokenVeriflerFilter.java:85)
	at org.springframework.web.filter.OncePerRequestFilter.doFilter(OncePerRequestFilter.java:116)
	at org.springframework.security.web.FilterChainProxy$VirtualFilterChain.doFilter(FilterChainProxy.java:374)
	at org.springframework.security.web.authentication.logout.LogoutFilter.doFilter(LogoutFilter.java:107)
	at org.springframework.security.web.authentication.logout.LogoutFilter.doFilter(LogoutFilter.java:93)
	at org.springframework.security.web.FilterChainProxy$VirtualFilterChain.doFilter(FilterChainProxy.java:374)
	at org.springframework.web.filter.CorsFilter.doFilterInternal(CorsFilter.java:91)
	at org.springframework.web.filter.OncePerRequestFilter.doFilter(OncePerRequestFilter.java:116)
	at org.springframework.security.web.FilterChainProxy$VirtualFilterChain.doFilter(FilterChainProxy.java:374)
	at org.springframework.security.web.header.HeaderWriterFilter.doHeadersAfter(HeaderWriterFilter.java:90)
	at org.springframework.security.web.header.HeaderWriterFilter.doFilterInternal(HeaderWriterFilter.java:75)
	at org.springframework.web.filter.OncePerRequestFilter.doFilter(OncePerRequestFilter.java:116)
	at org.springframework.security.web.FilterChainProxy$VirtualFilterChain.doFilter(FilterChainProxy.java:374)
	at org.springframework.security.web.context.SecurityContextHolderFilter.doFilter(SecurityContextHolderFilter.java:82)
	at org.springframework.security.web.context.SecurityContextHolderFilter.doFilter(SecurityContextHolderFilter.java:69)
	at org.springframework.security.web.FilterChainProxy$VirtualFilterChain.doFilter(FilterChainProxy.java:374)
	at org.springframework.security.web.context.request.async.WebAsyncManagerIntegrationFilter.doFilterInternal(WebAsyncManagerIntegrationFilter.java:62)
	at org.springframework.web.filter.OncePerRequestFilter.doFilter(OncePerRequestFilter.java:116)
	at org.springframework.security.web.FilterChainProxy$VirtualFilterChain.doFilter(FilterChainProxy.java:374)
	at org.springframework.security.web.session.DisableEncodeUrlFilter.doFilterInternal(DisableEncodeUrlFilter.java:42)
	at org.springframework.web.filter.OncePerRequestFilter.doFilter(OncePerRequestFilter.java:116)
	at org.springframework.security.web.FilterChainProxy$VirtualFilterChain.doFilter(FilterChainProxy.java:374)
	at org.springframework.security.web.FilterChainProxy.doFilterInternal(FilterChainProxy.java:233)
	at org.springframework.security.web.FilterChainProxy.doFilter(FilterChainProxy.java:191)
	at org.springframework.web.filter.CompositeFilter$VirtualFilterChain.doFilter(CompositeFilter.java:113)
	at org.springframework.web.filter.ServletRequestPathFilter.doFilter(ServletRequestPathFilter.java:52)
	at org.springframework.web.filter.CompositeFilter$VirtualFilterChain.doFilter(CompositeFilter.java:113)
	at org.springframework.web.filter.CompositeFilter.doFilter(CompositeFilter.java:74)
	at org.springframework.security.config.annotation.web.configuration.WebSecurityConfiguration$CompositeFilterChainProxy.doFilter(WebSecurityConfiguration.java:319)
	at org.springframework.web.filter.CompositeFilter$VirtualFilterChain.doFilter(CompositeFilter.java:113)
	at org.springframework.web.servlet.handler.HandlerMappingIntrospector.lambda$createCacheFilter$4(HandlerMappingIntrospector.java:267)
	at org.springframework.web.filter.CompositeFilter$VirtualFilterChain.doFilter(CompositeFilter.java:113)
	at org.springframework.web.filter.CompositeFilter.doFilter(CompositeFilter.java:74)
	at org.springframework.security.config.annotation.web.configuration.WebMvcSecurityConfiguration$CompositeFilterChainProxy.doFilter(WebMvcSecurityConfiguration.java:240)
	at org.springframework.web.filter.DelegatingFilterProxy.invokeDelegate(DelegatingFilterProxy.java:362)
	at org.springframework.web.filter.DelegatingFilterProxy.doFilter(DelegatingFilterProxy.java:278)
	at org.apache.catalina.core.ApplicationFilterChain.internalDoFilter(ApplicationFilterChain.java:162)
	at org.apache.catalina.core.ApplicationFilterChain.doFilter(ApplicationFilterChain.java:138)
	at org.springframework.web.filter.RequestContextFilter.doFilterInternal(RequestContextFilter.java:100)
	at org.springframework.web.filter.OncePerRequestFilter.doFilter(OncePerRequestFilter.java:116)
	at org.apache.catalina.core.ApplicationFilterChain.internalDoFilter(ApplicationFilterChain.java:162)
	at org.apache.catalina.core.ApplicationFilterChain.doFilter(ApplicationFilterChain.java:138)
	at org.springframework.web.filter.FormContentFilter.doFilterInternal(FormContentFilter.java:93)
	at org.springframework.web.filter.OncePerRequestFilter.doFilter(OncePerRequestFilter.java:116)
	at org.apache.catalina.core.ApplicationFilterChain.internalDoFilter(ApplicationFilterChain.java:162)
	at org.apache.catalina.core.ApplicationFilterChain.doFilter(ApplicationFilterChain.java:138)
	at org.springframework.web.filter.CharacterEncodingFilter.doFilterInternal(CharacterEncodingFilter.java:201)
	at org.springframework.web.filter.OncePerRequestFilter.doFilter(OncePerRequestFilter.java:116)
	at org.apache.catalina.core.ApplicationFilterChain.internalDoFilter(ApplicationFilterChain.java:162)
	at org.apache.catalina.core.ApplicationFilterChain.doFilter(ApplicationFilterChain.java:138)
	at org.apache.catalina.core.StandardWrapperValve.invoke(StandardWrapperValve.java:165)
	at org.apache.catalina.core.StandardContextValve.invoke(StandardContextValve.java:88)
	at org.apache.catalina.authenticator.AuthenticatorBase.invoke(AuthenticatorBase.java:482)
	at org.apache.catalina.core.StandardHostValve.invoke(StandardHostValve.java:113)
	at org.apache.catalina.valves.ErrorReportValve.invoke(ErrorReportValve.java:83)
	at org.apache.catalina.core.StandardEngineValve.invoke(StandardEngineValve.java:72)
	at org.apache.catalina.connector.CoyoteAdapter.service(CoyoteAdapter.java:342)
	at org.apache.coyote.http11.Http11Processor.service(Http11Processor.java:399)
	at org.apache.coyote.AbstractProcessorLight.process(AbstractProcessorLight.java:63)
	at org.apache.coyote.AbstractProtocol$ConnectionHandler.process(AbstractProtocol.java:903)
	at org.apache.tomcat.util.net.NioEndpoint$SocketProcessor.doRun(NioEndpoint.java:1774)
	at org.apache.tomcat.util.net.SocketProcessorBase.run(SocketProcessorBase.java:52)
	at org.apache.tomcat.util.threads.ThreadPoolExecutor.runWorker(ThreadPoolExecutor.java:973)
	at org.apache.tomcat.util.threads.ThreadPoolExecutor$Worker.run(ThreadPoolExecutor.java:491)
	at org.apache.tomcat.util.threads.TaskThread$WrappingRunnable.run(TaskThread.java:63)
	at java.base/java.lang.Thread.run(Thread.java:1583)
2026-08-09 21:56:51.971 [http-nio-8080-exec-2] ERROR o.a.c.c.C.[.[.[.[dispatcherServlet] - Servlet.service() for servlet [dispatcherServlet] in context with path [] threw exception [Request processing failed: com.aiatelye.leather.error.Exception.InvalidOrderStatusTransitionException: Invalid status transition from COMPLETED to PENDING] with root cause
com.aiatelye.leather.error.Exception.InvalidOrderStatusTransitionException: Invalid status transition from COMPLETED to PENDING
	at com.aiatelye.leather.service.Order.AdminOrderService.updateStatus(AdminOrderService.java:102)
	at java.base/jdk.internal.reflect.DirectMethodHandleAccessor.invoke(DirectMethodHandleAccessor.java:103)
	at java.base/java.lang.reflect.Method.invoke(Method.java:580)
	at org.springframework.aop.support.AopUtils.invokeJoinpointUsingReflection(AopUtils.java:360)
	at org.springframework.aop.framework.ReflectiveMethodInvocation.invokeJoinpoint(ReflectiveMethodInvocation.java:196)
	at org.springframework.aop.framework.ReflectiveMethodInvocation.proceed(ReflectiveMethodInvocation.java:163)
	at org.springframework.transaction.interceptor.TransactionAspectSupport.invokeWithinTransaction(TransactionAspectSupport.java:380)
	at org.springframework.transaction.interceptor.TransactionInterceptor.invoke(TransactionInterceptor.java:119)
	at org.springframework.aop.framework.ReflectiveMethodInvocation.proceed(ReflectiveMethodInvocation.java:184)
	at org.springframework.aop.framework.CglibAopProxy$DynamicAdvisedInterceptor.intercept(CglibAopProxy.java:728)
	at com.aiatelye.leather.service.Order.AdminOrderService$$SpringCGLIB$$0.updateStatus(<generated>)
	at com.aiatelye.leather.controller.admin.AdminOrderController.updateOrderStatus(AdminOrderController.java:54)
	at java.base/jdk.internal.reflect.DirectMethodHandleAccessor.invoke(DirectMethodHandleAccessor.java:103)
	at java.base/java.lang.reflect.Method.invoke(Method.java:580)
	at org.springframework.web.method.support.InvocableHandlerMethod.doInvoke(InvocableHandlerMethod.java:258)
	at org.springframework.web.method.support.InvocableHandlerMethod.invokeForRequest(InvocableHandlerMethod.java:191)
	at org.springframework.web.servlet.mvc.method.annotation.ServletInvocableHandlerMethod.invokeAndHandle(ServletInvocableHandlerMethod.java:118)
	at org.springframework.web.servlet.mvc.method.annotation.RequestMappingHandlerAdapter.invokeHandlerMethod(RequestMappingHandlerAdapter.java:991)
	at org.springframework.web.servlet.mvc.method.annotation.RequestMappingHandlerAdapter.handleInternal(RequestMappingHandlerAdapter.java:896)
	at org.springframework.web.servlet.mvc.method.AbstractHandlerMethodAdapter.handle(AbstractHandlerMethodAdapter.java:87)
	at org.springframework.web.servlet.DispatcherServlet.doDispatch(DispatcherServlet.java:1089)
	at org.springframework.web.servlet.DispatcherServlet.doService(DispatcherServlet.java:979)
	at org.springframework.web.servlet.FrameworkServlet.processRequest(FrameworkServlet.java:1014)
	at org.springframework.web.servlet.FrameworkServlet.doPut(FrameworkServlet.java:925)
	at jakarta.servlet.http.HttpServlet.service(HttpServlet.java:593)
	at org.springframework.web.servlet.FrameworkServlet.service(FrameworkServlet.java:885)
	at jakarta.servlet.http.HttpServlet.service(HttpServlet.java:658)
	at org.apache.catalina.core.ApplicationFilterChain.internalDoFilter(ApplicationFilterChain.java:193)
	at org.apache.catalina.core.ApplicationFilterChain.doFilter(ApplicationFilterChain.java:138)
	at org.apache.tomcat.websocket.server.WsFilter.doFilter(WsFilter.java:51)
	at org.apache.catalina.core.ApplicationFilterChain.internalDoFilter(ApplicationFilterChain.java:162)
	at org.apache.catalina.core.ApplicationFilterChain.doFilter(ApplicationFilterChain.java:138)
	at org.springframework.web.filter.CompositeFilter$VirtualFilterChain.doFilter(CompositeFilter.java:108)
	at org.springframework.web.filter.CompositeFilter$VirtualFilterChain.doFilter(CompositeFilter.java:108)
	at org.springframework.security.web.FilterChainProxy.lambda$doFilterInternal$3(FilterChainProxy.java:231)
	at org.springframework.security.web.FilterChainProxy$VirtualFilterChain.doFilter(FilterChainProxy.java:365)
	at org.springframework.security.web.access.intercept.AuthorizationFilter.doFilter(AuthorizationFilter.java:101)
	at org.springframework.security.web.FilterChainProxy$VirtualFilterChain.doFilter(FilterChainProxy.java:374)
	at org.springframework.security.web.access.ExceptionTranslationFilter.doFilter(ExceptionTranslationFilter.java:125)
	at org.springframework.security.web.access.ExceptionTranslationFilter.doFilter(ExceptionTranslationFilter.java:119)
	at org.springframework.security.web.FilterChainProxy$VirtualFilterChain.doFilter(FilterChainProxy.java:374)
	at org.springframework.security.web.session.SessionManagementFilter.doFilter(SessionManagementFilter.java:131)
	at org.springframework.security.web.session.SessionManagementFilter.doFilter(SessionManagementFilter.java:85)
	at org.springframework.security.web.FilterChainProxy$VirtualFilterChain.doFilter(FilterChainProxy.java:374)
	at org.springframework.security.web.authentication.AnonymousAuthenticationFilter.doFilter(AnonymousAuthenticationFilter.java:100)
	at org.springframework.security.web.FilterChainProxy$VirtualFilterChain.doFilter(FilterChainProxy.java:374)
	at org.springframework.security.web.servletapi.SecurityContextHolderAwareRequestFilter.doFilter(SecurityContextHolderAwareRequestFilter.java:179)
	at org.springframework.security.web.FilterChainProxy$VirtualFilterChain.doFilter(FilterChainProxy.java:374)
	at org.springframework.security.web.savedrequest.RequestCacheAwareFilter.doFilter(RequestCacheAwareFilter.java:63)
	at org.springframework.security.web.FilterChainProxy$VirtualFilterChain.doFilter(FilterChainProxy.java:374)
	at org.springframework.security.web.authentication.AbstractAuthenticationProcessingFilter.doFilter(AbstractAuthenticationProcessingFilter.java:235)
	at org.springframework.security.web.authentication.AbstractAuthenticationProcessingFilter.doFilter(AbstractAuthenticationProcessingFilter.java:229)
	at org.springframework.security.web.FilterChainProxy$VirtualFilterChain.doFilter(FilterChainProxy.java:374)
	at com.aiatelye.leather.Securty.Filter.JwtTokenVeriflerFilter.doFilterInternal(JwtTokenVeriflerFilter.java:85)
	at org.springframework.web.filter.OncePerRequestFilter.doFilter(OncePerRequestFilter.java:116)
	at org.springframework.security.web.FilterChainProxy$VirtualFilterChain.doFilter(FilterChainProxy.java:374)
	at org.springframework.security.web.authentication.logout.LogoutFilter.doFilter(LogoutFilter.java:107)
	at org.springframework.security.web.authentication.logout.LogoutFilter.doFilter(LogoutFilter.java:93)
	at org.springframework.security.web.FilterChainProxy$VirtualFilterChain.doFilter(FilterChainProxy.java:374)
	at org.springframework.web.filter.CorsFilter.doFilterInternal(CorsFilter.java:91)
	at org.springframework.web.filter.OncePerRequestFilter.doFilter(OncePerRequestFilter.java:116)
	at org.springframework.security.web.FilterChainProxy$VirtualFilterChain.doFilter(FilterChainProxy.java:374)
	at org.springframework.security.web.header.HeaderWriterFilter.doHeadersAfter(HeaderWriterFilter.java:90)
	at org.springframework.security.web.header.HeaderWriterFilter.doFilterInternal(HeaderWriterFilter.java:75)
	at org.springframework.web.filter.OncePerRequestFilter.doFilter(OncePerRequestFilter.java:116)
	at org.springframework.security.web.FilterChainProxy$VirtualFilterChain.doFilter(FilterChainProxy.java:374)
	at org.springframework.security.web.context.SecurityContextHolderFilter.doFilter(SecurityContextHolderFilter.java:82)
	at org.springframework.security.web.context.SecurityContextHolderFilter.doFilter(SecurityContextHolderFilter.java:69)
	at org.springframework.security.web.FilterChainProxy$VirtualFilterChain.doFilter(FilterChainProxy.java:374)
	at org.springframework.security.web.context.request.async.WebAsyncManagerIntegrationFilter.doFilterInternal(WebAsyncManagerIntegrationFilter.java:62)
	at org.springframework.web.filter.OncePerRequestFilter.doFilter(OncePerRequestFilter.java:116)
	at org.springframework.security.web.FilterChainProxy$VirtualFilterChain.doFilter(FilterChainProxy.java:374)
	at org.springframework.security.web.session.DisableEncodeUrlFilter.doFilterInternal(DisableEncodeUrlFilter.java:42)
	at org.springframework.web.filter.OncePerRequestFilter.doFilter(OncePerRequestFilter.java:116)
	at org.springframework.security.web.FilterChainProxy$VirtualFilterChain.doFilter(FilterChainProxy.java:374)
	at org.springframework.security.web.FilterChainProxy.doFilterInternal(FilterChainProxy.java:233)
	at org.springframework.security.web.FilterChainProxy.doFilter(FilterChainProxy.java:191)
	at org.springframework.web.filter.CompositeFilter$VirtualFilterChain.doFilter(CompositeFilter.java:113)
	at org.springframework.web.filter.ServletRequestPathFilter.doFilter(ServletRequestPathFilter.java:52)
	at org.springframework.web.filter.CompositeFilter$VirtualFilterChain.doFilter(CompositeFilter.java:113)
	at org.springframework.web.filter.CompositeFilter.doFilter(CompositeFilter.java:74)
	at org.springframework.security.config.annotation.web.configuration.WebSecurityConfiguration$CompositeFilterChainProxy.doFilter(WebSecurityConfiguration.java:319)
	at org.springframework.web.filter.CompositeFilter$VirtualFilterChain.doFilter(CompositeFilter.java:113)
	at org.springframework.web.servlet.handler.HandlerMappingIntrospector.lambda$createCacheFilter$4(HandlerMappingIntrospector.java:267)
	at org.springframework.web.filter.CompositeFilter$VirtualFilterChain.doFilter(CompositeFilter.java:113)
	at org.springframework.web.filter.CompositeFilter.doFilter(CompositeFilter.java:74)
	at org.springframework.security.config.annotation.web.configuration.WebMvcSecurityConfiguration$CompositeFilterChainProxy.doFilter(WebMvcSecurityConfiguration.java:240)
	at org.springframework.web.filter.DelegatingFilterProxy.invokeDelegate(DelegatingFilterProxy.java:362)
	at org.springframework.web.filter.DelegatingFilterProxy.doFilter(DelegatingFilterProxy.java:278)
	at org.apache.catalina.core.ApplicationFilterChain.internalDoFilter(ApplicationFilterChain.java:162)
	at org.apache.catalina.core.ApplicationFilterChain.doFilter(ApplicationFilterChain.java:138)
	at org.springframework.web.filter.RequestContextFilter.doFilterInternal(RequestContextFilter.java:100)
	at org.springframework.web.filter.OncePerRequestFilter.doFilter(OncePerRequestFilter.java:116)
	at org.apache.catalina.core.ApplicationFilterChain.internalDoFilter(ApplicationFilterChain.java:162)
	at org.apache.catalina.core.ApplicationFilterChain.doFilter(ApplicationFilterChain.java:138)
	at org.springframework.web.filter.FormContentFilter.doFilterInternal(FormContentFilter.java:93)
	at org.springframework.web.filter.OncePerRequestFilter.doFilter(OncePerRequestFilter.java:116)
	at org.apache.catalina.core.ApplicationFilterChain.internalDoFilter(ApplicationFilterChain.java:162)
	at org.apache.catalina.core.ApplicationFilterChain.doFilter(ApplicationFilterChain.java:138)
	at org.springframework.web.filter.CharacterEncodingFilter.doFilterInternal(CharacterEncodingFilter.java:201)
	at org.springframework.web.filter.OncePerRequestFilter.doFilter(OncePerRequestFilter.java:116)
	at org.apache.catalina.core.ApplicationFilterChain.internalDoFilter(ApplicationFilterChain.java:162)
	at org.apache.catalina.core.ApplicationFilterChain.doFilter(ApplicationFilterChain.java:138)
	at org.apache.catalina.core.StandardWrapperValve.invoke(StandardWrapperValve.java:165)
	at org.apache.catalina.core.StandardContextValve.invoke(StandardContextValve.java:88)
	at org.apache.catalina.authenticator.AuthenticatorBase.invoke(AuthenticatorBase.java:482)
	at org.apache.catalina.core.StandardHostValve.invoke(StandardHostValve.java:113)
	at org.apache.catalina.valves.ErrorReportValve.invoke(ErrorReportValve.java:83)
	at org.apache.catalina.core.StandardEngineValve.invoke(StandardEngineValve.java:72)
	at org.apache.catalina.connector.CoyoteAdapter.service(CoyoteAdapter.java:342)
	at org.apache.coyote.http11.Http11Processor.service(Http11Processor.java:399)
	at org.apache.coyote.AbstractProcessorLight.process(AbstractProcessorLight.java:63)
	at org.apache.coyote.AbstractProtocol$ConnectionHandler.process(AbstractProtocol.java:903)
	at org.apache.tomcat.util.net.NioEndpoint$SocketProcessor.doRun(NioEndpoint.java:1774)
	at org.apache.tomcat.util.net.SocketProcessorBase.run(SocketProcessorBase.java:52)
	at org.apache.tomcat.util.threads.ThreadPoolExecutor.runWorker(ThreadPoolExecutor.java:973)
	at org.apache.tomcat.util.threads.ThreadPoolExecutor$Worker.run(ThreadPoolExecutor.java:491)
	at org.apache.tomcat.util.threads.TaskThread$WrappingRunnable.run(TaskThread.java:63)
	at java.base/java.lang.Thread.run(Thread.java:1583)
2026-08-09 21:56:56.405 [http-nio-8080-exec-8] INFO  c.a.l.c.admin.AdminOrderController - to enter PUT /api/admin/orders/1/status - CANCELLED -> 
2026-08-09 21:56:56.414 [http-nio-8080-exec-8] INFO  c.a.l.s.Order.AdminOrderService - Admin updating order 1 status from to CANCELLED
2026-08-09 21:56:56.421 [http-nio-8080-exec-8] WARN  c.a.l.s.Order.AdminOrderService - Invalid status transition: COMPLETED -> CANCELLED
2026-08-09 21:56:56.428 [http-nio-8080-exec-8] WARN  o.s.w.s.m.m.a.ExceptionHandlerExceptionResolver - Failure in @ExceptionHandler com.aiatelye.leather.error.model.ErrorHandle#InvalidOrderStatusTransitionException(InvalidStateTransitionException, Locale)
java.lang.IllegalStateException: Could not resolve parameter [0] in public org.springframework.http.ResponseEntity<com.aiatelye.leather.error.model.ErrorResponse> com.aiatelye.leather.error.model.ErrorHandle.InvalidOrderStatusTransitionException(com.aiatelye.leather.error.Exception.InvalidStateTransitionException,java.util.Locale): No suitable resolver
	at org.springframework.web.method.support.InvocableHandlerMethod.getMethodArgumentValues(InvocableHandlerMethod.java:224)
	at org.springframework.web.method.support.InvocableHandlerMethod.invokeForRequest(InvocableHandlerMethod.java:181)
	at org.springframework.web.servlet.mvc.method.annotation.ServletInvocableHandlerMethod.invokeAndHandle(ServletInvocableHandlerMethod.java:118)
	at org.springframework.web.servlet.mvc.method.annotation.ExceptionHandlerExceptionResolver.doResolveHandlerMethodException(ExceptionHandlerExceptionResolver.java:471)
	at org.springframework.web.servlet.handler.AbstractHandlerMethodExceptionResolver.doResolveException(AbstractHandlerMethodExceptionResolver.java:73)
	at org.springframework.web.servlet.handler.AbstractHandlerExceptionResolver.resolveException(AbstractHandlerExceptionResolver.java:182)
	at org.springframework.web.servlet.handler.HandlerExceptionResolverComposite.resolveException(HandlerExceptionResolverComposite.java:80)
	at org.springframework.web.servlet.DispatcherServlet.processHandlerException(DispatcherServlet.java:1360)
	at org.springframework.web.servlet.DispatcherServlet.processDispatchResult(DispatcherServlet.java:1161)
	at org.springframework.web.servlet.DispatcherServlet.doDispatch(DispatcherServlet.java:1106)
	at org.springframework.web.servlet.DispatcherServlet.doService(DispatcherServlet.java:979)
	at org.springframework.web.servlet.FrameworkServlet.processRequest(FrameworkServlet.java:1014)
	at org.springframework.web.servlet.FrameworkServlet.doPut(FrameworkServlet.java:925)
	at jakarta.servlet.http.HttpServlet.service(HttpServlet.java:593)
	at org.springframework.web.servlet.FrameworkServlet.service(FrameworkServlet.java:885)
	at jakarta.servlet.http.HttpServlet.service(HttpServlet.java:658)
	at org.apache.catalina.core.ApplicationFilterChain.internalDoFilter(ApplicationFilterChain.java:193)
	at org.apache.catalina.core.ApplicationFilterChain.doFilter(ApplicationFilterChain.java:138)
	at org.apache.tomcat.websocket.server.WsFilter.doFilter(WsFilter.java:51)
	at org.apache.catalina.core.ApplicationFilterChain.internalDoFilter(ApplicationFilterChain.java:162)
	at org.apache.catalina.core.ApplicationFilterChain.doFilter(ApplicationFilterChain.java:138)
	at org.springframework.web.filter.CompositeFilter$VirtualFilterChain.doFilter(CompositeFilter.java:108)
	at org.springframework.web.filter.CompositeFilter$VirtualFilterChain.doFilter(CompositeFilter.java:108)
	at org.springframework.security.web.FilterChainProxy.lambda$doFilterInternal$3(FilterChainProxy.java:231)
	at org.springframework.security.web.FilterChainProxy$VirtualFilterChain.doFilter(FilterChainProxy.java:365)
	at org.springframework.security.web.access.intercept.AuthorizationFilter.doFilter(AuthorizationFilter.java:101)
	at org.springframework.security.web.FilterChainProxy$VirtualFilterChain.doFilter(FilterChainProxy.java:374)
	at org.springframework.security.web.access.ExceptionTranslationFilter.doFilter(ExceptionTranslationFilter.java:125)
	at org.springframework.security.web.access.ExceptionTranslationFilter.doFilter(ExceptionTranslationFilter.java:119)
	at org.springframework.security.web.FilterChainProxy$VirtualFilterChain.doFilter(FilterChainProxy.java:374)
	at org.springframework.security.web.session.SessionManagementFilter.doFilter(SessionManagementFilter.java:131)
	at org.springframework.security.web.session.SessionManagementFilter.doFilter(SessionManagementFilter.java:85)
	at org.springframework.security.web.FilterChainProxy$VirtualFilterChain.doFilter(FilterChainProxy.java:374)
	at org.springframework.security.web.authentication.AnonymousAuthenticationFilter.doFilter(AnonymousAuthenticationFilter.java:100)
	at org.springframework.security.web.FilterChainProxy$VirtualFilterChain.doFilter(FilterChainProxy.java:374)
	at org.springframework.security.web.servletapi.SecurityContextHolderAwareRequestFilter.doFilter(SecurityContextHolderAwareRequestFilter.java:179)
	at org.springframework.security.web.FilterChainProxy$VirtualFilterChain.doFilter(FilterChainProxy.java:374)
	at org.springframework.security.web.savedrequest.RequestCacheAwareFilter.doFilter(RequestCacheAwareFilter.java:63)
	at org.springframework.security.web.FilterChainProxy$VirtualFilterChain.doFilter(FilterChainProxy.java:374)
	at org.springframework.security.web.authentication.AbstractAuthenticationProcessingFilter.doFilter(AbstractAuthenticationProcessingFilter.java:235)
	at org.springframework.security.web.authentication.AbstractAuthenticationProcessingFilter.doFilter(AbstractAuthenticationProcessingFilter.java:229)
	at org.springframework.security.web.FilterChainProxy$VirtualFilterChain.doFilter(FilterChainProxy.java:374)
	at com.aiatelye.leather.Securty.Filter.JwtTokenVeriflerFilter.doFilterInternal(JwtTokenVeriflerFilter.java:85)
	at org.springframework.web.filter.OncePerRequestFilter.doFilter(OncePerRequestFilter.java:116)
	at org.springframework.security.web.FilterChainProxy$VirtualFilterChain.doFilter(FilterChainProxy.java:374)
	at org.springframework.security.web.authentication.logout.LogoutFilter.doFilter(LogoutFilter.java:107)
	at org.springframework.security.web.authentication.logout.LogoutFilter.doFilter(LogoutFilter.java:93)
	at org.springframework.security.web.FilterChainProxy$VirtualFilterChain.doFilter(FilterChainProxy.java:374)
	at org.springframework.web.filter.CorsFilter.doFilterInternal(CorsFilter.java:91)
	at org.springframework.web.filter.OncePerRequestFilter.doFilter(OncePerRequestFilter.java:116)
	at org.springframework.security.web.FilterChainProxy$VirtualFilterChain.doFilter(FilterChainProxy.java:374)
	at org.springframework.security.web.header.HeaderWriterFilter.doHeadersAfter(HeaderWriterFilter.java:90)
	at org.springframework.security.web.header.HeaderWriterFilter.doFilterInternal(HeaderWriterFilter.java:75)
	at org.springframework.web.filter.OncePerRequestFilter.doFilter(OncePerRequestFilter.java:116)
	at org.springframework.security.web.FilterChainProxy$VirtualFilterChain.doFilter(FilterChainProxy.java:374)
	at org.springframework.security.web.context.SecurityContextHolderFilter.doFilter(SecurityContextHolderFilter.java:82)
	at org.springframework.security.web.context.SecurityContextHolderFilter.doFilter(SecurityContextHolderFilter.java:69)
	at org.springframework.security.web.FilterChainProxy$VirtualFilterChain.doFilter(FilterChainProxy.java:374)
	at org.springframework.security.web.context.request.async.WebAsyncManagerIntegrationFilter.doFilterInternal(WebAsyncManagerIntegrationFilter.java:62)
	at org.springframework.web.filter.OncePerRequestFilter.doFilter(OncePerRequestFilter.java:116)
	at org.springframework.security.web.FilterChainProxy$VirtualFilterChain.doFilter(FilterChainProxy.java:374)
	at org.springframework.security.web.session.DisableEncodeUrlFilter.doFilterInternal(DisableEncodeUrlFilter.java:42)
	at org.springframework.web.filter.OncePerRequestFilter.doFilter(OncePerRequestFilter.java:116)
	at org.springframework.security.web.FilterChainProxy$VirtualFilterChain.doFilter(FilterChainProxy.java:374)
	at org.springframework.security.web.FilterChainProxy.doFilterInternal(FilterChainProxy.java:233)
	at org.springframework.security.web.FilterChainProxy.doFilter(FilterChainProxy.java:191)
	at org.springframework.web.filter.CompositeFilter$VirtualFilterChain.doFilter(CompositeFilter.java:113)
	at org.springframework.web.filter.ServletRequestPathFilter.doFilter(ServletRequestPathFilter.java:52)
	at org.springframework.web.filter.CompositeFilter$VirtualFilterChain.doFilter(CompositeFilter.java:113)
	at org.springframework.web.filter.CompositeFilter.doFilter(CompositeFilter.java:74)
	at org.springframework.security.config.annotation.web.configuration.WebSecurityConfiguration$CompositeFilterChainProxy.doFilter(WebSecurityConfiguration.java:319)
	at org.springframework.web.filter.CompositeFilter$VirtualFilterChain.doFilter(CompositeFilter.java:113)
	at org.springframework.web.servlet.handler.HandlerMappingIntrospector.lambda$createCacheFilter$4(HandlerMappingIntrospector.java:267)
	at org.springframework.web.filter.CompositeFilter$VirtualFilterChain.doFilter(CompositeFilter.java:113)
	at org.springframework.web.filter.CompositeFilter.doFilter(CompositeFilter.java:74)
	at org.springframework.security.config.annotation.web.configuration.WebMvcSecurityConfiguration$CompositeFilterChainProxy.doFilter(WebMvcSecurityConfiguration.java:240)
	at org.springframework.web.filter.DelegatingFilterProxy.invokeDelegate(DelegatingFilterProxy.java:362)
	at org.springframework.web.filter.DelegatingFilterProxy.doFilter(DelegatingFilterProxy.java:278)
	at org.apache.catalina.core.ApplicationFilterChain.internalDoFilter(ApplicationFilterChain.java:162)
	at org.apache.catalina.core.ApplicationFilterChain.doFilter(ApplicationFilterChain.java:138)
	at org.springframework.web.filter.RequestContextFilter.doFilterInternal(RequestContextFilter.java:100)
	at org.springframework.web.filter.OncePerRequestFilter.doFilter(OncePerRequestFilter.java:116)
	at org.apache.catalina.core.ApplicationFilterChain.internalDoFilter(ApplicationFilterChain.java:162)
	at org.apache.catalina.core.ApplicationFilterChain.doFilter(ApplicationFilterChain.java:138)
	at org.springframework.web.filter.FormContentFilter.doFilterInternal(FormContentFilter.java:93)
	at org.springframework.web.filter.OncePerRequestFilter.doFilter(OncePerRequestFilter.java:116)
	at org.apache.catalina.core.ApplicationFilterChain.internalDoFilter(ApplicationFilterChain.java:162)
	at org.apache.catalina.core.ApplicationFilterChain.doFilter(ApplicationFilterChain.java:138)
	at org.springframework.web.filter.CharacterEncodingFilter.doFilterInternal(CharacterEncodingFilter.java:201)
	at org.springframework.web.filter.OncePerRequestFilter.doFilter(OncePerRequestFilter.java:116)
	at org.apache.catalina.core.ApplicationFilterChain.internalDoFilter(ApplicationFilterChain.java:162)
	at org.apache.catalina.core.ApplicationFilterChain.doFilter(ApplicationFilterChain.java:138)
	at org.apache.catalina.core.StandardWrapperValve.invoke(StandardWrapperValve.java:165)
	at org.apache.catalina.core.StandardContextValve.invoke(StandardContextValve.java:88)
	at org.apache.catalina.authenticator.AuthenticatorBase.invoke(AuthenticatorBase.java:482)
	at org.apache.catalina.core.StandardHostValve.invoke(StandardHostValve.java:113)
	at org.apache.catalina.valves.ErrorReportValve.invoke(ErrorReportValve.java:83)
	at org.apache.catalina.core.StandardEngineValve.invoke(StandardEngineValve.java:72)
	at org.apache.catalina.connector.CoyoteAdapter.service(CoyoteAdapter.java:342)
	at org.apache.coyote.http11.Http11Processor.service(Http11Processor.java:399)
	at org.apache.coyote.AbstractProcessorLight.process(AbstractProcessorLight.java:63)
	at org.apache.coyote.AbstractProtocol$ConnectionHandler.process(AbstractProtocol.java:903)
	at org.apache.tomcat.util.net.NioEndpoint$SocketProcessor.doRun(NioEndpoint.java:1774)
	at org.apache.tomcat.util.net.SocketProcessorBase.run(SocketProcessorBase.java:52)
	at org.apache.tomcat.util.threads.ThreadPoolExecutor.runWorker(ThreadPoolExecutor.java:973)
	at org.apache.tomcat.util.threads.ThreadPoolExecutor$Worker.run(ThreadPoolExecutor.java:491)
	at org.apache.tomcat.util.threads.TaskThread$WrappingRunnable.run(TaskThread.java:63)
	at java.base/java.lang.Thread.run(Thread.java:1583)
2026-08-09 21:56:56.430 [http-nio-8080-exec-8] ERROR o.a.c.c.C.[.[.[.[dispatcherServlet] - Servlet.service() for servlet [dispatcherServlet] in context with path [] threw exception [Request processing failed: com.aiatelye.leather.error.Exception.InvalidOrderStatusTransitionException: Invalid status transition from COMPLETED to CANCELLED] with root cause
com.aiatelye.leather.error.Exception.InvalidOrderStatusTransitionException: Invalid status transition from COMPLETED to CANCELLED
	at com.aiatelye.leather.service.Order.AdminOrderService.updateStatus(AdminOrderService.java:102)
	at java.base/jdk.internal.reflect.DirectMethodHandleAccessor.invoke(DirectMethodHandleAccessor.java:103)
	at java.base/java.lang.reflect.Method.invoke(Method.java:580)
	at org.springframework.aop.support.AopUtils.invokeJoinpointUsingReflection(AopUtils.java:360)
	at org.springframework.aop.framework.ReflectiveMethodInvocation.invokeJoinpoint(ReflectiveMethodInvocation.java:196)
	at org.springframework.aop.framework.ReflectiveMethodInvocation.proceed(ReflectiveMethodInvocation.java:163)
	at org.springframework.transaction.interceptor.TransactionAspectSupport.invokeWithinTransaction(TransactionAspectSupport.java:380)
	at org.springframework.transaction.interceptor.TransactionInterceptor.invoke(TransactionInterceptor.java:119)
	at org.springframework.aop.framework.ReflectiveMethodInvocation.proceed(ReflectiveMethodInvocation.java:184)
	at org.springframework.aop.framework.CglibAopProxy$DynamicAdvisedInterceptor.intercept(CglibAopProxy.java:728)
	at com.aiatelye.leather.service.Order.AdminOrderService$$SpringCGLIB$$0.updateStatus(<generated>)
	at com.aiatelye.leather.controller.admin.AdminOrderController.updateOrderStatus(AdminOrderController.java:54)
	at java.base/jdk.internal.reflect.DirectMethodHandleAccessor.invoke(DirectMethodHandleAccessor.java:103)
	at java.base/java.lang.reflect.Method.invoke(Method.java:580)
	at org.springframework.web.method.support.InvocableHandlerMethod.doInvoke(InvocableHandlerMethod.java:258)
	at org.springframework.web.method.support.InvocableHandlerMethod.invokeForRequest(InvocableHandlerMethod.java:191)
	at org.springframework.web.servlet.mvc.method.annotation.ServletInvocableHandlerMethod.invokeAndHandle(ServletInvocableHandlerMethod.java:118)
	at org.springframework.web.servlet.mvc.method.annotation.RequestMappingHandlerAdapter.invokeHandlerMethod(RequestMappingHandlerAdapter.java:991)
	at org.springframework.web.servlet.mvc.method.annotation.RequestMappingHandlerAdapter.handleInternal(RequestMappingHandlerAdapter.java:896)
	at org.springframework.web.servlet.mvc.method.AbstractHandlerMethodAdapter.handle(AbstractHandlerMethodAdapter.java:87)
	at org.springframework.web.servlet.DispatcherServlet.doDispatch(DispatcherServlet.java:1089)
	at org.springframework.web.servlet.DispatcherServlet.doService(DispatcherServlet.java:979)
	at org.springframework.web.servlet.FrameworkServlet.processRequest(FrameworkServlet.java:1014)
	at org.springframework.web.servlet.FrameworkServlet.doPut(FrameworkServlet.java:925)
	at jakarta.servlet.http.HttpServlet.service(HttpServlet.java:593)
	at org.springframework.web.servlet.FrameworkServlet.service(FrameworkServlet.java:885)
	at jakarta.servlet.http.HttpServlet.service(HttpServlet.java:658)
	at org.apache.catalina.core.ApplicationFilterChain.internalDoFilter(ApplicationFilterChain.java:193)
	at org.apache.catalina.core.ApplicationFilterChain.doFilter(ApplicationFilterChain.java:138)
	at org.apache.tomcat.websocket.server.WsFilter.doFilter(WsFilter.java:51)
	at org.apache.catalina.core.ApplicationFilterChain.internalDoFilter(ApplicationFilterChain.java:162)
	at org.apache.catalina.core.ApplicationFilterChain.doFilter(ApplicationFilterChain.java:138)
	at org.springframework.web.filter.CompositeFilter$VirtualFilterChain.doFilter(CompositeFilter.java:108)
	at org.springframework.web.filter.CompositeFilter$VirtualFilterChain.doFilter(CompositeFilter.java:108)
	at org.springframework.security.web.FilterChainProxy.lambda$doFilterInternal$3(FilterChainProxy.java:231)
	at org.springframework.security.web.FilterChainProxy$VirtualFilterChain.doFilter(FilterChainProxy.java:365)
	at org.springframework.security.web.access.intercept.AuthorizationFilter.doFilter(AuthorizationFilter.java:101)
	at org.springframework.security.web.FilterChainProxy$VirtualFilterChain.doFilter(FilterChainProxy.java:374)
	at org.springframework.security.web.access.ExceptionTranslationFilter.doFilter(ExceptionTranslationFilter.java:125)
	at org.springframework.security.web.access.ExceptionTranslationFilter.doFilter(ExceptionTranslationFilter.java:119)
	at org.springframework.security.web.FilterChainProxy$VirtualFilterChain.doFilter(FilterChainProxy.java:374)
	at org.springframework.security.web.session.SessionManagementFilter.doFilter(SessionManagementFilter.java:131)
	at org.springframework.security.web.session.SessionManagementFilter.doFilter(SessionManagementFilter.java:85)
	at org.springframework.security.web.FilterChainProxy$VirtualFilterChain.doFilter(FilterChainProxy.java:374)
	at org.springframework.security.web.authentication.AnonymousAuthenticationFilter.doFilter(AnonymousAuthenticationFilter.java:100)
	at org.springframework.security.web.FilterChainProxy$VirtualFilterChain.doFilter(FilterChainProxy.java:374)
	at org.springframework.security.web.servletapi.SecurityContextHolderAwareRequestFilter.doFilter(SecurityContextHolderAwareRequestFilter.java:179)
	at org.springframework.security.web.FilterChainProxy$VirtualFilterChain.doFilter(FilterChainProxy.java:374)
	at org.springframework.security.web.savedrequest.RequestCacheAwareFilter.doFilter(RequestCacheAwareFilter.java:63)
	at org.springframework.security.web.FilterChainProxy$VirtualFilterChain.doFilter(FilterChainProxy.java:374)
	at org.springframework.security.web.authentication.AbstractAuthenticationProcessingFilter.doFilter(AbstractAuthenticationProcessingFilter.java:235)
	at org.springframework.security.web.authentication.AbstractAuthenticationProcessingFilter.doFilter(AbstractAuthenticationProcessingFilter.java:229)
	at org.springframework.security.web.FilterChainProxy$VirtualFilterChain.doFilter(FilterChainProxy.java:374)
	at com.aiatelye.leather.Securty.Filter.JwtTokenVeriflerFilter.doFilterInternal(JwtTokenVeriflerFilter.java:85)
	at org.springframework.web.filter.OncePerRequestFilter.doFilter(OncePerRequestFilter.java:116)
	at org.springframework.security.web.FilterChainProxy$VirtualFilterChain.doFilter(FilterChainProxy.java:374)
	at org.springframework.security.web.authentication.logout.LogoutFilter.doFilter(LogoutFilter.java:107)
	at org.springframework.security.web.authentication.logout.LogoutFilter.doFilter(LogoutFilter.java:93)
	at org.springframework.security.web.FilterChainProxy$VirtualFilterChain.doFilter(FilterChainProxy.java:374)
	at org.springframework.web.filter.CorsFilter.doFilterInternal(CorsFilter.java:91)
	at org.springframework.web.filter.OncePerRequestFilter.doFilter(OncePerRequestFilter.java:116)
	at org.springframework.security.web.FilterChainProxy$VirtualFilterChain.doFilter(FilterChainProxy.java:374)
	at org.springframework.security.web.header.HeaderWriterFilter.doHeadersAfter(HeaderWriterFilter.java:90)
	at org.springframework.security.web.header.HeaderWriterFilter.doFilterInternal(HeaderWriterFilter.java:75)
	at org.springframework.web.filter.OncePerRequestFilter.doFilter(OncePerRequestFilter.java:116)
	at org.springframework.security.web.FilterChainProxy$VirtualFilterChain.doFilter(FilterChainProxy.java:374)
	at org.springframework.security.web.context.SecurityContextHolderFilter.doFilter(SecurityContextHolderFilter.java:82)
	at org.springframework.security.web.context.SecurityContextHolderFilter.doFilter(SecurityContextHolderFilter.java:69)
	at org.springframework.security.web.FilterChainProxy$VirtualFilterChain.doFilter(FilterChainProxy.java:374)
	at org.springframework.security.web.context.request.async.WebAsyncManagerIntegrationFilter.doFilterInternal(WebAsyncManagerIntegrationFilter.java:62)
	at org.springframework.web.filter.OncePerRequestFilter.doFilter(OncePerRequestFilter.java:116)
	at org.springframework.security.web.FilterChainProxy$VirtualFilterChain.doFilter(FilterChainProxy.java:374)
	at org.springframework.security.web.session.DisableEncodeUrlFilter.doFilterInternal(DisableEncodeUrlFilter.java:42)
	at org.springframework.web.filter.OncePerRequestFilter.doFilter(OncePerRequestFilter.java:116)
	at org.springframework.security.web.FilterChainProxy$VirtualFilterChain.doFilter(FilterChainProxy.java:374)
	at org.springframework.security.web.FilterChainProxy.doFilterInternal(FilterChainProxy.java:233)
	at org.springframework.security.web.FilterChainProxy.doFilter(FilterChainProxy.java:191)
	at org.springframework.web.filter.CompositeFilter$VirtualFilterChain.doFilter(CompositeFilter.java:113)
	at org.springframework.web.filter.ServletRequestPathFilter.doFilter(ServletRequestPathFilter.java:52)
	at org.springframework.web.filter.CompositeFilter$VirtualFilterChain.doFilter(CompositeFilter.java:113)
	at org.springframework.web.filter.CompositeFilter.doFilter(CompositeFilter.java:74)
	at org.springframework.security.config.annotation.web.configuration.WebSecurityConfiguration$CompositeFilterChainProxy.doFilter(WebSecurityConfiguration.java:319)
	at org.springframework.web.filter.CompositeFilter$VirtualFilterChain.doFilter(CompositeFilter.java:113)
	at org.springframework.web.servlet.handler.HandlerMappingIntrospector.lambda$createCacheFilter$4(HandlerMappingIntrospector.java:267)
	at org.springframework.web.filter.CompositeFilter$VirtualFilterChain.doFilter(CompositeFilter.java:113)
	at org.springframework.web.filter.CompositeFilter.doFilter(CompositeFilter.java:74)
	at org.springframework.security.config.annotation.web.configuration.WebMvcSecurityConfiguration$CompositeFilterChainProxy.doFilter(WebMvcSecurityConfiguration.java:240)
	at org.springframework.web.filter.DelegatingFilterProxy.invokeDelegate(DelegatingFilterProxy.java:362)
	at org.springframework.web.filter.DelegatingFilterProxy.doFilter(DelegatingFilterProxy.java:278)
	at org.apache.catalina.core.ApplicationFilterChain.internalDoFilter(ApplicationFilterChain.java:162)
	at org.apache.catalina.core.ApplicationFilterChain.doFilter(ApplicationFilterChain.java:138)
	at org.springframework.web.filter.RequestContextFilter.doFilterInternal(RequestContextFilter.java:100)
	at org.springframework.web.filter.OncePerRequestFilter.doFilter(OncePerRequestFilter.java:116)
	at org.apache.catalina.core.ApplicationFilterChain.internalDoFilter(ApplicationFilterChain.java:162)
	at org.apache.catalina.core.ApplicationFilterChain.doFilter(ApplicationFilterChain.java:138)
	at org.springframework.web.filter.FormContentFilter.doFilterInternal(FormContentFilter.java:93)
	at org.springframework.web.filter.OncePerRequestFilter.doFilter(OncePerRequestFilter.java:116)
	at org.apache.catalina.core.ApplicationFilterChain.internalDoFilter(ApplicationFilterChain.java:162)
	at org.apache.catalina.core.ApplicationFilterChain.doFilter(ApplicationFilterChain.java:138)
	at org.springframework.web.filter.CharacterEncodingFilter.doFilterInternal(CharacterEncodingFilter.java:201)
	at org.springframework.web.filter.OncePerRequestFilter.doFilter(OncePerRequestFilter.java:116)
	at org.apache.catalina.core.ApplicationFilterChain.internalDoFilter(ApplicationFilterChain.java:162)
	at org.apache.catalina.core.ApplicationFilterChain.doFilter(ApplicationFilterChain.java:138)
	at org.apache.catalina.core.StandardWrapperValve.invoke(StandardWrapperValve.java:165)
	at org.apache.catalina.core.StandardContextValve.invoke(StandardContextValve.java:88)
	at org.apache.catalina.authenticator.AuthenticatorBase.invoke(AuthenticatorBase.java:482)
	at org.apache.catalina.core.StandardHostValve.invoke(StandardHostValve.java:113)
	at org.apache.catalina.valves.ErrorReportValve.invoke(ErrorReportValve.java:83)
	at org.apache.catalina.core.StandardEngineValve.invoke(StandardEngineValve.java:72)
	at org.apache.catalina.connector.CoyoteAdapter.service(CoyoteAdapter.java:342)
	at org.apache.coyote.http11.Http11Processor.service(Http11Processor.java:399)
	at org.apache.coyote.AbstractProcessorLight.process(AbstractProcessorLight.java:63)
	at org.apache.coyote.AbstractProtocol$ConnectionHandler.process(AbstractProtocol.java:903)
	at org.apache.tomcat.util.net.NioEndpoint$SocketProcessor.doRun(NioEndpoint.java:1774)
	at org.apache.tomcat.util.net.SocketProcessorBase.run(SocketProcessorBase.java:52)
	at org.apache.tomcat.util.threads.ThreadPoolExecutor.runWorker(ThreadPoolExecutor.java:973)
	at org.apache.tomcat.util.threads.ThreadPoolExecutor$Worker.run(ThreadPoolExecutor.java:491)
	at org.apache.tomcat.util.threads.TaskThread$WrappingRunnable.run(TaskThread.java:63)
	at java.base/java.lang.Thread.run(Thread.java:1583)
2026-08-09 21:57:09.488 [http-nio-8080-exec-7] INFO  c.a.l.c.a.AdminPricingRuleController - GET /api/admin/pricing/rules
2026-08-09 21:57:09.639 [http-nio-8080-exec-7] INFO  c.a.l.s.pricing.PricingRuleService - Fetching pricing rules, activeOnly: false
2026-08-09 21:57:09.752 [http-nio-8080-exec-3] INFO  c.a.l.c.a.AdminPricingRuleController - GET /api/admin/pricing/rules
2026-08-09 21:57:09.752 [http-nio-8080-exec-3] INFO  c.a.l.s.pricing.PricingRuleService - Fetching pricing rules, activeOnly: false
2026-08-09 21:57:09.752 [http-nio-8080-exec-9] INFO  c.a.l.c.admin.AdminOrderController - GET /api/admin/orders - filter: OrderFilter(id=null, orderNumber=null, status=null, paymentStatus=null, customerEmail=null, customerName=null, from=null, to=null, minAmount=null, maxAmount=null), page: Page request [number: 0, size 10, sort: createdAt: DESC]
2026-08-09 21:57:09.816 [http-nio-8080-exec-9] INFO  c.a.l.s.Order.AdminOrderService - Admin fetching orders with filter: OrderFilter(id=null, orderNumber=null, status=null, paymentStatus=null, customerEmail=null, customerName=null, from=null, to=null, minAmount=null, maxAmount=null), pagination: Page request [number: 0, size 10, sort: createdAt: DESC]
2026-08-09 21:57:10.148 [http-nio-8080-exec-1] INFO  c.a.l.c.admin.AdminOrderController - GET /api/admin/orders - filter: OrderFilter(id=null, orderNumber=null, status=null, paymentStatus=null, customerEmail=null, customerName=null, from=null, to=null, minAmount=null, maxAmount=null), page: Page request [number: 0, size 10, sort: createdAt: DESC]
2026-08-09 21:57:10.148 [http-nio-8080-exec-1] INFO  c.a.l.s.Order.AdminOrderService - Admin fetching orders with filter: OrderFilter(id=null, orderNumber=null, status=null, paymentStatus=null, customerEmail=null, customerName=null, from=null, to=null, minAmount=null, maxAmount=null), pagination: Page request [number: 0, size 10, sort: createdAt: DESC]
2026-08-09 21:57:14.064 [http-nio-8080-exec-5] INFO  c.a.l.c.admin.AdminOrderController - GET /api/admin/orders/5 - Admin sifariş detalı sorğulayır
2026-08-09 21:57:14.073 [http-nio-8080-exec-5] INFO  c.a.l.s.Order.AdminOrderService - Admin fetching order detail: 5
2026-08-09 21:57:14.108 [http-nio-8080-exec-6] INFO  c.a.l.c.admin.AdminOrderController - GET /api/admin/orders/5 - Admin sifariş detalı sorğulayır
2026-08-09 21:57:14.108 [http-nio-8080-exec-6] INFO  c.a.l.s.Order.AdminOrderService - Admin fetching order detail: 5
2026-08-09 21:57:16.047 [http-nio-8080-exec-2] INFO  c.a.l.c.admin.AdminOrderController - GET /api/admin/orders - filter: OrderFilter(id=null, orderNumber=null, status=null, paymentStatus=null, customerEmail=null, customerName=null, from=null, to=null, minAmount=null, maxAmount=null), page: Page request [number: 0, size 10, sort: createdAt: DESC]
2026-08-09 21:57:16.056 [http-nio-8080-exec-2] INFO  c.a.l.s.Order.AdminOrderService - Admin fetching orders with filter: OrderFilter(id=null, orderNumber=null, status=null, paymentStatus=null, customerEmail=null, customerName=null, from=null, to=null, minAmount=null, maxAmount=null), pagination: Page request [number: 0, size 10, sort: createdAt: DESC]
2026-08-09 21:57:16.113 [http-nio-8080-exec-8] INFO  c.a.l.c.admin.AdminOrderController - GET /api/admin/orders - filter: OrderFilter(id=null, orderNumber=null, status=null, paymentStatus=null, customerEmail=null, customerName=null, from=null, to=null, minAmount=null, maxAmount=null), page: Page request [number: 0, size 10, sort: createdAt: DESC]
2026-08-09 21:57:16.113 [http-nio-8080-exec-8] INFO  c.a.l.s.Order.AdminOrderService - Admin fetching orders with filter: OrderFilter(id=null, orderNumber=null, status=null, paymentStatus=null, customerEmail=null, customerName=null, from=null, to=null, minAmount=null, maxAmount=null), pagination: Page request [number: 0, size 10, sort: createdAt: DESC]
2026-08-09 21:57:22.343 [http-nio-8080-exec-7] INFO  c.a.l.c.admin.AdminOrderController - GET /api/admin/orders/5 - Admin sifariş detalı sorğulayır
2026-08-09 21:57:22.348 [http-nio-8080-exec-7] INFO  c.a.l.s.Order.AdminOrderService - Admin fetching order detail: 5
2026-08-09 21:57:22.382 [http-nio-8080-exec-3] INFO  c.a.l.c.admin.AdminOrderController - GET /api/admin/orders/5 - Admin sifariş detalı sorğulayır
2026-08-09 21:57:22.382 [http-nio-8080-exec-3] INFO  c.a.l.s.Order.AdminOrderService - Admin fetching order detail: 5
2026-08-09 21:57:28.273 [http-nio-8080-exec-9] INFO  c.a.l.c.admin.AdminOrderController - GET /api/admin/orders - filter: OrderFilter(id=null, orderNumber=null, status=null, paymentStatus=null, customerEmail=null, customerName=null, from=null, to=null, minAmount=null, maxAmount=null), page: Page request [number: 0, size 10, sort: createdAt: DESC]
2026-08-09 21:57:28.283 [http-nio-8080-exec-9] INFO  c.a.l.s.Order.AdminOrderService - Admin fetching orders with filter: OrderFilter(id=null, orderNumber=null, status=null, paymentStatus=null, customerEmail=null, customerName=null, from=null, to=null, minAmount=null, maxAmount=null), pagination: Page request [number: 0, size 10, sort: createdAt: DESC]
2026-08-09 21:57:28.333 [http-nio-8080-exec-1] INFO  c.a.l.c.admin.AdminOrderController - GET /api/admin/orders - filter: OrderFilter(id=null, orderNumber=null, status=null, paymentStatus=null, customerEmail=null, customerName=null, from=null, to=null, minAmount=null, maxAmount=null), page: Page request [number: 0, size 10, sort: createdAt: DESC]
2026-08-09 21:57:28.338 [http-nio-8080-exec-1] INFO  c.a.l.s.Order.AdminOrderService - Admin fetching orders with filter: OrderFilter(id=null, orderNumber=null, status=null, paymentStatus=null, customerEmail=null, customerName=null, from=null, to=null, minAmount=null, maxAmount=null), pagination: Page request [number: 0, size 10, sort: createdAt: DESC]
2026-08-09 21:58:05.350 [http-nio-8080-exec-10] INFO  c.a.l.c.admin.AdminOrderController - GET /api/admin/orders - filter: OrderFilter(id=null, orderNumber=null, status=null, paymentStatus=null, customerEmail=null, customerName=null, from=null, to=null, minAmount=null, maxAmount=null), page: Page request [number: 0, size 10, sort: createdAt: DESC]
2026-08-09 21:58:05.357 [http-nio-8080-exec-10] INFO  c.a.l.s.Order.AdminOrderService - Admin fetching orders with filter: OrderFilter(id=null, orderNumber=null, status=null, paymentStatus=null, customerEmail=null, customerName=null, from=null, to=null, minAmount=null, maxAmount=null), pagination: Page request [number: 0, size 10, sort: createdAt: DESC]
2026-08-09 21:58:14.299 [http-nio-8080-exec-6] INFO  c.a.l.c.admin.AdminOrderController - GET /api/admin/orders - filter: OrderFilter(id=null, orderNumber=null, status=null, paymentStatus=null, customerEmail=null, customerName=null, from=null, to=null, minAmount=null, maxAmount=null), page: Page request [number: 0, size 10, sort: createdAt: DESC]
2026-08-09 21:58:14.314 [http-nio-8080-exec-6] INFO  c.a.l.s.Order.AdminOrderService - Admin fetching orders with filter: OrderFilter(id=null, orderNumber=null, status=null, paymentStatus=null, customerEmail=null, customerName=null, from=null, to=null, minAmount=null, maxAmount=null), pagination: Page request [number: 0, size 10, sort: createdAt: DESC]
2026-08-09 21:58:55.984 [http-nio-8080-exec-3] INFO  c.a.l.c.a.AdminProductsController - GET /api/admin/products - filter: ProductModelFilter(id=null, modelname=null, modelType=null, availabilityStatus=null, isActive=null, from=null, to=null), page: Page request [number: 0, size 10, sort: createdAt: DESC]
2026-08-09 21:58:55.988 [http-nio-8080-exec-3] INFO  c.a.l.s.c.AdminProductModelService - Admin fetching ALL product models (including inactive/draft) with filter: ProductModelFilter(id=null, modelname=null, modelType=null, availabilityStatus=null, isActive=null, from=null, to=null)
2026-08-09 21:58:56.073 [http-nio-8080-exec-9] INFO  c.a.l.c.a.AdminProductsController - GET /api/admin/products - filter: ProductModelFilter(id=null, modelname=null, modelType=null, availabilityStatus=null, isActive=null, from=null, to=null), page: Page request [number: 0, size 10, sort: createdAt: DESC]
2026-08-09 21:58:56.075 [http-nio-8080-exec-9] INFO  c.a.l.s.c.AdminProductModelService - Admin fetching ALL product models (including inactive/draft) with filter: ProductModelFilter(id=null, modelname=null, modelType=null, availabilityStatus=null, isActive=null, from=null, to=null)
2026-08-09 21:58:59.066 [http-nio-8080-exec-4] INFO  c.a.l.c.a.AdminLeathersController - GET /api/admin/leathers - filter: LeatherFilter(id=null, leathername=null, origin=null, color=null, gradeType=null, availabilityStatus=null, isActive=null, from=null, to=null), page: Page request [number: 0, size 10, sort: createdAt: DESC]
2026-08-09 21:58:59.088 [http-nio-8080-exec-4] INFO  c.a.l.s.admin.AdminLeatherService - Admin fetching ALL leathers (including inactive/draft) with filter: LeatherFilter(id=null, leathername=null, origin=null, color=null, gradeType=null, availabilityStatus=null, isActive=null, from=null, to=null)
2026-08-09 21:58:59.754 [http-nio-8080-exec-10] INFO  c.a.l.c.a.AdminProductsController - GET /api/admin/products - filter: ProductModelFilter(id=null, modelname=null, modelType=null, availabilityStatus=null, isActive=null, from=null, to=null), page: Page request [number: 0, size 12, sort: createdAt: DESC]
2026-08-09 21:58:59.766 [http-nio-8080-exec-10] INFO  c.a.l.s.c.AdminProductModelService - Admin fetching ALL product models (including inactive/draft) with filter: ProductModelFilter(id=null, modelname=null, modelType=null, availabilityStatus=null, isActive=null, from=null, to=null)
2026-08-09 21:59:01.138 [http-nio-8080-exec-2] INFO  c.a.l.c.a.AdminProductsController - GET /api/admin/products/14
2026-08-09 21:59:01.179 [http-nio-8080-exec-8] INFO  c.a.l.c.a.AdminProductsController - GET /api/admin/products/14
2026-08-09 21:59:01.194 [http-nio-8080-exec-3] INFO  c.a.l.c.a.AdminProductPriceController - GET /api/admin/products/14/calculated-prices
2026-08-09 21:59:01.199 [http-nio-8080-exec-3] INFO  c.a.l.s.pricing.ProductPriceService - Admin fetching calculated prices for product: 14
2026-08-09 21:59:01.269 [http-nio-8080-exec-9] INFO  c.a.l.c.a.AdminProductPriceController - GET /api/admin/products/14/calculated-prices
2026-08-09 21:59:01.269 [http-nio-8080-exec-9] INFO  c.a.l.s.pricing.ProductPriceService - Admin fetching calculated prices for product: 14
2026-08-09 21:59:14.631 [http-nio-8080-exec-2] INFO  c.a.l.s.D.DeliveryCountryConfigService - Country KP status changed to false by unknown
2026-08-09 21:59:16.622 [http-nio-8080-exec-7] INFO  c.a.l.s.D.DeliveryCountryConfigService - Country KP status changed to true by unknown
2026-08-09 21:59:20.815 [http-nio-8080-exec-3] INFO  c.a.l.s.D.DeliveryCountryConfigService - Country KI status changed to false by unknown
2026-08-09 21:59:22.953 [http-nio-8080-exec-9] INFO  c.a.l.s.D.DeliveryCountryConfigService - Country KI status changed to true by unknown
2026-08-09 22:42:35.926 [HikariPool-1:housekeeper] WARN  com.zaxxer.hikari.pool.HikariPool - HikariPool-1 - Thread starvation or clock leap detected (housekeeper delta=27m59s892ms753µs900ns).
2026-08-09 22:43:06.350 [http-nio-8080-exec-8] INFO  c.a.l.c.a.AdminPricingRuleController - GET /api/admin/pricing/rules
2026-08-09 22:43:06.370 [http-nio-8080-exec-8] INFO  c.a.l.s.pricing.PricingRuleService - Fetching pricing rules, activeOnly: false
2026-08-09 22:43:06.546 [http-nio-8080-exec-3] INFO  c.a.l.c.a.AdminPricingRuleController - GET /api/admin/pricing/rules
2026-08-09 22:43:06.546 [http-nio-8080-exec-3] INFO  c.a.l.s.pricing.PricingRuleService - Fetching pricing rules, activeOnly: false
2026-08-09 22:43:16.098 [http-nio-8080-exec-1] INFO  c.a.l.c.catalog.ProductController - GET /api/products - page: 0, filter: ProductFilterRequest(modelType=null, search=, page=0, size=12)
2026-08-09 22:43:16.150 [http-nio-8080-exec-1] INFO  c.a.l.s.c.ProductCatalogService - Fetching product catalog - page: 0, currency: USD
2026-08-09 22:43:16.821 [http-nio-8080-exec-1] INFO  c.a.l.cache.PriceCacheRepository - Price cached: price:product:13:grade:1:AZN
2026-08-09 22:43:16.891 [http-nio-8080-exec-1] INFO  c.a.l.cache.PriceCacheRepository - Price cached: price:product:8:grade:3:AZN
2026-08-09 22:43:16.954 [http-nio-8080-exec-1] INFO  c.a.l.cache.PriceCacheRepository - Price cached: price:product:5:grade:2:AZN
2026-08-09 22:43:17.001 [http-nio-8080-exec-1] INFO  c.a.l.cache.PriceCacheRepository - Price cached: price:product:1:grade:1:AZN
2026-08-09 22:43:17.072 [http-nio-8080-exec-1] INFO  c.a.l.c.ProductCatalogCacheRepository - Initial page cached for USD: 6 products
2026-08-09 22:44:03.638 [http-nio-8080-exec-8] INFO  c.a.l.c.catalog.ProductController - GET /api/products/1 - Product detail requested
2026-08-09 22:44:03.639 [http-nio-8080-exec-7] INFO  c.a.l.c.catalog.ProductController - GET /api/products/1/available-leathers
2026-08-09 22:44:03.896 [http-nio-8080-exec-7] INFO  c.a.l.s.c.ProductCatalogService - Fetching available leathers for product: 1
2026-08-09 22:44:03.933 [http-nio-8080-exec-8] INFO  c.a.l.c.ProductCatalogCacheRepository - Product detail cache hit: product:detail:1:USD
2026-08-09 22:44:03.933 [http-nio-8080-exec-8] INFO  c.a.l.s.c.ProductCatalogService - Cache hit: Returning product 1 for USD
2026-08-09 22:44:03.988 [http-nio-8080-exec-3] INFO  c.a.l.c.catalog.ProductController - GET /api/products/1 - Product detail requested
2026-08-09 22:44:04.005 [http-nio-8080-exec-3] INFO  c.a.l.c.ProductCatalogCacheRepository - Product detail cache hit: product:detail:1:USD
2026-08-09 22:44:04.005 [http-nio-8080-exec-3] INFO  c.a.l.s.c.ProductCatalogService - Cache hit: Returning product 1 for USD
2026-08-09 22:44:04.089 [http-nio-8080-exec-7] INFO  c.a.l.cache.LeatherCacheRepository - Cached 4 leathers for product: 1
2026-08-09 22:44:04.089 [http-nio-8080-exec-7] INFO  c.a.l.s.c.ProductCatalogService - Found and cached 4 leathers for product: 1
2026-08-09 22:44:04.121 [http-nio-8080-exec-9] INFO  c.a.l.c.catalog.ProductController - GET /api/products/1/available-leathers
2026-08-09 22:44:04.121 [http-nio-8080-exec-9] INFO  c.a.l.s.c.ProductCatalogService - Fetching available leathers for product: 1
2026-08-09 22:44:04.146 [http-nio-8080-exec-9] INFO  c.a.l.cache.LeatherCacheRepository - Cache hit for leathers: 1
2026-08-09 22:44:04.151 [http-nio-8080-exec-9] INFO  c.a.l.s.c.ProductCatalogService - Returning cached leathers for product: 1
2026-08-09 22:44:29.421 [http-nio-8080-exec-4] INFO  c.a.l.c.catalog.ProductController - GET /api/products - page: 0, filter: ProductFilterRequest(modelType=null, search=, page=0, size=12)
2026-08-09 22:44:29.423 [http-nio-8080-exec-4] INFO  c.a.l.s.c.ProductCatalogService - Fetching product catalog - page: 0, currency: USD
2026-08-09 22:44:29.527 [http-nio-8080-exec-4] INFO  c.a.l.c.ProductCatalogCacheRepository - Initial page cache hit for USD
2026-08-09 22:44:31.368 [http-nio-8080-exec-6] INFO  c.a.l.c.a.AdminPricingRuleController - GET /api/admin/pricing/rules
2026-08-09 22:44:31.405 [http-nio-8080-exec-6] INFO  c.a.l.s.pricing.PricingRuleService - Fetching pricing rules, activeOnly: false
2026-08-09 22:44:31.424 [http-nio-8080-exec-5] INFO  c.a.l.c.a.AdminPricingRuleController - GET /api/admin/pricing/rules
2026-08-09 22:44:31.424 [http-nio-8080-exec-5] INFO  c.a.l.s.pricing.PricingRuleService - Fetching pricing rules, activeOnly: false
2026-08-09 22:44:31.501 [http-nio-8080-exec-2] INFO  c.a.l.c.catalog.LeatherController - GET /api/leathers - filter: LeatherFilterRequest(color=null, origin=null, gradeType=null, page=0, size=50)
2026-08-09 22:44:31.645 [http-nio-8080-exec-2] INFO  c.a.l.s.c.LeatherCatalogService - Fetching leathers with filter: LeatherFilterRequest(color=null, origin=null, gradeType=null, page=0, size=50)
2026-08-09 22:44:31.825 [http-nio-8080-exec-2] INFO  c.a.l.c.LeatherCatalogCacheRepository - Leather list cached: leathers:list:-1285416601:0
2026-08-09 22:44:31.839 [http-nio-8080-exec-8] INFO  c.a.l.c.catalog.LeatherController - GET /api/leathers - filter: LeatherFilterRequest(color=null, origin=null, gradeType=null, page=0, size=50)
2026-08-09 22:44:31.847 [http-nio-8080-exec-8] INFO  c.a.l.s.c.LeatherCatalogService - Fetching leathers with filter: LeatherFilterRequest(color=null, origin=null, gradeType=null, page=0, size=50)
2026-08-09 22:44:31.855 [http-nio-8080-exec-8] INFO  c.a.l.c.LeatherCatalogCacheRepository - Leather list cache hit: leathers:list:-1285416601:0
2026-08-09 22:44:31.855 [http-nio-8080-exec-8] INFO  c.a.l.s.c.LeatherCatalogService - Leather list has been cached
2026-08-09 22:44:39.547 [http-nio-8080-exec-3] INFO  c.a.l.c.a.AdminPricingRuleController - GET /api/admin/pricing/rules
2026-08-09 22:44:39.564 [http-nio-8080-exec-3] INFO  c.a.l.s.pricing.PricingRuleService - Fetching pricing rules, activeOnly: false
2026-08-09 22:44:39.606 [http-nio-8080-exec-7] INFO  c.a.l.c.a.AdminPricingRuleController - GET /api/admin/pricing/rules
2026-08-09 22:44:39.619 [http-nio-8080-exec-7] INFO  c.a.l.s.pricing.PricingRuleService - Fetching pricing rules, activeOnly: false
2026-08-09 22:44:39.908 [http-nio-8080-exec-9] INFO  c.a.l.c.catalog.ProductController - GET /api/products - page: 0, filter: ProductFilterRequest(modelType=null, search=, page=0, size=12)
2026-08-09 22:44:39.908 [http-nio-8080-exec-9] INFO  c.a.l.s.c.ProductCatalogService - Fetching product catalog - page: 0, currency: USD
2026-08-09 22:44:39.967 [http-nio-8080-exec-9] INFO  c.a.l.c.ProductCatalogCacheRepository - Initial page cache hit for USD
2026-08-09 22:47:02.687 [http-nio-8080-exec-5] INFO  c.a.l.c.a.AdminPricingRuleController - GET /api/admin/pricing/rules
2026-08-09 22:47:03.205 [http-nio-8080-exec-5] INFO  c.a.l.s.pricing.PricingRuleService - Fetching pricing rules, activeOnly: false
2026-08-09 22:47:03.720 [http-nio-8080-exec-8] INFO  c.a.l.c.a.AdminPricingRuleController - GET /api/admin/pricing/rules
2026-08-09 22:47:04.361 [http-nio-8080-exec-2] INFO  c.a.l.c.catalog.ProductController - GET /api/products - page: 0, filter: ProductFilterRequest(modelType=null, search=, page=0, size=12)
2026-08-09 22:47:04.428 [http-nio-8080-exec-2] INFO  c.a.l.s.c.ProductCatalogService - Fetching product catalog - page: 0, currency: USD
2026-08-09 22:47:04.477 [http-nio-8080-exec-8] INFO  c.a.l.s.pricing.PricingRuleService - Fetching pricing rules, activeOnly: false
2026-08-09 22:47:04.509 [http-nio-8080-exec-2] INFO  c.a.l.c.ProductCatalogCacheRepository - Initial page cache hit for USD
2026-08-09 22:50:07.403 [http-nio-8080-exec-9] INFO  c.a.l.c.a.AdminPricingRuleController - GET /api/admin/pricing/rules
2026-08-09 22:50:07.418 [http-nio-8080-exec-9] INFO  c.a.l.s.pricing.PricingRuleService - Fetching pricing rules, activeOnly: false
2026-08-09 22:50:07.582 [http-nio-8080-exec-4] INFO  c.a.l.c.a.AdminPricingRuleController - GET /api/admin/pricing/rules
2026-08-09 22:50:07.607 [http-nio-8080-exec-4] INFO  c.a.l.s.pricing.PricingRuleService - Fetching pricing rules, activeOnly: false
2026-08-09 22:50:08.386 [http-nio-8080-exec-1] INFO  c.a.l.c.catalog.ProductController - GET /api/products - page: 0, filter: ProductFilterRequest(modelType=null, search=, page=0, size=12)
2026-08-09 22:50:08.410 [http-nio-8080-exec-1] INFO  c.a.l.s.c.ProductCatalogService - Fetching product catalog - page: 0, currency: USD
2026-08-09 22:50:08.603 [http-nio-8080-exec-1] INFO  c.a.l.c.ProductCatalogCacheRepository - Initial page cache hit for USD
2026-08-09 22:52:01.911 [http-nio-8080-exec-6] INFO  c.a.l.c.a.AdminPricingRuleController - GET /api/admin/pricing/rules
2026-08-09 22:52:02.908 [http-nio-8080-exec-5] INFO  c.a.l.c.catalog.ProductController - GET /api/products - page: 0, filter: ProductFilterRequest(modelType=null, search=, page=0, size=12)
2026-08-09 22:52:03.363 [http-nio-8080-exec-5] INFO  c.a.l.s.c.ProductCatalogService - Fetching product catalog - page: 0, currency: USD
2026-08-09 22:52:03.450 [http-nio-8080-exec-6] INFO  c.a.l.s.pricing.PricingRuleService - Fetching pricing rules, activeOnly: false
2026-08-09 22:52:03.469 [http-nio-8080-exec-5] INFO  c.a.l.c.ProductCatalogCacheRepository - Initial page cache hit for USD
2026-08-09 22:52:03.958 [http-nio-8080-exec-2] INFO  c.a.l.c.a.AdminPricingRuleController - GET /api/admin/pricing/rules
2026-08-09 22:52:03.958 [http-nio-8080-exec-2] INFO  c.a.l.s.pricing.PricingRuleService - Fetching pricing rules, activeOnly: false
2026-08-09 22:52:11.370 [http-nio-8080-exec-8] INFO  c.a.l.c.a.AdminPricingRuleController - GET /api/admin/pricing/rules
2026-08-09 22:52:11.425 [http-nio-8080-exec-8] INFO  c.a.l.s.pricing.PricingRuleService - Fetching pricing rules, activeOnly: false
2026-08-09 22:52:11.577 [http-nio-8080-exec-7] INFO  c.a.l.c.a.AdminPricingRuleController - GET /api/admin/pricing/rules
2026-08-09 22:52:11.624 [http-nio-8080-exec-7] INFO  c.a.l.s.pricing.PricingRuleService - Fetching pricing rules, activeOnly: false
2026-08-09 22:52:12.983 [http-nio-8080-exec-3] INFO  c.a.l.c.catalog.ProductController - GET /api/products - page: 0, filter: ProductFilterRequest(modelType=null, search=, page=0, size=12)
2026-08-09 22:52:13.452 [http-nio-8080-exec-3] INFO  c.a.l.s.c.ProductCatalogService - Fetching product catalog - page: 0, currency: USD
2026-08-09 22:52:13.651 [http-nio-8080-exec-3] INFO  c.a.l.c.ProductCatalogCacheRepository - Initial page cache hit for USD
2026-08-09 22:53:30.713 [http-nio-8080-exec-1] INFO  c.a.l.c.a.AdminPricingRuleController - GET /api/admin/pricing/rules
2026-08-09 22:53:30.912 [http-nio-8080-exec-1] INFO  c.a.l.s.pricing.PricingRuleService - Fetching pricing rules, activeOnly: false
2026-08-09 22:53:31.122 [http-nio-8080-exec-10] INFO  c.a.l.c.a.AdminPricingRuleController - GET /api/admin/pricing/rules
2026-08-09 22:53:31.122 [http-nio-8080-exec-10] INFO  c.a.l.s.pricing.PricingRuleService - Fetching pricing rules, activeOnly: false
2026-08-09 22:53:31.606 [http-nio-8080-exec-5] INFO  c.a.l.c.catalog.ProductController - GET /api/products - page: 0, filter: ProductFilterRequest(modelType=null, search=, page=0, size=12)
2026-08-09 22:53:31.678 [http-nio-8080-exec-5] INFO  c.a.l.s.c.ProductCatalogService - Fetching product catalog - page: 0, currency: USD
2026-08-09 22:53:31.841 [http-nio-8080-exec-5] INFO  c.a.l.c.ProductCatalogCacheRepository - Initial page cache hit for USD
2026-08-09 22:55:41.056 [http-nio-8080-exec-8] INFO  c.a.l.c.order.CartController - POST /api/cart/preview - 3 items, currency: USD
2026-08-09 22:55:41.095 [http-nio-8080-exec-8] INFO  c.a.l.s.Order.CartPreviewService - Cart preview requested with 3 items, currency: USD
2026-08-09 22:55:42.047 [http-nio-8080-exec-8] INFO  c.a.l.cache.PriceCacheRepository - Price cached: price:product:1:grade:3:AZN
2026-08-09 22:55:42.073 [http-nio-8080-exec-8] INFO  c.a.l.cache.PriceCacheRepository - Price cached: price:product:13:grade:1:AZN
2026-08-09 22:55:42.097 [http-nio-8080-exec-8] INFO  c.a.l.cache.PriceCacheRepository - Price cached: price:product:8:grade:3:AZN
2026-08-09 22:55:43.070 [http-nio-8080-exec-3] INFO  c.a.l.c.order.CartController - POST /api/cart/preview - 3 items, currency: AZN
2026-08-09 22:55:43.076 [http-nio-8080-exec-4] INFO  c.a.l.c.order.CartController - POST /api/cart/preview - 3 items, currency: AZN
2026-08-09 22:55:43.156 [http-nio-8080-exec-3] INFO  c.a.l.s.Order.CartPreviewService - Cart preview requested with 3 items, currency: AZN
2026-08-09 22:55:43.158 [http-nio-8080-exec-4] INFO  c.a.l.s.Order.CartPreviewService - Cart preview requested with 3 items, currency: AZN
2026-08-09 22:55:43.220 [http-nio-8080-exec-3] INFO  c.a.l.cache.PriceCacheRepository - Price cache hit: price:product:1:grade:3:AZN
2026-08-09 22:55:43.242 [http-nio-8080-exec-3] INFO  c.a.l.cache.PriceCacheRepository - Price cache hit: price:product:13:grade:1:AZN
2026-08-09 22:55:43.247 [http-nio-8080-exec-3] INFO  c.a.l.cache.PriceCacheRepository - Price cache hit: price:product:8:grade:3:AZN
2026-08-09 22:55:43.250 [http-nio-8080-exec-3] WARN  c.a.l.s.Order.CartPreviewService - Price mismatch for product 8: seen=100, current=150.00
2026-08-09 22:55:43.251 [http-nio-8080-exec-3] WARN  c.a.l.s.Order.CartPreviewService - Price mismatch for product 1: seen=26, current=100.00
2026-08-09 22:55:43.251 [http-nio-8080-exec-3] WARN  c.a.l.s.Order.CartPreviewService - Price mismatch for product 13: seen=39, current=150.00
2026-08-09 22:55:43.674 [http-nio-8080-exec-4] INFO  c.a.l.cache.PriceCacheRepository - Price cache hit: price:product:1:grade:3:AZN
2026-08-09 22:55:43.683 [http-nio-8080-exec-4] INFO  c.a.l.cache.PriceCacheRepository - Price cache hit: price:product:13:grade:1:AZN
2026-08-09 22:55:43.686 [http-nio-8080-exec-4] INFO  c.a.l.cache.PriceCacheRepository - Price cache hit: price:product:8:grade:3:AZN
2026-08-09 22:55:43.686 [http-nio-8080-exec-4] WARN  c.a.l.s.Order.CartPreviewService - Price mismatch for product 8: seen=100, current=150.00
2026-08-09 22:55:43.686 [http-nio-8080-exec-4] WARN  c.a.l.s.Order.CartPreviewService - Price mismatch for product 1: seen=26, current=100.00
2026-08-09 22:55:43.686 [http-nio-8080-exec-4] WARN  c.a.l.s.Order.CartPreviewService - Price mismatch for product 13: seen=39, current=150.00
2026-08-09 22:55:48.712 [http-nio-8080-exec-5] INFO  c.a.l.c.order.CartController - POST /api/cart/preview - 3 items, currency: USD
2026-08-09 22:55:48.758 [http-nio-8080-exec-5] INFO  c.a.l.s.Order.CartPreviewService - Cart preview requested with 3 items, currency: USD
2026-08-09 22:55:48.844 [http-nio-8080-exec-5] INFO  c.a.l.cache.PriceCacheRepository - Price cached: price:product:1:grade:3:AZN
2026-08-09 22:55:48.874 [http-nio-8080-exec-5] INFO  c.a.l.cache.PriceCacheRepository - Price cached: price:product:13:grade:1:AZN
2026-08-09 22:55:48.909 [http-nio-8080-exec-5] INFO  c.a.l.cache.PriceCacheRepository - Price cached: price:product:8:grade:3:AZN
2026-08-09 22:56:07.508 [http-nio-8080-exec-8] INFO  c.a.l.c.order.CartController - POST /api/cart/preview - 3 items, currency: AZN
2026-08-09 22:56:07.520 [http-nio-8080-exec-7] INFO  c.a.l.c.order.CartController - POST /api/cart/preview - 3 items, currency: AZN
2026-08-09 22:56:07.526 [http-nio-8080-exec-7] INFO  c.a.l.s.Order.CartPreviewService - Cart preview requested with 3 items, currency: AZN
2026-08-09 22:56:07.549 [http-nio-8080-exec-8] INFO  c.a.l.s.Order.CartPreviewService - Cart preview requested with 3 items, currency: AZN
2026-08-09 22:56:07.644 [http-nio-8080-exec-7] INFO  c.a.l.cache.PriceCacheRepository - Price cache hit: price:product:1:grade:3:AZN
2026-08-09 22:56:07.652 [http-nio-8080-exec-7] INFO  c.a.l.cache.PriceCacheRepository - Price cache hit: price:product:13:grade:1:AZN
2026-08-09 22:56:07.666 [http-nio-8080-exec-7] INFO  c.a.l.cache.PriceCacheRepository - Price cache hit: price:product:8:grade:3:AZN
2026-08-09 22:56:07.666 [http-nio-8080-exec-7] WARN  c.a.l.s.Order.CartPreviewService - Price mismatch for product 8: seen=100, current=150.00
2026-08-09 22:56:07.666 [http-nio-8080-exec-7] WARN  c.a.l.s.Order.CartPreviewService - Price mismatch for product 1: seen=26, current=100.00
2026-08-09 22:56:07.666 [http-nio-8080-exec-7] WARN  c.a.l.s.Order.CartPreviewService - Price mismatch for product 13: seen=39, current=150.00
2026-08-09 22:56:07.666 [http-nio-8080-exec-8] INFO  c.a.l.cache.PriceCacheRepository - Price cache hit: price:product:1:grade:3:AZN
2026-08-09 22:56:07.681 [http-nio-8080-exec-8] INFO  c.a.l.cache.PriceCacheRepository - Price cache hit: price:product:13:grade:1:AZN
2026-08-09 22:56:07.692 [http-nio-8080-exec-8] INFO  c.a.l.cache.PriceCacheRepository - Price cache hit: price:product:8:grade:3:AZN
2026-08-09 22:56:07.692 [http-nio-8080-exec-8] WARN  c.a.l.s.Order.CartPreviewService - Price mismatch for product 8: seen=100, current=150.00
2026-08-09 22:56:07.692 [http-nio-8080-exec-8] WARN  c.a.l.s.Order.CartPreviewService - Price mismatch for product 1: seen=26, current=100.00
2026-08-09 22:56:07.692 [http-nio-8080-exec-8] WARN  c.a.l.s.Order.CartPreviewService - Price mismatch for product 13: seen=39, current=150.00
2026-08-09 22:57:21.923 [http-nio-8080-exec-7] INFO  c.a.l.c.a.AdminPricingRuleController - GET /api/admin/pricing/rules
2026-08-09 22:57:21.923 [http-nio-8080-exec-7] INFO  c.a.l.s.pricing.PricingRuleService - Fetching pricing rules, activeOnly: false
2026-08-09 22:57:22.029 [http-nio-8080-exec-8] INFO  c.a.l.c.order.CartController - POST /api/cart/preview - 3 items, currency: AZN
2026-08-09 22:57:22.036 [http-nio-8080-exec-9] INFO  c.a.l.c.order.CartController - POST /api/cart/preview - 3 items, currency: AZN
2026-08-09 22:57:22.044 [http-nio-8080-exec-8] INFO  c.a.l.s.Order.CartPreviewService - Cart preview requested with 3 items, currency: AZN
2026-08-09 22:57:22.049 [http-nio-8080-exec-9] INFO  c.a.l.s.Order.CartPreviewService - Cart preview requested with 3 items, currency: AZN
2026-08-09 22:57:22.077 [http-nio-8080-exec-8] INFO  c.a.l.cache.PriceCacheRepository - Price cache hit: price:product:1:grade:3:AZN
2026-08-09 22:57:22.083 [http-nio-8080-exec-8] INFO  c.a.l.cache.PriceCacheRepository - Price cache hit: price:product:13:grade:1:AZN
2026-08-09 22:57:22.088 [http-nio-8080-exec-8] INFO  c.a.l.cache.PriceCacheRepository - Price cache hit: price:product:8:grade:3:AZN
2026-08-09 22:57:22.088 [http-nio-8080-exec-8] WARN  c.a.l.s.Order.CartPreviewService - Price mismatch for product 8: seen=100, current=150.00
2026-08-09 22:57:22.088 [http-nio-8080-exec-8] WARN  c.a.l.s.Order.CartPreviewService - Price mismatch for product 1: seen=26, current=100.00
2026-08-09 22:57:22.088 [http-nio-8080-exec-8] WARN  c.a.l.s.Order.CartPreviewService - Price mismatch for product 13: seen=39, current=150.00
2026-08-09 22:57:22.137 [http-nio-8080-exec-9] INFO  c.a.l.cache.PriceCacheRepository - Price cache hit: price:product:1:grade:3:AZN
2026-08-09 22:57:22.142 [http-nio-8080-exec-9] INFO  c.a.l.cache.PriceCacheRepository - Price cache hit: price:product:13:grade:1:AZN
2026-08-09 22:57:22.149 [http-nio-8080-exec-9] INFO  c.a.l.cache.PriceCacheRepository - Price cache hit: price:product:8:grade:3:AZN
2026-08-09 22:57:22.149 [http-nio-8080-exec-9] WARN  c.a.l.s.Order.CartPreviewService - Price mismatch for product 8: seen=100, current=150.00
2026-08-09 22:57:22.153 [http-nio-8080-exec-9] WARN  c.a.l.s.Order.CartPreviewService - Price mismatch for product 1: seen=26, current=100.00
2026-08-09 22:57:22.153 [http-nio-8080-exec-9] WARN  c.a.l.s.Order.CartPreviewService - Price mismatch for product 13: seen=39, current=150.00
2026-08-09 22:57:51.933 [http-nio-8080-exec-2] INFO  c.a.l.c.a.AdminPricingRuleController - GET /api/admin/pricing/rules
2026-08-09 22:57:51.933 [http-nio-8080-exec-2] INFO  c.a.l.s.pricing.PricingRuleService - Fetching pricing rules, activeOnly: false
2026-08-09 22:57:59.167 [http-nio-8080-exec-8] INFO  c.a.l.s.D.DeliveryCountryConfigService - Country BZ status changed to false by unknown
2026-08-09 22:58:05.376 [http-nio-8080-exec-9] INFO  c.a.l.s.D.DeliveryCountryConfigService - Country BZ status changed to true by unknown
2026-08-09 22:58:52.026 [http-nio-8080-exec-10] INFO  c.a.l.c.catalog.ProductController - GET /api/products - page: 0, filter: ProductFilterRequest(modelType=null, search=, page=0, size=12)
2026-08-09 22:58:52.212 [http-nio-8080-exec-10] INFO  c.a.l.s.c.ProductCatalogService - Fetching product catalog - page: 0, currency: USD
2026-08-09 22:58:52.232 [http-nio-8080-exec-10] INFO  c.a.l.c.ProductCatalogCacheRepository - Initial page cache hit for USD
2026-08-09 22:59:24.505 [http-nio-8080-exec-4] INFO  c.a.l.c.catalog.ProductController - GET /api/products/13 - Product detail requested
2026-08-09 22:59:24.511 [http-nio-8080-exec-8] INFO  c.a.l.c.catalog.ProductController - GET /api/products/13/available-leathers
2026-08-09 22:59:24.532 [http-nio-8080-exec-8] INFO  c.a.l.s.c.ProductCatalogService - Fetching available leathers for product: 13
2026-08-09 22:59:24.533 [http-nio-8080-exec-4] INFO  c.a.l.c.ProductCatalogCacheRepository - Product detail cache hit: product:detail:13:USD
2026-08-09 22:59:24.534 [http-nio-8080-exec-4] INFO  c.a.l.s.c.ProductCatalogService - Cache hit: Returning product 13 for USD
2026-08-09 22:59:24.563 [http-nio-8080-exec-9] INFO  c.a.l.c.catalog.ProductController - GET /api/products/13 - Product detail requested
2026-08-09 22:59:24.577 [http-nio-8080-exec-9] INFO  c.a.l.c.ProductCatalogCacheRepository - Product detail cache hit: product:detail:13:USD
2026-08-09 22:59:24.577 [http-nio-8080-exec-9] INFO  c.a.l.s.c.ProductCatalogService - Cache hit: Returning product 13 for USD
2026-08-09 22:59:24.621 [http-nio-8080-exec-8] INFO  c.a.l.cache.LeatherCacheRepository - Cached 2 leathers for product: 13
2026-08-09 22:59:24.622 [http-nio-8080-exec-8] INFO  c.a.l.s.c.ProductCatalogService - Found and cached 2 leathers for product: 13
2026-08-09 22:59:24.635 [http-nio-8080-exec-5] INFO  c.a.l.c.catalog.ProductController - GET /api/products/13/available-leathers
2026-08-09 22:59:24.635 [http-nio-8080-exec-5] INFO  c.a.l.s.c.ProductCatalogService - Fetching available leathers for product: 13
2026-08-09 22:59:24.643 [http-nio-8080-exec-5] INFO  c.a.l.cache.LeatherCacheRepository - Cache hit for leathers: 13
2026-08-09 22:59:24.644 [http-nio-8080-exec-5] INFO  c.a.l.s.c.ProductCatalogService - Returning cached leathers for product: 13
2026-08-09 22:59:44.178 [http-nio-8080-exec-1] INFO  c.a.l.c.catalog.ProductController - GET /api/products - page: 0, filter: ProductFilterRequest(modelType=null, search=, page=0, size=12)
2026-08-09 22:59:44.307 [http-nio-8080-exec-1] INFO  c.a.l.s.c.ProductCatalogService - Fetching product catalog - page: 0, currency: USD
2026-08-09 22:59:44.329 [http-nio-8080-exec-1] INFO  c.a.l.c.ProductCatalogCacheRepository - Initial page cache hit for USD
2026-08-09 23:01:25.630 [http-nio-8080-exec-4] INFO  c.a.l.c.catalog.ProductController - GET /api/products - page: 0, filter: ProductFilterRequest(modelType=WALLET, search=, page=0, size=12)
2026-08-09 23:01:25.634 [http-nio-8080-exec-4] INFO  c.a.l.s.c.ProductCatalogService - Fetching product catalog - page: 0, currency: USD
2026-08-09 23:01:30.382 [http-nio-8080-exec-8] INFO  c.a.l.c.catalog.ProductController - GET /api/products - page: 0, filter: ProductFilterRequest(modelType=BELT, search=, page=0, size=12)
2026-08-09 23:01:30.415 [http-nio-8080-exec-8] INFO  c.a.l.s.c.ProductCatalogService - Fetching product catalog - page: 0, currency: USD
2026-08-09 23:01:30.674 [http-nio-8080-exec-8] INFO  c.a.l.cache.PriceCacheRepository - Price cached: price:product:1:grade:1:AZN
2026-08-09 23:01:32.673 [http-nio-8080-exec-1] INFO  c.a.l.c.catalog.ProductController - GET /api/products - page: 0, filter: ProductFilterRequest(modelType=ACCESSORY, search=, page=0, size=12)
2026-08-09 23:01:32.681 [http-nio-8080-exec-1] INFO  c.a.l.s.c.ProductCatalogService - Fetching product catalog - page: 0, currency: USD
2026-08-09 23:01:32.721 [http-nio-8080-exec-1] INFO  c.a.l.cache.PriceCacheRepository - Price cached: price:product:13:grade:1:AZN
2026-08-09 23:01:35.903 [http-nio-8080-exec-3] INFO  c.a.l.c.catalog.ProductController - GET /api/products - page: 0, filter: ProductFilterRequest(modelType=BELT, search=, page=0, size=12)
2026-08-09 23:01:35.911 [http-nio-8080-exec-3] INFO  c.a.l.s.c.ProductCatalogService - Fetching product catalog - page: 0, currency: USD
2026-08-09 23:01:35.951 [http-nio-8080-exec-3] INFO  c.a.l.cache.PriceCacheRepository - Price cached: price:product:1:grade:1:AZN
2026-08-09 23:01:37.135 [http-nio-8080-exec-6] INFO  c.a.l.c.catalog.ProductController - GET /api/products - page: 0, filter: ProductFilterRequest(modelType=ACCESSORY, search=, page=0, size=12)
2026-08-09 23:01:37.143 [http-nio-8080-exec-6] INFO  c.a.l.s.c.ProductCatalogService - Fetching product catalog - page: 0, currency: USD
2026-08-09 23:01:37.225 [http-nio-8080-exec-6] INFO  c.a.l.cache.PriceCacheRepository - Price cached: price:product:13:grade:1:AZN
2026-08-09 23:12:03.504 [http-nio-8080-exec-2] INFO  c.a.l.c.catalog.ProductController - GET /api/products - page: 0, filter: ProductFilterRequest(modelType=null, search=, page=0, size=12)
2026-08-09 23:12:03.514 [http-nio-8080-exec-2] INFO  c.a.l.s.c.ProductCatalogService - Fetching product catalog - page: 0, currency: USD
2026-08-09 23:12:03.534 [http-nio-8080-exec-2] INFO  c.a.l.c.ProductCatalogCacheRepository - Initial page cache hit for USD
2026-08-09 23:12:33.900 [http-nio-8080-exec-4] INFO  c.a.l.c.catalog.LeatherController - GET /api/leathers - filter: LeatherFilterRequest(color=null, origin=null, gradeType=null, page=0, size=50)
2026-08-09 23:12:33.927 [http-nio-8080-exec-4] INFO  c.a.l.s.c.LeatherCatalogService - Fetching leathers with filter: LeatherFilterRequest(color=null, origin=null, gradeType=null, page=0, size=50)
2026-08-09 23:12:33.937 [http-nio-8080-exec-9] INFO  c.a.l.c.a.AdminPricingRuleController - GET /api/admin/pricing/rules
2026-08-09 23:12:33.941 [http-nio-8080-exec-9] INFO  c.a.l.s.pricing.PricingRuleService - Fetching pricing rules, activeOnly: false
2026-08-09 23:12:34.141 [http-nio-8080-exec-8] INFO  c.a.l.c.a.AdminPricingRuleController - GET /api/admin/pricing/rules
2026-08-09 23:12:34.141 [http-nio-8080-exec-8] INFO  c.a.l.s.pricing.PricingRuleService - Fetching pricing rules, activeOnly: false
2026-08-09 23:12:34.241 [http-nio-8080-exec-4] INFO  c.a.l.c.LeatherCatalogCacheRepository - Leather list cached: leathers:list:-1285416601:0
2026-08-09 23:12:34.265 [http-nio-8080-exec-5] INFO  c.a.l.c.catalog.LeatherController - GET /api/leathers - filter: LeatherFilterRequest(color=null, origin=null, gradeType=null, page=0, size=50)
2026-08-09 23:12:34.265 [http-nio-8080-exec-5] INFO  c.a.l.s.c.LeatherCatalogService - Fetching leathers with filter: LeatherFilterRequest(color=null, origin=null, gradeType=null, page=0, size=50)
2026-08-09 23:12:34.271 [http-nio-8080-exec-5] INFO  c.a.l.c.LeatherCatalogCacheRepository - Leather list cache hit: leathers:list:-1285416601:0
2026-08-09 23:12:34.271 [http-nio-8080-exec-5] INFO  c.a.l.s.c.LeatherCatalogService - Leather list has been cached
2026-08-09 23:12:40.497 [http-nio-8080-exec-1] INFO  c.a.l.c.a.AdminPricingRuleController - GET /api/admin/pricing/rules
2026-08-09 23:12:40.499 [http-nio-8080-exec-1] INFO  c.a.l.s.pricing.PricingRuleService - Fetching pricing rules, activeOnly: false
2026-08-09 23:12:40.525 [http-nio-8080-exec-3] INFO  c.a.l.c.a.AdminPricingRuleController - GET /api/admin/pricing/rules
2026-08-09 23:12:40.525 [http-nio-8080-exec-3] INFO  c.a.l.s.pricing.PricingRuleService - Fetching pricing rules, activeOnly: false
2026-08-09 23:13:03.448 [http-nio-8080-exec-10] INFO  c.a.l.c.catalog.ProductController - GET /api/products - page: 0, filter: ProductFilterRequest(modelType=null, search=, page=0, size=12)
2026-08-09 23:13:03.458 [http-nio-8080-exec-10] INFO  c.a.l.s.c.ProductCatalogService - Fetching product catalog - page: 0, currency: USD
2026-08-09 23:13:03.469 [http-nio-8080-exec-10] INFO  c.a.l.c.ProductCatalogCacheRepository - Initial page cache hit for USD
2026-08-09 23:13:18.080 [http-nio-8080-exec-7] INFO  c.a.l.c.catalog.ProductController - GET /api/products - page: 0, filter: ProductFilterRequest(modelType=null, search=, page=0, size=12)
2026-08-09 23:13:18.108 [http-nio-8080-exec-7] INFO  c.a.l.s.c.ProductCatalogService - Fetching product catalog - page: 0, currency: USD
2026-08-09 23:13:18.503 [http-nio-8080-exec-7] INFO  c.a.l.cache.PriceCacheRepository - Price cached: price:product:13:grade:1:AZN
2026-08-09 23:13:18.541 [http-nio-8080-exec-7] INFO  c.a.l.cache.PriceCacheRepository - Price cached: price:product:8:grade:3:AZN
2026-08-09 23:13:18.614 [http-nio-8080-exec-7] INFO  c.a.l.cache.PriceCacheRepository - Price cached: price:product:5:grade:2:AZN
2026-08-09 23:13:18.733 [http-nio-8080-exec-7] INFO  c.a.l.cache.PriceCacheRepository - Price cached: price:product:1:grade:1:AZN
2026-08-09 23:13:18.749 [http-nio-8080-exec-7] INFO  c.a.l.c.ProductCatalogCacheRepository - Initial page cached for USD: 6 products
2026-08-09 23:13:24.010 [http-nio-8080-exec-4] INFO  c.a.l.c.order.OrderController - GET /api/orders/me - User: 13, page: 0
2026-08-09 23:13:24.699 [http-nio-8080-exec-5] INFO  c.a.l.c.order.OrderController - GET /api/orders/me - User: 13, page: 0
2026-08-09 23:13:28.139 [http-nio-8080-exec-6] INFO  c.a.l.c.order.OrderController - GET /api/orders/5 - User: 13
2026-08-09 23:13:28.308 [http-nio-8080-exec-10] INFO  c.a.l.c.order.OrderController - GET /api/orders/5 - User: 13
