2026-09-01 00:00:02.208 [http-nio-8080-exec-7] INFO  c.a.l.c.a.AdminProductsController - GET /api/admin/products - filter: ProductModelFilter(id=null, modelname=null, modelType=null, availabilityStatus=null, isActive=null, from=null, to=null), page: Page request [number: 0, size 12, sort: createdAt: DESC]
2026-09-01 00:00:02.310 [http-nio-8080-exec-7] INFO  c.a.l.s.c.AdminProductModelService - Admin fetching ALL product models (including inactive/draft) with filter: ProductModelFilter(id=null, modelname=null, modelType=null, availabilityStatus=null, isActive=null, from=null, to=null)
2026-09-01 00:00:12.307 [http-nio-8080-exec-6] INFO  c.a.l.c.admin.AdminOrderController - GET /api/admin/orders - filter: OrderFilter(id=null, orderNumber=null, status=null, paymentStatus=null, customerEmail=null, customerName=null, from=null, to=null, minAmount=null, maxAmount=null), page: Page request [number: 0, size 10, sort: createdAt: DESC]
2026-09-01 00:00:12.409 [http-nio-8080-exec-6] INFO  c.a.l.s.Order.AdminOrderService - Admin fetching orders with filter: OrderFilter(id=null, orderNumber=null, status=null, paymentStatus=null, customerEmail=null, customerName=null, from=null, to=null, minAmount=null, maxAmount=null), pagination: Page request [number: 0, size 10, sort: createdAt: DESC]
2026-09-01 00:00:12.867 [http-nio-8080-exec-8] INFO  c.a.l.c.admin.AdminOrderController - GET /api/admin/orders - filter: OrderFilter(id=null, orderNumber=null, status=null, paymentStatus=null, customerEmail=null, customerName=null, from=null, to=null, minAmount=null, maxAmount=null), page: Page request [number: 0, size 10, sort: createdAt: DESC]
2026-09-01 00:00:12.988 [http-nio-8080-exec-8] INFO  c.a.l.s.Order.AdminOrderService - Admin fetching orders with filter: OrderFilter(id=null, orderNumber=null, status=null, paymentStatus=null, customerEmail=null, customerName=null, from=null, to=null, minAmount=null, maxAmount=null), pagination: Page request [number: 0, size 10, sort: createdAt: DESC]
2026-09-01 00:00:15.392 [http-nio-8080-exec-9] INFO  c.a.l.c.admin.AdminOrderController - GET /api/admin/orders/1 - Admin sifariş detalı sorğulayır
2026-09-01 00:00:15.408 [http-nio-8080-exec-9] INFO  c.a.l.s.Order.AdminOrderService - Admin fetching order detail: 1
2026-09-01 00:00:16.477 [http-nio-8080-exec-2] INFO  c.a.l.c.admin.AdminOrderController - GET /api/admin/orders/1 - Admin sifariş detalı sorğulayır
2026-09-01 00:00:16.545 [http-nio-8080-exec-2] INFO  c.a.l.s.Order.AdminOrderService - Admin fetching order detail: 1
2026-09-01 00:45:57.533 [http-nio-8080-exec-10] INFO  c.a.l.c.a.AdminPricingRuleController - GET /api/admin/pricing/rules
2026-09-01 00:45:57.639 [http-nio-8080-exec-10] INFO  c.a.l.s.pricing.PricingRuleService - Fetching pricing rules, activeOnly: false
2026-09-01 00:45:57.631 [http-nio-8080-exec-1] INFO  c.a.l.c.admin.AdminOrderController - GET /api/admin/orders - filter: OrderFilter(id=null, orderNumber=null, status=null, paymentStatus=null, customerEmail=null, customerName=null, from=null, to=null, minAmount=null, maxAmount=null), page: Page request [number: 0, size 10, sort: createdAt: DESC]
2026-09-01 00:45:57.650 [http-nio-8080-exec-1] INFO  c.a.l.s.Order.AdminOrderService - Admin fetching orders with filter: OrderFilter(id=null, orderNumber=null, status=null, paymentStatus=null, customerEmail=null, customerName=null, from=null, to=null, minAmount=null, maxAmount=null), pagination: Page request [number: 0, size 10, sort: createdAt: DESC]
2026-09-01 00:45:58.899 [http-nio-8080-exec-9] INFO  c.a.l.c.a.AdminPricingRuleController - GET /api/admin/pricing/rules
2026-09-01 00:45:58.901 [http-nio-8080-exec-9] INFO  c.a.l.s.pricing.PricingRuleService - Fetching pricing rules, activeOnly: false
2026-09-01 00:45:59.071 [http-nio-8080-exec-2] INFO  c.a.l.c.admin.AdminOrderController - GET /api/admin/orders - filter: OrderFilter(id=null, orderNumber=null, status=null, paymentStatus=null, customerEmail=null, customerName=null, from=null, to=null, minAmount=null, maxAmount=null), page: Page request [number: 0, size 10, sort: createdAt: DESC]
2026-09-01 00:45:59.073 [http-nio-8080-exec-2] INFO  c.a.l.s.Order.AdminOrderService - Admin fetching orders with filter: OrderFilter(id=null, orderNumber=null, status=null, paymentStatus=null, customerEmail=null, customerName=null, from=null, to=null, minAmount=null, maxAmount=null), pagination: Page request [number: 0, size 10, sort: createdAt: DESC]
2026-09-01 00:46:00.649 [http-nio-8080-exec-7] INFO  c.a.l.c.admin.AdminOrderController - GET /api/admin/orders/6 - Admin sifariş detalı sorğulayır
2026-09-01 00:46:00.653 [http-nio-8080-exec-7] INFO  c.a.l.s.Order.AdminOrderService - Admin fetching order detail: 6
2026-09-01 00:46:01.127 [http-nio-8080-exec-5] INFO  c.a.l.c.admin.AdminOrderController - GET /api/admin/orders/6 - Admin sifariş detalı sorğulayır
2026-09-01 00:46:01.127 [http-nio-8080-exec-5] INFO  c.a.l.s.Order.AdminOrderService - Admin fetching order detail: 6
2026-09-01 00:46:12.000 [http-nio-8080-exec-6] INFO  c.a.l.c.admin.AdminOrderController - GET /api/admin/orders - filter: OrderFilter(id=null, orderNumber=null, status=null, paymentStatus=null, customerEmail=null, customerName=null, from=null, to=null, minAmount=null, maxAmount=null), page: Page request [number: 0, size 10, sort: createdAt: DESC]
2026-09-01 00:46:12.004 [http-nio-8080-exec-6] INFO  c.a.l.s.Order.AdminOrderService - Admin fetching orders with filter: OrderFilter(id=null, orderNumber=null, status=null, paymentStatus=null, customerEmail=null, customerName=null, from=null, to=null, minAmount=null, maxAmount=null), pagination: Page request [number: 0, size 10, sort: createdAt: DESC]
2026-09-01 00:46:12.075 [http-nio-8080-exec-8] INFO  c.a.l.c.admin.AdminOrderController - GET /api/admin/orders - filter: OrderFilter(id=null, orderNumber=null, status=null, paymentStatus=null, customerEmail=null, customerName=null, from=null, to=null, minAmount=null, maxAmount=null), page: Page request [number: 0, size 10, sort: createdAt: DESC]
2026-09-01 00:46:12.077 [http-nio-8080-exec-8] INFO  c.a.l.s.Order.AdminOrderService - Admin fetching orders with filter: OrderFilter(id=null, orderNumber=null, status=null, paymentStatus=null, customerEmail=null, customerName=null, from=null, to=null, minAmount=null, maxAmount=null), pagination: Page request [number: 0, size 10, sort: createdAt: DESC]
2026-09-01 00:46:16.713 [http-nio-8080-exec-1] INFO  c.a.l.c.admin.AdminOrderController - GET /api/admin/orders/1 - Admin sifariş detalı sorğulayır
2026-09-01 00:46:16.877 [http-nio-8080-exec-1] INFO  c.a.l.s.Order.AdminOrderService - Admin fetching order detail: 1
2026-09-01 00:46:17.180 [http-nio-8080-exec-2] INFO  c.a.l.c.admin.AdminOrderController - GET /api/admin/orders/1 - Admin sifariş detalı sorğulayır
2026-09-01 00:46:17.184 [http-nio-8080-exec-2] INFO  c.a.l.s.Order.AdminOrderService - Admin fetching order detail: 1
2026-09-01 00:46:30.977 [http-nio-8080-exec-4] INFO  c.a.l.c.admin.AdminOrderController - GET /api/admin/orders - filter: OrderFilter(id=null, orderNumber=null, status=null, paymentStatus=null, customerEmail=null, customerName=null, from=null, to=null, minAmount=null, maxAmount=null), page: Page request [number: 0, size 10, sort: createdAt: DESC]
2026-09-01 00:46:30.982 [http-nio-8080-exec-4] INFO  c.a.l.s.Order.AdminOrderService - Admin fetching orders with filter: OrderFilter(id=null, orderNumber=null, status=null, paymentStatus=null, customerEmail=null, customerName=null, from=null, to=null, minAmount=null, maxAmount=null), pagination: Page request [number: 0, size 10, sort: createdAt: DESC]
2026-09-01 00:46:31.049 [http-nio-8080-exec-3] INFO  c.a.l.c.admin.AdminOrderController - GET /api/admin/orders - filter: OrderFilter(id=null, orderNumber=null, status=null, paymentStatus=null, customerEmail=null, customerName=null, from=null, to=null, minAmount=null, maxAmount=null), page: Page request [number: 0, size 10, sort: createdAt: DESC]
2026-09-01 00:46:31.050 [http-nio-8080-exec-3] INFO  c.a.l.s.Order.AdminOrderService - Admin fetching orders with filter: OrderFilter(id=null, orderNumber=null, status=null, paymentStatus=null, customerEmail=null, customerName=null, from=null, to=null, minAmount=null, maxAmount=null), pagination: Page request [number: 0, size 10, sort: createdAt: DESC]
2026-09-01 00:46:40.487 [http-nio-8080-exec-7] INFO  c.a.l.c.admin.AdminOrderController - GET /api/admin/orders/1 - Admin sifariş detalı sorğulayır
2026-09-01 00:46:40.490 [http-nio-8080-exec-7] INFO  c.a.l.s.Order.AdminOrderService - Admin fetching order detail: 1
2026-09-01 00:46:40.545 [http-nio-8080-exec-5] INFO  c.a.l.c.admin.AdminOrderController - GET /api/admin/orders/1 - Admin sifariş detalı sorğulayır
2026-09-01 00:46:40.545 [http-nio-8080-exec-5] INFO  c.a.l.s.Order.AdminOrderService - Admin fetching order detail: 1
2026-09-01 00:49:18.747 [http-nio-8080-exec-9] INFO  c.a.l.c.a.AdminPricingRuleController - GET /api/admin/pricing/rules
2026-09-01 00:49:18.779 [http-nio-8080-exec-9] INFO  c.a.l.s.pricing.PricingRuleService - Fetching pricing rules, activeOnly: false
2026-09-01 00:49:19.009 [http-nio-8080-exec-1] INFO  c.a.l.c.a.AdminPricingRuleController - GET /api/admin/pricing/rules
2026-09-01 00:49:19.009 [http-nio-8080-exec-1] INFO  c.a.l.s.pricing.PricingRuleService - Fetching pricing rules, activeOnly: false
2026-09-01 00:49:20.248 [http-nio-8080-exec-2] INFO  c.a.l.c.admin.AdminOrderController - GET /api/admin/orders - filter: OrderFilter(id=null, orderNumber=null, status=null, paymentStatus=null, customerEmail=null, customerName=null, from=null, to=null, minAmount=null, maxAmount=null), page: Page request [number: 0, size 10, sort: createdAt: DESC]
2026-09-01 00:49:20.257 [http-nio-8080-exec-2] INFO  c.a.l.s.Order.AdminOrderService - Admin fetching orders with filter: OrderFilter(id=null, orderNumber=null, status=null, paymentStatus=null, customerEmail=null, customerName=null, from=null, to=null, minAmount=null, maxAmount=null), pagination: Page request [number: 0, size 10, sort: createdAt: DESC]
2026-09-01 00:49:20.598 [http-nio-8080-exec-4] INFO  c.a.l.c.admin.AdminOrderController - GET /api/admin/orders - filter: OrderFilter(id=null, orderNumber=null, status=null, paymentStatus=null, customerEmail=null, customerName=null, from=null, to=null, minAmount=null, maxAmount=null), page: Page request [number: 0, size 10, sort: createdAt: DESC]
2026-09-01 00:49:20.599 [http-nio-8080-exec-4] INFO  c.a.l.s.Order.AdminOrderService - Admin fetching orders with filter: OrderFilter(id=null, orderNumber=null, status=null, paymentStatus=null, customerEmail=null, customerName=null, from=null, to=null, minAmount=null, maxAmount=null), pagination: Page request [number: 0, size 10, sort: createdAt: DESC]
2026-09-01 01:04:15.569 [http-nio-8080-exec-6] INFO  c.a.l.c.a.AdminPricingRuleController - GET /api/admin/pricing/rules
2026-09-01 01:04:15.825 [http-nio-8080-exec-5] INFO  c.a.l.c.admin.AdminOrderController - GET /api/admin/orders - filter: OrderFilter(id=null, orderNumber=null, status=null, paymentStatus=null, customerEmail=null, customerName=null, from=null, to=null, minAmount=null, maxAmount=null), page: Page request [number: 0, size 10, sort: createdAt: DESC]
2026-09-01 01:04:15.910 [http-nio-8080-exec-6] INFO  c.a.l.s.pricing.PricingRuleService - Fetching pricing rules, activeOnly: false
2026-09-01 01:04:15.916 [http-nio-8080-exec-5] INFO  c.a.l.s.Order.AdminOrderService - Admin fetching orders with filter: OrderFilter(id=null, orderNumber=null, status=null, paymentStatus=null, customerEmail=null, customerName=null, from=null, to=null, minAmount=null, maxAmount=null), pagination: Page request [number: 0, size 10, sort: createdAt: DESC]
2026-09-01 01:04:21.118 [http-nio-8080-exec-8] INFO  c.a.l.c.a.AdminPricingRuleController - GET /api/admin/pricing/rules
2026-09-01 01:04:21.118 [http-nio-8080-exec-8] INFO  c.a.l.s.pricing.PricingRuleService - Fetching pricing rules, activeOnly: false
2026-09-01 01:04:21.314 [http-nio-8080-exec-10] INFO  c.a.l.c.admin.AdminOrderController - GET /api/admin/orders - filter: OrderFilter(id=null, orderNumber=null, status=null, paymentStatus=null, customerEmail=null, customerName=null, from=null, to=null, minAmount=null, maxAmount=null), page: Page request [number: 0, size 10, sort: createdAt: DESC]
2026-09-01 01:04:21.338 [http-nio-8080-exec-10] INFO  c.a.l.s.Order.AdminOrderService - Admin fetching orders with filter: OrderFilter(id=null, orderNumber=null, status=null, paymentStatus=null, customerEmail=null, customerName=null, from=null, to=null, minAmount=null, maxAmount=null), pagination: Page request [number: 0, size 10, sort: createdAt: DESC]
2026-09-01 01:04:23.655 [http-nio-8080-exec-9] INFO  c.a.l.c.admin.AdminOrderController - GET /api/admin/orders/6 - Admin sifariş detalı sorğulayır
2026-09-01 01:04:23.658 [http-nio-8080-exec-9] INFO  c.a.l.s.Order.AdminOrderService - Admin fetching order detail: 6
2026-09-01 01:04:23.853 [http-nio-8080-exec-1] INFO  c.a.l.c.admin.AdminOrderController - GET /api/admin/orders/6 - Admin sifariş detalı sorğulayır
2026-09-01 01:04:23.853 [http-nio-8080-exec-1] INFO  c.a.l.s.Order.AdminOrderService - Admin fetching order detail: 6
2026-09-01 01:04:54.882 [http-nio-8080-exec-2] INFO  c.a.l.c.a.AdminPricingRuleController - GET /api/admin/pricing/rules
2026-09-01 01:04:55.080 [http-nio-8080-exec-2] INFO  c.a.l.s.pricing.PricingRuleService - Fetching pricing rules, activeOnly: false
2026-09-01 01:04:55.193 [http-nio-8080-exec-4] INFO  c.a.l.c.admin.AdminOrderController - GET /api/admin/orders - filter: OrderFilter(id=null, orderNumber=null, status=null, paymentStatus=null, customerEmail=null, customerName=null, from=null, to=null, minAmount=null, maxAmount=null), page: Page request [number: 0, size 10, sort: createdAt: DESC]
2026-09-01 01:04:55.279 [http-nio-8080-exec-4] INFO  c.a.l.s.Order.AdminOrderService - Admin fetching orders with filter: OrderFilter(id=null, orderNumber=null, status=null, paymentStatus=null, customerEmail=null, customerName=null, from=null, to=null, minAmount=null, maxAmount=null), pagination: Page request [number: 0, size 10, sort: createdAt: DESC]
2026-09-01 01:04:55.301 [http-nio-8080-exec-3] INFO  c.a.l.c.a.AdminPricingRuleController - GET /api/admin/pricing/rules
2026-09-01 01:04:55.303 [http-nio-8080-exec-3] INFO  c.a.l.s.pricing.PricingRuleService - Fetching pricing rules, activeOnly: false
2026-09-01 01:04:55.435 [http-nio-8080-exec-7] INFO  c.a.l.c.admin.AdminOrderController - GET /api/admin/orders - filter: OrderFilter(id=null, orderNumber=null, status=null, paymentStatus=null, customerEmail=null, customerName=null, from=null, to=null, minAmount=null, maxAmount=null), page: Page request [number: 0, size 10, sort: createdAt: DESC]
2026-09-01 01:04:55.437 [http-nio-8080-exec-7] INFO  c.a.l.s.Order.AdminOrderService - Admin fetching orders with filter: OrderFilter(id=null, orderNumber=null, status=null, paymentStatus=null, customerEmail=null, customerName=null, from=null, to=null, minAmount=null, maxAmount=null), pagination: Page request [number: 0, size 10, sort: createdAt: DESC]
2026-09-01 01:04:57.706 [http-nio-8080-exec-6] INFO  c.a.l.c.admin.AdminOrderController - GET /api/admin/orders/6 - Admin sifariş detalı sorğulayır
2026-09-01 01:04:57.713 [http-nio-8080-exec-6] INFO  c.a.l.s.Order.AdminOrderService - Admin fetching order detail: 6
2026-09-01 01:04:57.798 [http-nio-8080-exec-8] INFO  c.a.l.c.admin.AdminOrderController - GET /api/admin/orders/6 - Admin sifariş detalı sorğulayır
2026-09-01 01:04:57.798 [http-nio-8080-exec-8] INFO  c.a.l.s.Order.AdminOrderService - Admin fetching order detail: 6
2026-09-01 01:05:17.355 [http-nio-8080-exec-5] INFO  c.a.l.c.a.AdminPricingRuleController - GET /api/admin/pricing/rules
2026-09-01 01:05:17.378 [http-nio-8080-exec-5] INFO  c.a.l.s.pricing.PricingRuleService - Fetching pricing rules, activeOnly: false
2026-09-01 01:05:17.479 [http-nio-8080-exec-10] INFO  c.a.l.c.a.AdminPricingRuleController - GET /api/admin/pricing/rules
2026-09-01 01:05:17.479 [http-nio-8080-exec-10] INFO  c.a.l.s.pricing.PricingRuleService - Fetching pricing rules, activeOnly: false
2026-09-01 01:05:17.518 [http-nio-8080-exec-9] INFO  c.a.l.c.admin.AdminOrderController - GET /api/admin/orders - filter: OrderFilter(id=null, orderNumber=null, status=null, paymentStatus=null, customerEmail=null, customerName=null, from=null, to=null, minAmount=null, maxAmount=null), page: Page request [number: 0, size 10, sort: createdAt: DESC]
2026-09-01 01:05:17.518 [http-nio-8080-exec-9] INFO  c.a.l.s.Order.AdminOrderService - Admin fetching orders with filter: OrderFilter(id=null, orderNumber=null, status=null, paymentStatus=null, customerEmail=null, customerName=null, from=null, to=null, minAmount=null, maxAmount=null), pagination: Page request [number: 0, size 10, sort: createdAt: DESC]
2026-09-01 01:05:17.626 [http-nio-8080-exec-1] INFO  c.a.l.c.admin.AdminOrderController - GET /api/admin/orders - filter: OrderFilter(id=null, orderNumber=null, status=null, paymentStatus=null, customerEmail=null, customerName=null, from=null, to=null, minAmount=null, maxAmount=null), page: Page request [number: 0, size 10, sort: createdAt: DESC]
2026-09-01 01:05:17.626 [http-nio-8080-exec-1] INFO  c.a.l.s.Order.AdminOrderService - Admin fetching orders with filter: OrderFilter(id=null, orderNumber=null, status=null, paymentStatus=null, customerEmail=null, customerName=null, from=null, to=null, minAmount=null, maxAmount=null), pagination: Page request [number: 0, size 10, sort: createdAt: DESC]
2026-09-01 01:05:31.862 [http-nio-8080-exec-3] INFO  c.a.l.c.admin.AdminOrderController - GET /api/admin/orders/6 - Admin sifariş detalı sorğulayır
2026-09-01 01:05:31.887 [http-nio-8080-exec-3] INFO  c.a.l.s.Order.AdminOrderService - Admin fetching order detail: 6
2026-09-01 01:05:32.343 [http-nio-8080-exec-4] INFO  c.a.l.c.admin.AdminOrderController - GET /api/admin/orders/6 - Admin sifariş detalı sorğulayır
2026-09-01 01:05:32.368 [http-nio-8080-exec-4] INFO  c.a.l.s.Order.AdminOrderService - Admin fetching order detail: 6
2026-09-01 01:05:42.035 [http-nio-8080-exec-7] INFO  c.a.l.c.admin.AdminOrderController - GET /api/admin/orders - filter: OrderFilter(id=null, orderNumber=null, status=null, paymentStatus=null, customerEmail=null, customerName=null, from=null, to=null, minAmount=null, maxAmount=null), page: Page request [number: 0, size 10, sort: createdAt: DESC]
2026-09-01 01:05:42.059 [http-nio-8080-exec-7] INFO  c.a.l.s.Order.AdminOrderService - Admin fetching orders with filter: OrderFilter(id=null, orderNumber=null, status=null, paymentStatus=null, customerEmail=null, customerName=null, from=null, to=null, minAmount=null, maxAmount=null), pagination: Page request [number: 0, size 10, sort: createdAt: DESC]
2026-09-01 01:05:42.126 [http-nio-8080-exec-6] INFO  c.a.l.c.admin.AdminOrderController - GET /api/admin/orders - filter: OrderFilter(id=null, orderNumber=null, status=null, paymentStatus=null, customerEmail=null, customerName=null, from=null, to=null, minAmount=null, maxAmount=null), page: Page request [number: 0, size 10, sort: createdAt: DESC]
2026-09-01 01:05:42.126 [http-nio-8080-exec-6] INFO  c.a.l.s.Order.AdminOrderService - Admin fetching orders with filter: OrderFilter(id=null, orderNumber=null, status=null, paymentStatus=null, customerEmail=null, customerName=null, from=null, to=null, minAmount=null, maxAmount=null), pagination: Page request [number: 0, size 10, sort: createdAt: DESC]
2026-09-01 01:05:44.586 [http-nio-8080-exec-8] INFO  c.a.l.c.admin.AdminOrderController - GET /api/admin/orders/1 - Admin sifariş detalı sorğulayır
2026-09-01 01:05:44.601 [http-nio-8080-exec-8] INFO  c.a.l.s.Order.AdminOrderService - Admin fetching order detail: 1
2026-09-01 01:05:44.721 [http-nio-8080-exec-5] INFO  c.a.l.c.admin.AdminOrderController - GET /api/admin/orders/1 - Admin sifariş detalı sorğulayır
2026-09-01 01:05:44.759 [http-nio-8080-exec-5] INFO  c.a.l.s.Order.AdminOrderService - Admin fetching order detail: 1
2026-09-01 01:05:52.191 [http-nio-8080-exec-10] INFO  c.a.l.c.admin.AdminOrderController - GET /api/admin/orders - filter: OrderFilter(id=null, orderNumber=null, status=null, paymentStatus=null, customerEmail=null, customerName=null, from=null, to=null, minAmount=null, maxAmount=null), page: Page request [number: 0, size 10, sort: createdAt: DESC]
2026-09-01 01:05:52.217 [http-nio-8080-exec-10] INFO  c.a.l.s.Order.AdminOrderService - Admin fetching orders with filter: OrderFilter(id=null, orderNumber=null, status=null, paymentStatus=null, customerEmail=null, customerName=null, from=null, to=null, minAmount=null, maxAmount=null), pagination: Page request [number: 0, size 10, sort: createdAt: DESC]
2026-09-01 01:05:52.324 [http-nio-8080-exec-9] INFO  c.a.l.c.admin.AdminOrderController - GET /api/admin/orders - filter: OrderFilter(id=null, orderNumber=null, status=null, paymentStatus=null, customerEmail=null, customerName=null, from=null, to=null, minAmount=null, maxAmount=null), page: Page request [number: 0, size 10, sort: createdAt: DESC]
2026-09-01 01:05:52.326 [http-nio-8080-exec-9] INFO  c.a.l.s.Order.AdminOrderService - Admin fetching orders with filter: OrderFilter(id=null, orderNumber=null, status=null, paymentStatus=null, customerEmail=null, customerName=null, from=null, to=null, minAmount=null, maxAmount=null), pagination: Page request [number: 0, size 10, sort: createdAt: DESC]
2026-09-01 01:06:12.175 [http-nio-8080-exec-1] INFO  c.a.l.c.admin.AdminOrderController - GET /api/admin/orders/1 - Admin sifariş detalı sorğulayır
2026-09-01 01:06:12.296 [http-nio-8080-exec-1] INFO  c.a.l.s.Order.AdminOrderService - Admin fetching order detail: 1
2026-09-01 01:06:12.455 [http-nio-8080-exec-2] INFO  c.a.l.c.admin.AdminOrderController - GET /api/admin/orders/1 - Admin sifariş detalı sorğulayır
2026-09-01 01:06:12.455 [http-nio-8080-exec-2] INFO  c.a.l.s.Order.AdminOrderService - Admin fetching order detail: 1
2026-09-01 01:07:24.447 [http-nio-8080-exec-7] INFO  c.a.l.c.a.AdminPricingRuleController - GET /api/admin/pricing/rules
2026-09-01 01:07:24.534 [http-nio-8080-exec-7] INFO  c.a.l.s.pricing.PricingRuleService - Fetching pricing rules, activeOnly: false
2026-09-01 01:07:24.538 [http-nio-8080-exec-6] INFO  c.a.l.c.admin.AdminOrderController - GET /api/admin/orders - filter: OrderFilter(id=null, orderNumber=null, status=null, paymentStatus=null, customerEmail=null, customerName=null, from=null, to=null, minAmount=null, maxAmount=null), page: Page request [number: 0, size 10, sort: createdAt: DESC]
2026-09-01 01:07:24.574 [http-nio-8080-exec-6] INFO  c.a.l.s.Order.AdminOrderService - Admin fetching orders with filter: OrderFilter(id=null, orderNumber=null, status=null, paymentStatus=null, customerEmail=null, customerName=null, from=null, to=null, minAmount=null, maxAmount=null), pagination: Page request [number: 0, size 10, sort: createdAt: DESC]
2026-09-01 01:07:24.842 [http-nio-8080-exec-8] INFO  c.a.l.c.a.AdminPricingRuleController - GET /api/admin/pricing/rules
2026-09-01 01:07:24.844 [http-nio-8080-exec-8] INFO  c.a.l.s.pricing.PricingRuleService - Fetching pricing rules, activeOnly: false
2026-09-01 01:07:24.907 [http-nio-8080-exec-5] INFO  c.a.l.c.admin.AdminOrderController - GET /api/admin/orders - filter: OrderFilter(id=null, orderNumber=null, status=null, paymentStatus=null, customerEmail=null, customerName=null, from=null, to=null, minAmount=null, maxAmount=null), page: Page request [number: 0, size 10, sort: createdAt: DESC]
2026-09-01 01:07:24.907 [http-nio-8080-exec-5] INFO  c.a.l.s.Order.AdminOrderService - Admin fetching orders with filter: OrderFilter(id=null, orderNumber=null, status=null, paymentStatus=null, customerEmail=null, customerName=null, from=null, to=null, minAmount=null, maxAmount=null), pagination: Page request [number: 0, size 10, sort: createdAt: DESC]
2026-09-01 01:07:27.159 [http-nio-8080-exec-10] INFO  c.a.l.c.admin.AdminOrderController - GET /api/admin/orders/1 - Admin sifariş detalı sorğulayır
2026-09-01 01:07:27.159 [http-nio-8080-exec-10] INFO  c.a.l.s.Order.AdminOrderService - Admin fetching order detail: 1
2026-09-01 01:07:27.320 [http-nio-8080-exec-9] INFO  c.a.l.c.admin.AdminOrderController - GET /api/admin/orders/1 - Admin sifariş detalı sorğulayır
2026-09-01 01:07:27.320 [http-nio-8080-exec-9] INFO  c.a.l.s.Order.AdminOrderService - Admin fetching order detail: 1
2026-09-01 01:08:52.933 [http-nio-8080-exec-3] INFO  c.a.l.c.a.AdminPricingRuleController - GET /api/admin/pricing/rules
2026-09-01 01:08:52.962 [http-nio-8080-exec-3] INFO  c.a.l.s.pricing.PricingRuleService - Fetching pricing rules, activeOnly: false
2026-09-01 01:08:52.973 [http-nio-8080-exec-7] INFO  c.a.l.c.admin.AdminOrderController - GET /api/admin/orders - filter: OrderFilter(id=null, orderNumber=null, status=null, paymentStatus=null, customerEmail=null, customerName=null, from=null, to=null, minAmount=null, maxAmount=null), page: Page request [number: 0, size 10, sort: createdAt: DESC]
2026-09-01 01:08:52.997 [http-nio-8080-exec-7] INFO  c.a.l.s.Order.AdminOrderService - Admin fetching orders with filter: OrderFilter(id=null, orderNumber=null, status=null, paymentStatus=null, customerEmail=null, customerName=null, from=null, to=null, minAmount=null, maxAmount=null), pagination: Page request [number: 0, size 10, sort: createdAt: DESC]
2026-09-01 01:08:53.126 [http-nio-8080-exec-8] INFO  c.a.l.c.a.AdminPricingRuleController - GET /api/admin/pricing/rules
2026-09-01 01:08:53.126 [http-nio-8080-exec-8] INFO  c.a.l.s.pricing.PricingRuleService - Fetching pricing rules, activeOnly: false
2026-09-01 01:08:53.176 [http-nio-8080-exec-6] INFO  c.a.l.c.admin.AdminOrderController - GET /api/admin/orders - filter: OrderFilter(id=null, orderNumber=null, status=null, paymentStatus=null, customerEmail=null, customerName=null, from=null, to=null, minAmount=null, maxAmount=null), page: Page request [number: 0, size 10, sort: createdAt: DESC]
2026-09-01 01:08:53.176 [http-nio-8080-exec-6] INFO  c.a.l.s.Order.AdminOrderService - Admin fetching orders with filter: OrderFilter(id=null, orderNumber=null, status=null, paymentStatus=null, customerEmail=null, customerName=null, from=null, to=null, minAmount=null, maxAmount=null), pagination: Page request [number: 0, size 10, sort: createdAt: DESC]
2026-09-01 01:10:17.498 [http-nio-8080-exec-1] INFO  c.a.l.c.admin.AdminOrderController - GET /api/admin/orders/6 - Admin sifariş detalı sorğulayır
2026-09-01 01:10:17.692 [http-nio-8080-exec-1] INFO  c.a.l.s.Order.AdminOrderService - Admin fetching order detail: 6
2026-09-01 01:10:18.379 [http-nio-8080-exec-1] INFO  c.a.l.c.admin.AdminOrderController - GET /api/admin/orders/6 - Admin sifariş detalı sorğulayır
2026-09-01 01:10:18.379 [http-nio-8080-exec-1] INFO  c.a.l.s.Order.AdminOrderService - Admin fetching order detail: 6
2026-09-01 01:13:07.988 [http-nio-8080-exec-8] INFO  c.a.l.c.a.AdminPricingRuleController - GET /api/admin/pricing/rules
2026-09-01 01:13:08.032 [http-nio-8080-exec-7] INFO  c.a.l.c.admin.AdminOrderController - GET /api/admin/orders - filter: OrderFilter(id=null, orderNumber=null, status=null, paymentStatus=null, customerEmail=null, customerName=null, from=null, to=null, minAmount=null, maxAmount=null), page: Page request [number: 0, size 10, sort: createdAt: DESC]
2026-09-01 01:13:08.089 [http-nio-8080-exec-8] INFO  c.a.l.s.pricing.PricingRuleService - Fetching pricing rules, activeOnly: false
2026-09-01 01:13:08.156 [http-nio-8080-exec-7] INFO  c.a.l.s.Order.AdminOrderService - Admin fetching orders with filter: OrderFilter(id=null, orderNumber=null, status=null, paymentStatus=null, customerEmail=null, customerName=null, from=null, to=null, minAmount=null, maxAmount=null), pagination: Page request [number: 0, size 10, sort: createdAt: DESC]
2026-09-01 01:13:08.512 [http-nio-8080-exec-6] INFO  c.a.l.c.a.AdminPricingRuleController - GET /api/admin/pricing/rules
2026-09-01 01:13:08.512 [http-nio-8080-exec-6] INFO  c.a.l.s.pricing.PricingRuleService - Fetching pricing rules, activeOnly: false
2026-09-01 01:13:08.700 [http-nio-8080-exec-9] INFO  c.a.l.c.admin.AdminOrderController - GET /api/admin/orders - filter: OrderFilter(id=null, orderNumber=null, status=null, paymentStatus=null, customerEmail=null, customerName=null, from=null, to=null, minAmount=null, maxAmount=null), page: Page request [number: 0, size 10, sort: createdAt: DESC]
2026-09-01 01:13:08.700 [http-nio-8080-exec-9] INFO  c.a.l.s.Order.AdminOrderService - Admin fetching orders with filter: OrderFilter(id=null, orderNumber=null, status=null, paymentStatus=null, customerEmail=null, customerName=null, from=null, to=null, minAmount=null, maxAmount=null), pagination: Page request [number: 0, size 10, sort: createdAt: DESC]
2026-09-01 01:13:10.922 [http-nio-8080-exec-10] INFO  c.a.l.c.admin.AdminOrderController - GET /api/admin/orders/6 - Admin sifariş detalı sorğulayır
2026-09-01 01:13:10.922 [http-nio-8080-exec-10] INFO  c.a.l.s.Order.AdminOrderService - Admin fetching order detail: 6
2026-09-01 01:13:11.098 [http-nio-8080-exec-5] INFO  c.a.l.c.admin.AdminOrderController - GET /api/admin/orders/6 - Admin sifariş detalı sorğulayır
2026-09-01 01:13:11.105 [http-nio-8080-exec-5] INFO  c.a.l.s.Order.AdminOrderService - Admin fetching order detail: 6
2026-09-01 01:13:47.956 [org.springframework.amqp.rabbit.RabbitListenerEndpointContainer#0-2] INFO  o.s.a.r.l.SimpleMessageListenerContainer - Waiting for workers to finish.
2026-09-01 01:13:48.059 [org.springframework.amqp.rabbit.RabbitListenerEndpointContainer#0-2] INFO  o.s.a.r.l.SimpleMessageListenerContainer - Successfully waited for workers to finish.
2026-09-01 01:13:48.117 [SpringApplicationShutdownHook] INFO  o.s.b.w.e.tomcat.GracefulShutdown - Commencing graceful shutdown. Waiting for active requests to complete
2026-09-01 01:13:48.230 [tomcat-shutdown] INFO  o.s.b.w.e.tomcat.GracefulShutdown - Graceful shutdown complete
2026-09-01 01:13:48.864 [SpringApplicationShutdownHook] INFO  o.s.o.j.LocalContainerEntityManagerFactoryBean - Closing JPA EntityManagerFactory for persistence unit 'default'
2026-09-01 01:13:49.013 [SpringApplicationShutdownHook] INFO  com.zaxxer.hikari.HikariDataSource - HikariPool-1 - Shutdown initiated...
2026-09-01 01:13:49.037 [SpringApplicationShutdownHook] INFO  com.zaxxer.hikari.HikariDataSource - HikariPool-1 - Shutdown completed.
2026-09-01 18:33:16.652 [background-preinit] INFO  o.h.validator.internal.util.Version - HV000001: Hibernate Validator 8.0.3.Final
2026-09-01 18:33:16.840 [main] INFO  c.a.leather.AiatelyeApplication - Starting AiatelyeApplication using Java 21.0.8 with PID 16472 (D:\My_project_Spring\Aiatelye\Aiatelye\build\classes\java\main started by elcin in D:\My_project_Spring\Aiatelye\Aiatelye)
2026-09-01 18:33:16.841 [main] INFO  c.a.leather.AiatelyeApplication - No active profile set, falling back to 1 default profile: "default"
2026-09-01 18:33:20.975 [main] INFO  o.s.d.r.c.RepositoryConfigurationDelegate - Multiple Spring Data modules found, entering strict repository configuration mode
2026-09-01 18:33:20.980 [main] INFO  o.s.d.r.c.RepositoryConfigurationDelegate - Bootstrapping Spring Data JPA repositories in DEFAULT mode.
2026-09-01 18:33:21.793 [main] INFO  o.s.d.r.c.RepositoryConfigurationDelegate - Finished Spring Data repository scanning in 791 ms. Found 16 JPA repository interfaces.
2026-09-01 18:33:21.840 [main] INFO  o.s.d.r.c.RepositoryConfigurationDelegate - Multiple Spring Data modules found, entering strict repository configuration mode
2026-09-01 18:33:21.842 [main] INFO  o.s.d.r.c.RepositoryConfigurationDelegate - Bootstrapping Spring Data Redis repositories in DEFAULT mode.
2026-09-01 18:33:21.918 [main] INFO  o.s.d.r.c.RepositoryConfigurationExtensionSupport - Spring Data Redis - Could not safely identify store assignment for repository candidate interface com.aiatelye.leather.repository.CustomDesignRepository; If you want this repository to be a Redis repository, consider annotating your entities with one of these annotations: org.springframework.data.redis.core.RedisHash (preferred), or consider extending one of the following types with your repository: org.springframework.data.keyvalue.repository.KeyValueRepository
2026-09-01 18:33:21.918 [main] INFO  o.s.d.r.c.RepositoryConfigurationExtensionSupport - Spring Data Redis - Could not safely identify store assignment for repository candidate interface com.aiatelye.leather.repository.DeliveryCountryConfigRepository; If you want this repository to be a Redis repository, consider annotating your entities with one of these annotations: org.springframework.data.redis.core.RedisHash (preferred), or consider extending one of the following types with your repository: org.springframework.data.keyvalue.repository.KeyValueRepository
2026-09-01 18:33:21.920 [main] INFO  o.s.d.r.c.RepositoryConfigurationExtensionSupport - Spring Data Redis - Could not safely identify store assignment for repository candidate interface com.aiatelye.leather.repository.LeatherGradeRepository; If you want this repository to be a Redis repository, consider annotating your entities with one of these annotations: org.springframework.data.redis.core.RedisHash (preferred), or consider extending one of the following types with your repository: org.springframework.data.keyvalue.repository.KeyValueRepository
2026-09-01 18:33:21.921 [main] INFO  o.s.d.r.c.RepositoryConfigurationExtensionSupport - Spring Data Redis - Could not safely identify store assignment for repository candidate interface com.aiatelye.leather.repository.LeatherRepository; If you want this repository to be a Redis repository, consider annotating your entities with one of these annotations: org.springframework.data.redis.core.RedisHash (preferred), or consider extending one of the following types with your repository: org.springframework.data.keyvalue.repository.KeyValueRepository
2026-09-01 18:33:21.923 [main] INFO  o.s.d.r.c.RepositoryConfigurationExtensionSupport - Spring Data Redis - Could not safely identify store assignment for repository candidate interface com.aiatelye.leather.repository.OrderItemRepository; If you want this repository to be a Redis repository, consider annotating your entities with one of these annotations: org.springframework.data.redis.core.RedisHash (preferred), or consider extending one of the following types with your repository: org.springframework.data.keyvalue.repository.KeyValueRepository
2026-09-01 18:33:21.924 [main] INFO  o.s.d.r.c.RepositoryConfigurationExtensionSupport - Spring Data Redis - Could not safely identify store assignment for repository candidate interface com.aiatelye.leather.repository.OrderRepository; If you want this repository to be a Redis repository, consider annotating your entities with one of these annotations: org.springframework.data.redis.core.RedisHash (preferred), or consider extending one of the following types with your repository: org.springframework.data.keyvalue.repository.KeyValueRepository
2026-09-01 18:33:21.925 [main] INFO  o.s.d.r.c.RepositoryConfigurationExtensionSupport - Spring Data Redis - Could not safely identify store assignment for repository candidate interface com.aiatelye.leather.repository.PasswordResetTokenRepository; If you want this repository to be a Redis repository, consider annotating your entities with one of these annotations: org.springframework.data.redis.core.RedisHash (preferred), or consider extending one of the following types with your repository: org.springframework.data.keyvalue.repository.KeyValueRepository
2026-09-01 18:33:21.927 [main] INFO  o.s.d.r.c.RepositoryConfigurationExtensionSupport - Spring Data Redis - Could not safely identify store assignment for repository candidate interface com.aiatelye.leather.repository.PaymentRepository; If you want this repository to be a Redis repository, consider annotating your entities with one of these annotations: org.springframework.data.redis.core.RedisHash (preferred), or consider extending one of the following types with your repository: org.springframework.data.keyvalue.repository.KeyValueRepository
2026-09-01 18:33:21.928 [main] INFO  o.s.d.r.c.RepositoryConfigurationExtensionSupport - Spring Data Redis - Could not safely identify store assignment for repository candidate interface com.aiatelye.leather.repository.PricingRuleRepository; If you want this repository to be a Redis repository, consider annotating your entities with one of these annotations: org.springframework.data.redis.core.RedisHash (preferred), or consider extending one of the following types with your repository: org.springframework.data.keyvalue.repository.KeyValueRepository
2026-09-01 18:33:21.930 [main] INFO  o.s.d.r.c.RepositoryConfigurationExtensionSupport - Spring Data Redis - Could not safely identify store assignment for repository candidate interface com.aiatelye.leather.repository.ProductGradePriceRepository; If you want this repository to be a Redis repository, consider annotating your entities with one of these annotations: org.springframework.data.redis.core.RedisHash (preferred), or consider extending one of the following types with your repository: org.springframework.data.keyvalue.repository.KeyValueRepository
2026-09-01 18:33:21.931 [main] INFO  o.s.d.r.c.RepositoryConfigurationExtensionSupport - Spring Data Redis - Could not safely identify store assignment for repository candidate interface com.aiatelye.leather.repository.ProductImageRepository; If you want this repository to be a Redis repository, consider annotating your entities with one of these annotations: org.springframework.data.redis.core.RedisHash (preferred), or consider extending one of the following types with your repository: org.springframework.data.keyvalue.repository.KeyValueRepository
2026-09-01 18:33:21.933 [main] INFO  o.s.d.r.c.RepositoryConfigurationExtensionSupport - Spring Data Redis - Could not safely identify store assignment for repository candidate interface com.aiatelye.leather.repository.ProductModelRepository; If you want this repository to be a Redis repository, consider annotating your entities with one of these annotations: org.springframework.data.redis.core.RedisHash (preferred), or consider extending one of the following types with your repository: org.springframework.data.keyvalue.repository.KeyValueRepository
2026-09-01 18:33:21.933 [main] INFO  o.s.d.r.c.RepositoryConfigurationExtensionSupport - Spring Data Redis - Could not safely identify store assignment for repository candidate interface com.aiatelye.leather.repository.ShippingLocationRepository; If you want this repository to be a Redis repository, consider annotating your entities with one of these annotations: org.springframework.data.redis.core.RedisHash (preferred), or consider extending one of the following types with your repository: org.springframework.data.keyvalue.repository.KeyValueRepository
2026-09-01 18:33:21.934 [main] INFO  o.s.d.r.c.RepositoryConfigurationExtensionSupport - Spring Data Redis - Could not safely identify store assignment for repository candidate interface com.aiatelye.leather.repository.UserLimitRepository; If you want this repository to be a Redis repository, consider annotating your entities with one of these annotations: org.springframework.data.redis.core.RedisHash (preferred), or consider extending one of the following types with your repository: org.springframework.data.keyvalue.repository.KeyValueRepository
2026-09-01 18:33:21.935 [main] INFO  o.s.d.r.c.RepositoryConfigurationExtensionSupport - Spring Data Redis - Could not safely identify store assignment for repository candidate interface com.aiatelye.leather.repository.UserRepository; If you want this repository to be a Redis repository, consider annotating your entities with one of these annotations: org.springframework.data.redis.core.RedisHash (preferred), or consider extending one of the following types with your repository: org.springframework.data.keyvalue.repository.KeyValueRepository
2026-09-01 18:33:21.936 [main] INFO  o.s.d.r.c.RepositoryConfigurationExtensionSupport - Spring Data Redis - Could not safely identify store assignment for repository candidate interface com.aiatelye.leather.Securty.repository.AuthUserRepository; If you want this repository to be a Redis repository, consider annotating your entities with one of these annotations: org.springframework.data.redis.core.RedisHash (preferred), or consider extending one of the following types with your repository: org.springframework.data.keyvalue.repository.KeyValueRepository
2026-09-01 18:33:21.936 [main] INFO  o.s.d.r.c.RepositoryConfigurationDelegate - Finished Spring Data repository scanning in 68 ms. Found 0 Redis repository interfaces.
2026-09-01 18:33:22.746 [main] INFO  o.s.cloud.context.scope.GenericScope - BeanFactory id=35dc3c04-cf60-3a22-a864-4e0a2a33e972
2026-09-01 18:33:24.038 [main] INFO  o.s.b.w.e.tomcat.TomcatWebServer - Tomcat initialized with port 8080 (http)
2026-09-01 18:33:24.068 [main] INFO  o.a.coyote.http11.Http11NioProtocol - Initializing ProtocolHandler ["http-nio-8080"]
2026-09-01 18:33:24.072 [main] INFO  o.a.catalina.core.StandardService - Starting service [Tomcat]
2026-09-01 18:33:24.073 [main] INFO  o.a.catalina.core.StandardEngine - Starting Servlet engine: [Apache Tomcat/10.1.50]
2026-09-01 18:33:24.355 [main] INFO  o.a.c.c.C.[Tomcat].[localhost].[/] - Initializing Spring embedded WebApplicationContext
2026-09-01 18:33:24.358 [main] INFO  o.s.b.w.s.c.ServletWebServerApplicationContext - Root WebApplicationContext: initialization completed in 7342 ms
2026-09-01 18:33:24.948 [main] INFO  o.h.jpa.internal.util.LogHelper - HHH000204: Processing PersistenceUnitInfo [name: default]
2026-09-01 18:33:25.117 [main] INFO  org.hibernate.Version - HHH000412: Hibernate ORM core version 6.6.41.Final
2026-09-01 18:33:25.304 [main] INFO  o.h.c.i.RegionFactoryInitiator - HHH000026: Second-level cache disabled
2026-09-01 18:33:26.265 [main] INFO  o.s.o.j.p.SpringPersistenceUnitInfo - No LoadTimeWeaver setup: ignoring JPA class transformer
2026-09-01 18:33:26.377 [main] INFO  com.zaxxer.hikari.HikariDataSource - HikariPool-1 - Starting...
2026-09-01 18:33:28.340 [main] INFO  com.zaxxer.hikari.pool.HikariPool - HikariPool-1 - Added connection org.postgresql.jdbc.PgConnection@34c6b52e
2026-09-01 18:33:28.343 [main] INFO  com.zaxxer.hikari.HikariDataSource - HikariPool-1 - Start completed.
2026-09-01 18:33:29.590 [main] INFO  o.hibernate.orm.connections.pooling - HHH10001005: Database info:
	Database JDBC URL [Connecting through datasource 'HikariDataSource (HikariPool-1)']
	Database driver: undefined/unknown
	Database version: 15.17
	Autocommit mode: undefined/unknown
	Isolation level: undefined/unknown
	Minimum pool size: undefined/unknown
	Maximum pool size: undefined/unknown
2026-09-01 18:33:33.593 [main] INFO  o.h.e.t.j.p.i.JtaPlatformInitiator - HHH000489: No JTA platform available (set 'hibernate.transaction.jta.platform' to enable JTA platform integration)
2026-09-01 18:33:34.186 [main] WARN  o.h.e.jdbc.spi.SqlExceptionHelper - SQL Warning Code: 0, SQLState: 00000
2026-09-01 18:33:34.187 [main] WARN  o.h.e.jdbc.spi.SqlExceptionHelper - constraint "uk781pmjx7kf279uopjhmbwnqhl" of relation "favorites" does not exist, skipping
2026-09-01 18:33:35.779 [main] INFO  o.s.o.j.LocalContainerEntityManagerFactoryBean - Initialized JPA EntityManagerFactory for persistence unit 'default'
2026-09-01 18:33:36.910 [main] INFO  o.hibernate.query.sqm.tree.SqmNode - ========== PAYRIFF CONFIG YOXLANIŞI ==========
2026-09-01 18:33:36.911 [main] INFO  o.hibernate.query.sqm.tree.SqmNode - Base URL: {}https://api.payriff.com/api/v3
2026-09-01 18:33:36.912 [main] INFO  o.hibernate.query.sqm.tree.SqmNode - Merchant ID: {}ES1097832
2026-09-01 18:33:36.912 [main] INFO  o.hibernate.query.sqm.tree.SqmNode - Callback URL: {} https://furless-birgit-journalary.ngrok-free.dev/api/internal/payriff-callback
2026-09-01 18:33:36.913 [main] INFO  o.hibernate.query.sqm.tree.SqmNode - Secret Key Mövcuddur?: {}true
2026-09-01 18:33:36.913 [main] INFO  o.hibernate.query.sqm.tree.SqmNode - Secret Key (İlkin 6 simvol): {}******3D6627
2026-09-01 18:33:36.913 [main] INFO  o.hibernate.query.sqm.tree.SqmNode - ===============================================
2026-09-01 18:33:38.624 [main] INFO  c.a.l.componet.OrderNumberGenerator - Database sequence 'order_number_seq' checked/created successfully.
2026-09-01 18:33:40.155 [main] INFO  o.s.d.j.r.query.QueryEnhancerFactory - Hibernate is in classpath; If applicable, HQL parser will be used.
2026-09-01 18:33:46.058 [main] INFO  o.s.s.c.a.a.c.InitializeAuthenticationProviderBeanManagerConfigurer$InitializeAuthenticationProviderManagerConfigurer - Global AuthenticationManager configured with AuthenticationProvider bean with name daoAuthenticationProvider
2026-09-01 18:33:46.060 [main] WARN  o.s.s.c.a.a.c.InitializeUserDetailsBeanManagerConfigurer$InitializeUserDetailsManagerConfigurer - Global AuthenticationManager configured with an AuthenticationProvider bean. UserDetailsService beans will not be used by Spring Security for automatically configuring username/password login. Consider removing the AuthenticationProvider bean. Alternatively, consider using the UserDetailsService in a manually instantiated DaoAuthenticationProvider. If the current configuration is intentional, to turn off this warning, increase the logging level of 'org.springframework.security.config.annotation.authentication.configuration.InitializeUserDetailsBeanManagerConfigurer' to ERROR
2026-09-01 18:33:47.915 [main] INFO  o.a.coyote.http11.Http11NioProtocol - Starting ProtocolHandler ["http-nio-8080"]
2026-09-01 18:33:47.936 [main] INFO  o.s.b.w.e.tomcat.TomcatWebServer - Tomcat started on port 8080 (http) with context path '/'
2026-09-01 18:33:47.953 [main] INFO  o.s.a.r.c.CachingConnectionFactory - Attempting to connect to: [localhost:5672]
2026-09-01 18:33:48.174 [main] INFO  o.s.a.r.c.CachingConnectionFactory - Created new connection: rabbitConnectionFactory#6dceb58c:0/SimpleConnection@ad0a773 [delegate=amqp://admin@127.0.0.1:5672/, localPort=63964]
2026-09-01 18:33:48.483 [main] INFO  c.a.leather.AiatelyeApplication - Started AiatelyeApplication in 34.112 seconds (process running for 39.166)
2026-09-01 18:33:48.494 [main] INFO  c.a.l.componet.CountryConfigSeeder - Ölkələrin bazada olub-olmaması yoxlanılır...
2026-09-01 18:33:50.478 [main] INFO  c.a.l.componet.CountryConfigSeeder - Bütün çatdırılma ölkələri artıq bazada mövcuddur. Əlavə işləməyə ehtiyac yoxdur.
2026-09-01 18:55:35.703 [http-nio-8080-exec-1] INFO  o.a.c.c.C.[Tomcat].[localhost].[/] - Initializing Spring DispatcherServlet 'dispatcherServlet'
2026-09-01 18:55:35.730 [http-nio-8080-exec-1] INFO  o.s.web.servlet.DispatcherServlet - Initializing Servlet 'dispatcherServlet'
2026-09-01 18:55:35.950 [http-nio-8080-exec-1] INFO  o.s.web.servlet.DispatcherServlet - Completed initialization in 213 ms
2026-09-01 18:55:38.131 [http-nio-8080-exec-4] INFO  c.a.l.c.a.AdminPricingRuleController - GET /api/admin/pricing/rules
2026-09-01 18:55:38.216 [http-nio-8080-exec-4] INFO  c.a.l.s.pricing.PricingRuleService - Fetching pricing rules, activeOnly: false
2026-09-01 18:55:38.244 [http-nio-8080-exec-5] INFO  c.a.l.c.catalog.ProductController - GET /api/products - page: 0, filter: ProductFilterRequest(modelType=null, search=, page=0, size=12)
2026-09-01 18:55:38.286 [http-nio-8080-exec-5] INFO  c.a.l.s.c.ProductCatalogService - Fetching product catalog - page: 0, currency: USD
2026-09-01 18:55:39.607 [http-nio-8080-exec-6] INFO  c.a.l.c.a.AdminPricingRuleController - GET /api/admin/pricing/rules
2026-09-01 18:55:39.607 [http-nio-8080-exec-6] INFO  c.a.l.s.pricing.PricingRuleService - Fetching pricing rules, activeOnly: false
2026-09-01 18:55:42.483 [http-nio-8080-exec-5] INFO  c.a.l.cache.PriceCacheRepository - Price cached: price:product:13:grade:1:AZN
2026-09-01 18:55:43.321 [http-nio-8080-exec-5] INFO  c.a.l.cache.PriceCacheRepository - Price cached: price:product:8:grade:3:AZN
2026-09-01 18:55:43.546 [http-nio-8080-exec-5] INFO  c.a.l.cache.PriceCacheRepository - Price cached: price:product:5:grade:2:AZN
2026-09-01 18:55:43.764 [http-nio-8080-exec-5] INFO  c.a.l.cache.PriceCacheRepository - Price cached: price:product:1:grade:1:AZN
2026-09-01 18:55:43.845 [http-nio-8080-exec-5] INFO  c.a.l.c.ProductCatalogCacheRepository - Initial page cached for USD: 6 products
2026-09-01 18:55:50.075 [http-nio-8080-exec-8] INFO  c.a.l.c.a.AdminProductsController - GET /api/admin/products - filter: ProductModelFilter(id=null, modelname=null, modelType=null, availabilityStatus=null, isActive=null, from=null, to=null), page: Page request [number: 0, size 12, sort: createdAt: DESC]
2026-09-01 18:55:50.286 [http-nio-8080-exec-8] INFO  c.a.l.s.c.AdminProductModelService - Admin fetching ALL product models (including inactive/draft) with filter: ProductModelFilter(id=null, modelname=null, modelType=null, availabilityStatus=null, isActive=null, from=null, to=null)
2026-09-01 18:55:54.957 [http-nio-8080-exec-3] INFO  c.a.l.c.admin.AdminOrderController - GET /api/admin/orders - filter: OrderFilter(id=null, orderNumber=null, status=null, paymentStatus=null, customerEmail=null, customerName=null, from=null, to=null, minAmount=null, maxAmount=null), page: Page request [number: 0, size 10, sort: createdAt: DESC]
2026-09-01 18:55:55.002 [http-nio-8080-exec-3] INFO  c.a.l.s.Order.AdminOrderService - Admin fetching orders with filter: OrderFilter(id=null, orderNumber=null, status=null, paymentStatus=null, customerEmail=null, customerName=null, from=null, to=null, minAmount=null, maxAmount=null), pagination: Page request [number: 0, size 10, sort: createdAt: DESC]
2026-09-01 18:55:55.607 [http-nio-8080-exec-1] INFO  c.a.l.c.admin.AdminOrderController - GET /api/admin/orders - filter: OrderFilter(id=null, orderNumber=null, status=null, paymentStatus=null, customerEmail=null, customerName=null, from=null, to=null, minAmount=null, maxAmount=null), page: Page request [number: 0, size 10, sort: createdAt: DESC]
2026-09-01 18:55:55.608 [http-nio-8080-exec-1] INFO  c.a.l.s.Order.AdminOrderService - Admin fetching orders with filter: OrderFilter(id=null, orderNumber=null, status=null, paymentStatus=null, customerEmail=null, customerName=null, from=null, to=null, minAmount=null, maxAmount=null), pagination: Page request [number: 0, size 10, sort: createdAt: DESC]
2026-09-01 18:55:57.973 [http-nio-8080-exec-6] INFO  c.a.l.c.admin.AdminOrderController - GET /api/admin/orders/6 - Admin sifariş detalı sorğulayır
2026-09-01 18:55:57.978 [http-nio-8080-exec-6] INFO  c.a.l.s.Order.AdminOrderService - Admin fetching order detail: 6
2026-09-01 18:55:58.157 [http-nio-8080-exec-5] INFO  c.a.l.c.admin.AdminOrderController - GET /api/admin/orders/6 - Admin sifariş detalı sorğulayır
2026-09-01 18:55:58.161 [http-nio-8080-exec-5] INFO  c.a.l.s.Order.AdminOrderService - Admin fetching order detail: 6
2026-09-01 19:06:00.411 [http-nio-8080-exec-3] INFO  c.a.l.c.a.AdminPricingRuleController - GET /api/admin/pricing/rules
2026-09-01 19:06:00.412 [http-nio-8080-exec-10] INFO  c.a.l.c.a.AdminPricingRuleController - GET /api/admin/pricing/rules
2026-09-01 19:06:00.528 [http-nio-8080-exec-10] INFO  c.a.l.s.pricing.PricingRuleService - Fetching pricing rules, activeOnly: false
2026-09-01 19:06:00.528 [http-nio-8080-exec-3] INFO  c.a.l.s.pricing.PricingRuleService - Fetching pricing rules, activeOnly: false
2026-09-01 19:06:03.621 [http-nio-8080-exec-1] INFO  c.a.l.c.a.AdminPricingRuleController - GET /api/admin/pricing/rules
2026-09-01 19:06:04.661 [http-nio-8080-exec-4] INFO  c.a.l.c.admin.AdminOrderController - GET /api/admin/orders - filter: OrderFilter(id=null, orderNumber=null, status=null, paymentStatus=null, customerEmail=null, customerName=null, from=null, to=null, minAmount=null, maxAmount=null), page: Page request [number: 0, size 10, sort: createdAt: DESC]
2026-09-01 19:06:04.696 [http-nio-8080-exec-1] INFO  c.a.l.s.pricing.PricingRuleService - Fetching pricing rules, activeOnly: false
2026-09-01 19:06:04.697 [http-nio-8080-exec-4] INFO  c.a.l.s.Order.AdminOrderService - Admin fetching orders with filter: OrderFilter(id=null, orderNumber=null, status=null, paymentStatus=null, customerEmail=null, customerName=null, from=null, to=null, minAmount=null, maxAmount=null), pagination: Page request [number: 0, size 10, sort: createdAt: DESC]
2026-09-01 19:06:05.019 [http-nio-8080-exec-2] INFO  c.a.l.c.a.AdminPricingRuleController - GET /api/admin/pricing/rules
2026-09-01 19:06:05.021 [http-nio-8080-exec-2] INFO  c.a.l.s.pricing.PricingRuleService - Fetching pricing rules, activeOnly: false
2026-09-01 19:06:06.865 [http-nio-8080-exec-6] INFO  c.a.l.c.admin.AdminOrderController - GET /api/admin/orders - filter: OrderFilter(id=null, orderNumber=null, status=null, paymentStatus=null, customerEmail=null, customerName=null, from=null, to=null, minAmount=null, maxAmount=null), page: Page request [number: 0, size 10, sort: createdAt: DESC]
2026-09-01 19:06:06.898 [http-nio-8080-exec-6] INFO  c.a.l.s.Order.AdminOrderService - Admin fetching orders with filter: OrderFilter(id=null, orderNumber=null, status=null, paymentStatus=null, customerEmail=null, customerName=null, from=null, to=null, minAmount=null, maxAmount=null), pagination: Page request [number: 0, size 10, sort: createdAt: DESC]
2026-09-01 19:06:09.349 [http-nio-8080-exec-9] INFO  c.a.l.c.admin.AdminOrderController - GET /api/admin/orders/1 - Admin sifariş detalı sorğulayır
2026-09-01 19:06:09.360 [http-nio-8080-exec-9] INFO  c.a.l.s.Order.AdminOrderService - Admin fetching order detail: 1
2026-09-01 19:06:09.747 [http-nio-8080-exec-8] INFO  c.a.l.c.admin.AdminOrderController - GET /api/admin/orders/1 - Admin sifariş detalı sorğulayır
2026-09-01 19:06:09.748 [http-nio-8080-exec-8] INFO  c.a.l.s.Order.AdminOrderService - Admin fetching order detail: 1
2026-09-01 19:17:05.627 [http-nio-8080-exec-1] INFO  c.a.l.c.admin.AdminOrderController - GET /api/admin/orders - filter: OrderFilter(id=null, orderNumber=null, status=null, paymentStatus=null, customerEmail=null, customerName=null, from=null, to=null, minAmount=null, maxAmount=null), page: Page request [number: 0, size 10, sort: createdAt: DESC]
2026-09-01 19:17:05.690 [http-nio-8080-exec-1] INFO  c.a.l.s.Order.AdminOrderService - Admin fetching orders with filter: OrderFilter(id=null, orderNumber=null, status=null, paymentStatus=null, customerEmail=null, customerName=null, from=null, to=null, minAmount=null, maxAmount=null), pagination: Page request [number: 0, size 10, sort: createdAt: DESC]
2026-09-01 19:17:06.030 [http-nio-8080-exec-2] INFO  c.a.l.c.admin.AdminOrderController - GET /api/admin/orders - filter: OrderFilter(id=null, orderNumber=null, status=null, paymentStatus=null, customerEmail=null, customerName=null, from=null, to=null, minAmount=null, maxAmount=null), page: Page request [number: 0, size 10, sort: createdAt: DESC]
2026-09-01 19:17:06.033 [http-nio-8080-exec-2] INFO  c.a.l.s.Order.AdminOrderService - Admin fetching orders with filter: OrderFilter(id=null, orderNumber=null, status=null, paymentStatus=null, customerEmail=null, customerName=null, from=null, to=null, minAmount=null, maxAmount=null), pagination: Page request [number: 0, size 10, sort: createdAt: DESC]
2026-09-01 19:17:08.368 [http-nio-8080-exec-4] INFO  c.a.l.c.admin.AdminOrderController - GET /api/admin/orders/6 - Admin sifariş detalı sorğulayır
2026-09-01 19:17:08.374 [http-nio-8080-exec-4] INFO  c.a.l.s.Order.AdminOrderService - Admin fetching order detail: 6
2026-09-01 19:17:08.633 [http-nio-8080-exec-6] INFO  c.a.l.c.admin.AdminOrderController - GET /api/admin/orders/6 - Admin sifariş detalı sorğulayır
2026-09-01 19:17:08.657 [http-nio-8080-exec-6] INFO  c.a.l.s.Order.AdminOrderService - Admin fetching order detail: 6
2026-09-01 19:17:30.366 [http-nio-8080-exec-5] INFO  c.a.l.c.admin.AdminOrderController - GET /api/admin/orders - filter: OrderFilter(id=null, orderNumber=null, status=null, paymentStatus=null, customerEmail=null, customerName=null, from=null, to=null, minAmount=null, maxAmount=null), page: Page request [number: 0, size 10, sort: createdAt: DESC]
2026-09-01 19:17:30.377 [http-nio-8080-exec-5] INFO  c.a.l.s.Order.AdminOrderService - Admin fetching orders with filter: OrderFilter(id=null, orderNumber=null, status=null, paymentStatus=null, customerEmail=null, customerName=null, from=null, to=null, minAmount=null, maxAmount=null), pagination: Page request [number: 0, size 10, sort: createdAt: DESC]
2026-09-01 19:17:30.438 [http-nio-8080-exec-7] INFO  c.a.l.c.admin.AdminOrderController - GET /api/admin/orders - filter: OrderFilter(id=null, orderNumber=null, status=null, paymentStatus=null, customerEmail=null, customerName=null, from=null, to=null, minAmount=null, maxAmount=null), page: Page request [number: 0, size 10, sort: createdAt: DESC]
2026-09-01 19:17:30.439 [http-nio-8080-exec-7] INFO  c.a.l.s.Order.AdminOrderService - Admin fetching orders with filter: OrderFilter(id=null, orderNumber=null, status=null, paymentStatus=null, customerEmail=null, customerName=null, from=null, to=null, minAmount=null, maxAmount=null), pagination: Page request [number: 0, size 10, sort: createdAt: DESC]
2026-09-01 19:20:26.410 [http-nio-8080-exec-10] INFO  c.a.l.c.admin.AdminOrderController - GET /api/admin/orders/1 - Admin sifariş detalı sorğulayır
2026-09-01 19:20:26.413 [http-nio-8080-exec-10] INFO  c.a.l.s.Order.AdminOrderService - Admin fetching order detail: 1
2026-09-01 19:20:26.475 [http-nio-8080-exec-3] INFO  c.a.l.c.admin.AdminOrderController - GET /api/admin/orders/1 - Admin sifariş detalı sorğulayır
2026-09-01 19:20:26.477 [http-nio-8080-exec-3] INFO  c.a.l.s.Order.AdminOrderService - Admin fetching order detail: 1
2026-09-01 19:22:12.371 [http-nio-8080-exec-4] INFO  c.a.l.c.a.AdminLeathersController - GET /api/admin/leathers - filter: LeatherFilter(id=null, leathername=null, origin=null, color=null, gradeType=null, availabilityStatus=null, isActive=null, from=null, to=null), page: Page request [number: 0, size 10, sort: createdAt: DESC]
2026-09-01 19:22:12.424 [http-nio-8080-exec-4] INFO  c.a.l.s.admin.AdminLeatherService - Admin fetching ALL leathers (including inactive/draft) with filter: LeatherFilter(id=null, leathername=null, origin=null, color=null, gradeType=null, availabilityStatus=null, isActive=null, from=null, to=null)
2026-09-01 19:22:14.128 [http-nio-8080-exec-6] INFO  c.a.l.c.catalog.ProductController - GET /api/products - page: 0, filter: ProductFilterRequest(modelType=null, search=, page=0, size=12)
2026-09-01 19:22:14.155 [http-nio-8080-exec-6] INFO  c.a.l.s.c.ProductCatalogService - Fetching product catalog - page: 0, currency: USD
2026-09-01 19:22:15.026 [http-nio-8080-exec-6] INFO  c.a.l.c.ProductCatalogCacheRepository - Initial page cache hit for USD
2026-09-01 20:12:20.083 [http-nio-8080-exec-9] INFO  c.a.l.c.a.AdminPricingRuleController - GET /api/admin/pricing/rules
2026-09-01 20:12:20.221 [http-nio-8080-exec-7] INFO  c.a.l.c.catalog.ProductController - GET /api/products - page: 0, filter: ProductFilterRequest(modelType=null, search=, page=0, size=12)
2026-09-01 20:12:20.413 [http-nio-8080-exec-9] INFO  c.a.l.s.pricing.PricingRuleService - Fetching pricing rules, activeOnly: false
2026-09-01 20:12:20.476 [http-nio-8080-exec-7] INFO  c.a.l.s.c.ProductCatalogService - Fetching product catalog - page: 0, currency: USD
2026-09-01 20:12:22.017 [http-nio-8080-exec-10] INFO  c.a.l.c.a.AdminPricingRuleController - GET /api/admin/pricing/rules
2026-09-01 20:12:22.020 [http-nio-8080-exec-10] INFO  c.a.l.s.pricing.PricingRuleService - Fetching pricing rules, activeOnly: false
2026-09-01 20:12:22.453 [http-nio-8080-exec-7] INFO  c.a.l.cache.PriceCacheRepository - Price cached: price:product:13:grade:1:AZN
2026-09-01 20:12:22.675 [http-nio-8080-exec-7] INFO  c.a.l.cache.PriceCacheRepository - Price cached: price:product:8:grade:3:AZN
2026-09-01 20:12:23.450 [http-nio-8080-exec-7] INFO  c.a.l.cache.PriceCacheRepository - Price cached: price:product:5:grade:2:AZN
2026-09-01 20:12:23.494 [http-nio-8080-exec-7] INFO  c.a.l.cache.PriceCacheRepository - Price cached: price:product:1:grade:1:AZN
2026-09-01 20:12:23.546 [http-nio-8080-exec-7] INFO  c.a.l.c.ProductCatalogCacheRepository - Initial page cached for USD: 6 products
2026-09-01 20:12:36.979 [http-nio-8080-exec-8] INFO  c.a.l.c.order.OrderController - GET /api/orders/me - User: 13, page: 0
2026-09-01 20:12:37.103 [http-nio-8080-exec-9] INFO  c.a.l.c.order.OrderController - GET /api/orders/me - User: 13, page: 0
2026-09-01 20:12:40.663 [http-nio-8080-exec-1] INFO  c.a.l.c.order.OrderController - GET /api/orders/5 - User: 13
2026-09-01 20:12:40.771 [http-nio-8080-exec-7] INFO  c.a.l.c.order.OrderController - GET /api/orders/5 - User: 13
2026-09-01 20:13:05.747 [http-nio-8080-exec-4] INFO  c.a.l.controller.PaymentController - POST /api/payments/checkout/5 - User: 13
2026-09-01 20:13:07.911 [http-nio-8080-exec-4] INFO  c.a.l.s.p.PaymentServiceImpl - PayRiff checkout created: orderId=5, providerOrderId=701ef4fe-d87c-4ef4-a09b-ab4c439d0a7d
2026-09-01 20:24:21.989 [http-nio-8080-exec-9] INFO  c.a.l.c.catalog.ProductController - GET /api/products - page: 0, filter: ProductFilterRequest(modelType=null, search=, page=0, size=12)
2026-09-01 20:24:22.049 [http-nio-8080-exec-9] INFO  c.a.l.s.c.ProductCatalogService - Fetching product catalog - page: 0, currency: USD
2026-09-01 20:24:24.037 [http-nio-8080-exec-9] INFO  c.a.l.c.ProductCatalogCacheRepository - Initial page cache hit for USD
2026-09-01 20:24:25.926 [http-nio-8080-exec-3] INFO  c.a.l.c.order.OrderController - GET /api/orders/me - User: 13, page: 0
2026-09-01 20:24:26.858 [http-nio-8080-exec-10] INFO  c.a.l.c.order.OrderController - GET /api/orders/me - User: 13, page: 0
2026-09-01 20:24:29.807 [http-nio-8080-exec-1] INFO  c.a.l.c.order.OrderController - GET /api/orders/5 - User: 13
2026-09-01 20:24:29.973 [http-nio-8080-exec-7] INFO  c.a.l.c.order.OrderController - GET /api/orders/5 - User: 13
2026-09-01 20:24:31.940 [http-nio-8080-exec-2] INFO  c.a.l.controller.PaymentController - POST /api/payments/checkout/5 - User: 13
2026-09-01 20:24:32.535 [http-nio-8080-exec-2] INFO  c.a.l.s.p.PaymentServiceImpl - PayRiff checkout created: orderId=5, providerOrderId=882fbccd-b94b-48dc-bac6-68788e9e4918
2026-09-01 20:34:01.768 [http-nio-8080-exec-5] INFO  c.a.l.c.order.OrderController - GET /api/orders/5 - User: 13
2026-09-01 20:34:02.459 [http-nio-8080-exec-8] INFO  c.a.l.c.order.OrderController - GET /api/orders/5 - User: 13
2026-09-01 20:34:04.922 [http-nio-8080-exec-9] INFO  c.a.l.controller.PaymentController - POST /api/payments/checkout/5 - User: 13
2026-09-01 20:34:08.169 [http-nio-8080-exec-9] INFO  c.a.l.s.p.PaymentServiceImpl - PayRiff checkout created: orderId=5, providerOrderId=bd4d60ea-4973-406e-8968-5c3f9c0a718d
2026-09-01 20:36:24.751 [http-nio-8080-exec-1] INFO  c.a.l.c.order.OrderController - GET /api/orders/5 - User: 13
2026-09-01 20:36:24.948 [http-nio-8080-exec-7] INFO  c.a.l.c.order.OrderController - GET /api/orders/5 - User: 13
2026-09-01 20:36:33.604 [http-nio-8080-exec-4] INFO  c.a.l.c.order.OrderController - GET /api/orders/5 - User: 13
2026-09-01 20:36:44.509 [http-nio-8080-exec-6] INFO  c.a.l.c.order.OrderController - GET /api/orders/5 - User: 13
2026-09-01 20:36:52.079 [http-nio-8080-exec-5] INFO  c.a.l.c.order.OrderController - GET /api/orders/5 - User: 13
2026-09-01 20:36:59.584 [http-nio-8080-exec-8] INFO  c.a.l.c.order.OrderController - GET /api/orders/5 - User: 13
2026-09-01 20:37:33.170 [http-nio-8080-exec-9] INFO  c.a.l.c.order.OrderController - GET /api/orders/5 - User: 13
2026-09-01 20:38:19.985 [http-nio-8080-exec-3] INFO  c.a.l.c.order.OrderController - GET /api/orders/5 - User: 13
2026-09-01 21:43:48.838 [HikariPool-1:housekeeper] WARN  com.zaxxer.hikari.pool.HikariPool - HikariPool-1 - Thread starvation or clock leap detected (housekeeper delta=46m46s303ms599µs900ns).
2026-09-01 21:43:54.319 [HikariPool-1:housekeeper] WARN  com.zaxxer.hikari.pool.PoolBase - HikariPool-1 - Failed to validate connection org.postgresql.jdbc.PgConnection@29105a04 (This connection has been closed.). Possibly consider using a shorter maxLifetime value.
2026-09-01 21:43:56.406 [http-nio-8080-exec-6] INFO  c.a.l.c.order.OrderController - GET /api/orders/5 - User: 13
2026-09-01 21:44:02.862 [http-nio-8080-exec-5] INFO  c.a.l.c.order.OrderController - GET /api/orders/5 - User: 13
2026-09-01 21:44:23.356 [http-nio-8080-exec-10] INFO  c.a.l.c.a.AdminPricingRuleController - GET /api/admin/pricing/rules
2026-09-01 21:44:23.572 [http-nio-8080-exec-10] INFO  c.a.l.s.pricing.PricingRuleService - Fetching pricing rules, activeOnly: false
2026-09-01 21:44:29.738 [http-nio-8080-exec-2] INFO  c.a.l.c.catalog.ProductController - GET /api/products - page: 0, filter: ProductFilterRequest(modelType=null, search=, page=0, size=12)
2026-09-01 21:44:29.792 [http-nio-8080-exec-2] INFO  c.a.l.s.c.ProductCatalogService - Fetching product catalog - page: 0, currency: USD
2026-09-01 21:44:32.929 [http-nio-8080-exec-2] INFO  c.a.l.cache.PriceCacheRepository - Price cached: price:product:13:grade:1:AZN
2026-09-01 21:44:33.420 [http-nio-8080-exec-2] INFO  c.a.l.cache.PriceCacheRepository - Price cached: price:product:8:grade:3:AZN
2026-09-01 21:44:33.503 [http-nio-8080-exec-2] INFO  c.a.l.cache.PriceCacheRepository - Price cached: price:product:5:grade:2:AZN
2026-09-01 21:44:33.550 [http-nio-8080-exec-2] INFO  c.a.l.cache.PriceCacheRepository - Price cached: price:product:1:grade:1:AZN
2026-09-01 21:44:33.617 [http-nio-8080-exec-2] INFO  c.a.l.c.ProductCatalogCacheRepository - Initial page cached for USD: 6 products
2026-09-01 21:44:45.241 [http-nio-8080-exec-6] INFO  c.a.l.c.a.AdminPricingRuleController - GET /api/admin/pricing/rules
2026-09-01 21:44:45.242 [http-nio-8080-exec-6] INFO  c.a.l.s.pricing.PricingRuleService - Fetching pricing rules, activeOnly: false
2026-09-01 21:44:45.726 [http-nio-8080-exec-8] INFO  c.a.l.c.catalog.ProductController - GET /api/products - page: 0, filter: ProductFilterRequest(modelType=null, search=, page=0, size=12)
2026-09-01 21:44:45.735 [http-nio-8080-exec-8] INFO  c.a.l.s.c.ProductCatalogService - Fetching product catalog - page: 0, currency: USD
2026-09-01 21:44:46.158 [http-nio-8080-exec-8] INFO  c.a.l.c.ProductCatalogCacheRepository - Initial page cache hit for USD
2026-09-01 21:44:50.567 [http-nio-8080-exec-3] INFO  c.a.l.c.a.AdminProductsController - GET /api/admin/products - filter: ProductModelFilter(id=null, modelname=null, modelType=null, availabilityStatus=null, isActive=null, from=null, to=null), page: Page request [number: 0, size 12, sort: createdAt: DESC]
2026-09-01 21:44:50.597 [http-nio-8080-exec-3] INFO  c.a.l.s.c.AdminProductModelService - Admin fetching ALL product models (including inactive/draft) with filter: ProductModelFilter(id=null, modelname=null, modelType=null, availabilityStatus=null, isActive=null, from=null, to=null)
2026-09-01 21:44:53.732 [http-nio-8080-exec-10] INFO  c.a.l.c.admin.AdminOrderController - GET /api/admin/orders - filter: OrderFilter(id=null, orderNumber=null, status=null, paymentStatus=null, customerEmail=null, customerName=null, from=null, to=null, minAmount=null, maxAmount=null), page: Page request [number: 0, size 10, sort: createdAt: DESC]
2026-09-01 21:44:53.743 [http-nio-8080-exec-10] INFO  c.a.l.s.Order.AdminOrderService - Admin fetching orders with filter: OrderFilter(id=null, orderNumber=null, status=null, paymentStatus=null, customerEmail=null, customerName=null, from=null, to=null, minAmount=null, maxAmount=null), pagination: Page request [number: 0, size 10, sort: createdAt: DESC]
2026-09-01 21:44:53.858 [http-nio-8080-exec-2] INFO  c.a.l.c.admin.AdminOrderController - GET /api/admin/orders - filter: OrderFilter(id=null, orderNumber=null, status=null, paymentStatus=null, customerEmail=null, customerName=null, from=null, to=null, minAmount=null, maxAmount=null), page: Page request [number: 0, size 10, sort: createdAt: DESC]
2026-09-01 21:44:53.860 [http-nio-8080-exec-2] INFO  c.a.l.s.Order.AdminOrderService - Admin fetching orders with filter: OrderFilter(id=null, orderNumber=null, status=null, paymentStatus=null, customerEmail=null, customerName=null, from=null, to=null, minAmount=null, maxAmount=null), pagination: Page request [number: 0, size 10, sort: createdAt: DESC]
2026-09-01 21:44:55.690 [http-nio-8080-exec-5] INFO  c.a.l.c.admin.AdminOrderController - GET /api/admin/orders/1 - Admin sifariş detalı sorğulayır
2026-09-01 21:44:55.698 [http-nio-8080-exec-5] INFO  c.a.l.s.Order.AdminOrderService - Admin fetching order detail: 1
2026-09-01 21:44:55.785 [http-nio-8080-exec-8] INFO  c.a.l.c.admin.AdminOrderController - GET /api/admin/orders/1 - Admin sifariş detalı sorğulayır
2026-09-01 21:44:55.786 [http-nio-8080-exec-8] INFO  c.a.l.s.Order.AdminOrderService - Admin fetching order detail: 1
2026-09-01 21:45:03.846 [http-nio-8080-exec-9] INFO  c.a.l.c.admin.AdminOrderController - GET /api/admin/orders - filter: OrderFilter(id=null, orderNumber=null, status=null, paymentStatus=null, customerEmail=null, customerName=null, from=null, to=null, minAmount=null, maxAmount=null), page: Page request [number: 0, size 10, sort: createdAt: DESC]
2026-09-01 21:45:03.851 [http-nio-8080-exec-9] INFO  c.a.l.s.Order.AdminOrderService - Admin fetching orders with filter: OrderFilter(id=null, orderNumber=null, status=null, paymentStatus=null, customerEmail=null, customerName=null, from=null, to=null, minAmount=null, maxAmount=null), pagination: Page request [number: 0, size 10, sort: createdAt: DESC]
2026-09-01 21:45:04.045 [http-nio-8080-exec-3] INFO  c.a.l.c.admin.AdminOrderController - GET /api/admin/orders - filter: OrderFilter(id=null, orderNumber=null, status=null, paymentStatus=null, customerEmail=null, customerName=null, from=null, to=null, minAmount=null, maxAmount=null), page: Page request [number: 0, size 10, sort: createdAt: DESC]
2026-09-01 21:45:04.071 [http-nio-8080-exec-3] INFO  c.a.l.s.Order.AdminOrderService - Admin fetching orders with filter: OrderFilter(id=null, orderNumber=null, status=null, paymentStatus=null, customerEmail=null, customerName=null, from=null, to=null, minAmount=null, maxAmount=null), pagination: Page request [number: 0, size 10, sort: createdAt: DESC]
2026-09-01 21:45:06.150 [http-nio-8080-exec-10] INFO  c.a.l.c.admin.AdminOrderController - GET /api/admin/orders/6 - Admin sifariş detalı sorğulayır
2026-09-01 21:45:06.164 [http-nio-8080-exec-10] INFO  c.a.l.s.Order.AdminOrderService - Admin fetching order detail: 6
2026-09-01 21:45:06.247 [http-nio-8080-exec-2] INFO  c.a.l.c.admin.AdminOrderController - GET /api/admin/orders/6 - Admin sifariş detalı sorğulayır
2026-09-01 21:45:06.248 [http-nio-8080-exec-2] INFO  c.a.l.s.Order.AdminOrderService - Admin fetching order detail: 6
2026-09-01 21:45:16.618 [http-nio-8080-exec-4] INFO  c.a.l.c.admin.AdminOrderController - GET /api/admin/orders - filter: OrderFilter(id=null, orderNumber=null, status=null, paymentStatus=null, customerEmail=null, customerName=null, from=null, to=null, minAmount=null, maxAmount=null), page: Page request [number: 0, size 10, sort: createdAt: DESC]
2026-09-01 21:45:16.622 [http-nio-8080-exec-4] INFO  c.a.l.s.Order.AdminOrderService - Admin fetching orders with filter: OrderFilter(id=null, orderNumber=null, status=null, paymentStatus=null, customerEmail=null, customerName=null, from=null, to=null, minAmount=null, maxAmount=null), pagination: Page request [number: 0, size 10, sort: createdAt: DESC]
2026-09-01 21:45:16.687 [http-nio-8080-exec-6] INFO  c.a.l.c.admin.AdminOrderController - GET /api/admin/orders - filter: OrderFilter(id=null, orderNumber=null, status=null, paymentStatus=null, customerEmail=null, customerName=null, from=null, to=null, minAmount=null, maxAmount=null), page: Page request [number: 0, size 10, sort: createdAt: DESC]
2026-09-01 21:45:16.688 [http-nio-8080-exec-6] INFO  c.a.l.s.Order.AdminOrderService - Admin fetching orders with filter: OrderFilter(id=null, orderNumber=null, status=null, paymentStatus=null, customerEmail=null, customerName=null, from=null, to=null, minAmount=null, maxAmount=null), pagination: Page request [number: 0, size 10, sort: createdAt: DESC]
2026-09-01 21:45:20.258 [http-nio-8080-exec-9] INFO  c.a.l.c.admin.AdminOrderController - GET /api/admin/orders/4 - Admin sifariş detalı sorğulayır
2026-09-01 21:45:20.270 [http-nio-8080-exec-9] INFO  c.a.l.s.Order.AdminOrderService - Admin fetching order detail: 4
2026-09-01 21:45:20.398 [http-nio-8080-exec-3] INFO  c.a.l.c.admin.AdminOrderController - GET /api/admin/orders/4 - Admin sifariş detalı sorğulayır
2026-09-01 21:45:20.399 [http-nio-8080-exec-3] INFO  c.a.l.s.Order.AdminOrderService - Admin fetching order detail: 4
2026-09-01 21:45:51.483 [http-nio-8080-exec-1] INFO  c.a.l.c.admin.AdminOrderController - GET /api/admin/orders - filter: OrderFilter(id=null, orderNumber=null, status=null, paymentStatus=null, customerEmail=null, customerName=null, from=null, to=null, minAmount=null, maxAmount=null), page: Page request [number: 0, size 10, sort: createdAt: DESC]
2026-09-01 21:45:51.490 [http-nio-8080-exec-1] INFO  c.a.l.s.Order.AdminOrderService - Admin fetching orders with filter: OrderFilter(id=null, orderNumber=null, status=null, paymentStatus=null, customerEmail=null, customerName=null, from=null, to=null, minAmount=null, maxAmount=null), pagination: Page request [number: 0, size 10, sort: createdAt: DESC]
2026-09-01 21:45:51.587 [http-nio-8080-exec-7] INFO  c.a.l.c.admin.AdminOrderController - GET /api/admin/orders - filter: OrderFilter(id=null, orderNumber=null, status=null, paymentStatus=null, customerEmail=null, customerName=null, from=null, to=null, minAmount=null, maxAmount=null), page: Page request [number: 0, size 10, sort: createdAt: DESC]
2026-09-01 21:45:51.588 [http-nio-8080-exec-7] INFO  c.a.l.s.Order.AdminOrderService - Admin fetching orders with filter: OrderFilter(id=null, orderNumber=null, status=null, paymentStatus=null, customerEmail=null, customerName=null, from=null, to=null, minAmount=null, maxAmount=null), pagination: Page request [number: 0, size 10, sort: createdAt: DESC]
2026-09-01 21:45:54.979 [http-nio-8080-exec-10] INFO  c.a.l.c.admin.AdminOrderController - GET /api/admin/orders/6 - Admin sifariş detalı sorğulayır
2026-09-01 21:45:54.985 [http-nio-8080-exec-10] INFO  c.a.l.s.Order.AdminOrderService - Admin fetching order detail: 6
2026-09-01 21:45:55.032 [http-nio-8080-exec-2] INFO  c.a.l.c.admin.AdminOrderController - GET /api/admin/orders/6 - Admin sifariş detalı sorğulayır
2026-09-01 21:45:55.034 [http-nio-8080-exec-2] INFO  c.a.l.s.Order.AdminOrderService - Admin fetching order detail: 6
2026-09-01 21:46:02.415 [http-nio-8080-exec-4] INFO  c.a.l.c.admin.AdminOrderController - GET /api/admin/orders - filter: OrderFilter(id=null, orderNumber=null, status=null, paymentStatus=null, customerEmail=null, customerName=null, from=null, to=null, minAmount=null, maxAmount=null), page: Page request [number: 0, size 10, sort: createdAt: DESC]
2026-09-01 21:46:02.433 [http-nio-8080-exec-4] INFO  c.a.l.s.Order.AdminOrderService - Admin fetching orders with filter: OrderFilter(id=null, orderNumber=null, status=null, paymentStatus=null, customerEmail=null, customerName=null, from=null, to=null, minAmount=null, maxAmount=null), pagination: Page request [number: 0, size 10, sort: createdAt: DESC]
2026-09-01 21:46:02.801 [http-nio-8080-exec-6] INFO  c.a.l.c.admin.AdminOrderController - GET /api/admin/orders - filter: OrderFilter(id=null, orderNumber=null, status=null, paymentStatus=null, customerEmail=null, customerName=null, from=null, to=null, minAmount=null, maxAmount=null), page: Page request [number: 0, size 10, sort: createdAt: DESC]
2026-09-01 21:46:02.802 [http-nio-8080-exec-6] INFO  c.a.l.s.Order.AdminOrderService - Admin fetching orders with filter: OrderFilter(id=null, orderNumber=null, status=null, paymentStatus=null, customerEmail=null, customerName=null, from=null, to=null, minAmount=null, maxAmount=null), pagination: Page request [number: 0, size 10, sort: createdAt: DESC]
2026-09-01 21:46:26.638 [http-nio-8080-exec-5] INFO  c.a.l.c.admin.AdminOrderController - GET /api/admin/orders/6 - Admin sifariş detalı sorğulayır
2026-09-01 21:46:26.768 [http-nio-8080-exec-5] INFO  c.a.l.s.Order.AdminOrderService - Admin fetching order detail: 6
2026-09-01 21:46:26.953 [http-nio-8080-exec-8] INFO  c.a.l.c.admin.AdminOrderController - GET /api/admin/orders/6 - Admin sifariş detalı sorğulayır
2026-09-01 21:46:26.953 [http-nio-8080-exec-8] INFO  c.a.l.s.Order.AdminOrderService - Admin fetching order detail: 6
2026-09-01 21:47:14.189 [http-nio-8080-exec-1] INFO  c.a.l.c.a.AdminLeathersController - GET /api/admin/leathers - filter: LeatherFilter(id=null, leathername=null, origin=null, color=null, gradeType=null, availabilityStatus=null, isActive=null, from=null, to=null), page: Page request [number: 0, size 10, sort: createdAt: DESC]
2026-09-01 21:47:14.217 [http-nio-8080-exec-1] INFO  c.a.l.s.admin.AdminLeatherService - Admin fetching ALL leathers (including inactive/draft) with filter: LeatherFilter(id=null, leathername=null, origin=null, color=null, gradeType=null, availabilityStatus=null, isActive=null, from=null, to=null)
2026-09-01 21:48:23.038 [http-nio-8080-exec-10] INFO  c.a.l.c.admin.AdminOrderController - GET /api/admin/orders - filter: OrderFilter(id=null, orderNumber=null, status=null, paymentStatus=null, customerEmail=null, customerName=null, from=null, to=null, minAmount=null, maxAmount=null), page: Page request [number: 0, size 10, sort: createdAt: DESC]
2026-09-01 21:48:23.041 [http-nio-8080-exec-10] INFO  c.a.l.s.Order.AdminOrderService - Admin fetching orders with filter: OrderFilter(id=null, orderNumber=null, status=null, paymentStatus=null, customerEmail=null, customerName=null, from=null, to=null, minAmount=null, maxAmount=null), pagination: Page request [number: 0, size 10, sort: createdAt: DESC]
2026-09-01 21:48:23.151 [http-nio-8080-exec-2] INFO  c.a.l.c.admin.AdminOrderController - GET /api/admin/orders - filter: OrderFilter(id=null, orderNumber=null, status=null, paymentStatus=null, customerEmail=null, customerName=null, from=null, to=null, minAmount=null, maxAmount=null), page: Page request [number: 0, size 10, sort: createdAt: DESC]
2026-09-01 21:48:23.152 [http-nio-8080-exec-2] INFO  c.a.l.s.Order.AdminOrderService - Admin fetching orders with filter: OrderFilter(id=null, orderNumber=null, status=null, paymentStatus=null, customerEmail=null, customerName=null, from=null, to=null, minAmount=null, maxAmount=null), pagination: Page request [number: 0, size 10, sort: createdAt: DESC]
2026-09-01 21:50:34.382 [http-nio-8080-exec-6] INFO  c.a.l.c.catalog.ProductController - GET /api/products - page: 0, filter: ProductFilterRequest(modelType=null, search=, page=0, size=12)
2026-09-01 21:50:34.478 [http-nio-8080-exec-6] INFO  c.a.l.s.c.ProductCatalogService - Fetching product catalog - page: 0, currency: USD
2026-09-01 21:50:34.853 [http-nio-8080-exec-6] INFO  c.a.l.c.ProductCatalogCacheRepository - Initial page cache hit for USD
2026-09-01 21:50:40.766 [http-nio-8080-exec-8] INFO  c.a.l.c.order.CartController - POST /api/cart/preview - 1 items, currency: USD
2026-09-01 21:50:40.773 [http-nio-8080-exec-8] INFO  c.a.l.s.Order.CartPreviewService - Cart preview requested with 1 items, currency: USD
2026-09-01 21:50:41.295 [http-nio-8080-exec-8] INFO  c.a.l.cache.PriceCacheRepository - Price cached: price:product:13:grade:1:AZN
2026-09-01 21:50:45.139 [http-nio-8080-exec-10] INFO  c.a.l.c.catalog.ProductController - GET /api/products/13 - Product detail requested
2026-09-01 21:50:45.199 [http-nio-8080-exec-2] INFO  c.a.l.c.catalog.ProductController - GET /api/products/13/available-leathers
2026-09-01 21:50:45.317 [http-nio-8080-exec-2] INFO  c.a.l.s.c.ProductCatalogService - Fetching available leathers for product: 13
2026-09-01 21:50:45.729 [http-nio-8080-exec-10] INFO  c.a.l.cache.PriceCacheRepository - Price cached: price:product:13:grade:1:AZN
2026-09-01 21:50:45.854 [http-nio-8080-exec-10] INFO  c.a.l.c.ProductCatalogCacheRepository - Product detail cached with key: product:detail:13:USD
2026-09-01 21:50:45.927 [http-nio-8080-exec-4] INFO  c.a.l.c.catalog.ProductController - GET /api/products/13 - Product detail requested
2026-09-01 21:50:45.953 [http-nio-8080-exec-4] INFO  c.a.l.c.ProductCatalogCacheRepository - Product detail cache hit: product:detail:13:USD
2026-09-01 21:50:45.953 [http-nio-8080-exec-4] INFO  c.a.l.s.c.ProductCatalogService - Cache hit: Returning product 13 for USD
2026-09-01 21:50:46.079 [http-nio-8080-exec-2] INFO  c.a.l.cache.LeatherCacheRepository - Cached 2 leathers for product: 13
2026-09-01 21:50:46.079 [http-nio-8080-exec-2] INFO  c.a.l.s.c.ProductCatalogService - Found and cached 2 leathers for product: 13
2026-09-01 21:50:46.102 [http-nio-8080-exec-6] INFO  c.a.l.c.catalog.ProductController - GET /api/products/13/available-leathers
2026-09-01 21:50:46.103 [http-nio-8080-exec-6] INFO  c.a.l.s.c.ProductCatalogService - Fetching available leathers for product: 13
2026-09-01 21:50:46.129 [http-nio-8080-exec-6] INFO  c.a.l.cache.LeatherCacheRepository - Cache hit for leathers: 13
2026-09-01 21:50:46.146 [http-nio-8080-exec-6] INFO  c.a.l.s.c.ProductCatalogService - Returning cached leathers for product: 13
2026-09-01 21:50:49.720 [http-nio-8080-exec-5] INFO  c.a.l.c.order.CartController - POST /api/cart/preview - 1 items, currency: USD
2026-09-01 21:50:49.725 [http-nio-8080-exec-5] INFO  c.a.l.s.Order.CartPreviewService - Cart preview requested with 1 items, currency: USD
2026-09-01 21:50:49.815 [http-nio-8080-exec-5] INFO  c.a.l.cache.PriceCacheRepository - Price cached: price:product:13:grade:1:AZN
2026-09-01 21:51:28.114 [http-nio-8080-exec-1] INFO  c.a.l.c.catalog.ProductController - GET /api/products - page: 0, filter: ProductFilterRequest(modelType=null, search=, page=0, size=12)
2026-09-01 21:51:28.114 [http-nio-8080-exec-1] INFO  c.a.l.s.c.ProductCatalogService - Fetching product catalog - page: 0, currency: USD
2026-09-01 21:51:28.234 [http-nio-8080-exec-1] INFO  c.a.l.c.ProductCatalogCacheRepository - Initial page cache hit for USD
2026-09-01 21:51:29.268 [http-nio-8080-exec-6] INFO  c.a.l.c.catalog.ProductController - GET /api/products/8 - Product detail requested
2026-09-01 21:51:29.279 [http-nio-8080-exec-2] INFO  c.a.l.c.catalog.ProductController - GET /api/products/8/available-leathers
2026-09-01 21:51:29.291 [http-nio-8080-exec-2] INFO  c.a.l.s.c.ProductCatalogService - Fetching available leathers for product: 8
2026-09-01 21:51:29.584 [http-nio-8080-exec-2] INFO  c.a.l.cache.LeatherCacheRepository - Cached 4 leathers for product: 8
2026-09-01 21:51:29.585 [http-nio-8080-exec-2] INFO  c.a.l.s.c.ProductCatalogService - Found and cached 4 leathers for product: 8
2026-09-01 21:51:29.623 [http-nio-8080-exec-6] INFO  c.a.l.cache.PriceCacheRepository - Price cached: price:product:8:grade:1:AZN
2026-09-01 21:51:29.701 [http-nio-8080-exec-5] INFO  c.a.l.c.catalog.ProductController - GET /api/products/8/available-leathers
2026-09-01 21:51:29.702 [http-nio-8080-exec-5] INFO  c.a.l.s.c.ProductCatalogService - Fetching available leathers for product: 8
2026-09-01 21:51:29.736 [http-nio-8080-exec-5] INFO  c.a.l.cache.LeatherCacheRepository - Cache hit for leathers: 8
2026-09-01 21:51:29.737 [http-nio-8080-exec-5] INFO  c.a.l.s.c.ProductCatalogService - Returning cached leathers for product: 8
2026-09-01 21:51:29.790 [http-nio-8080-exec-6] INFO  c.a.l.cache.PriceCacheRepository - Price cached: price:product:8:grade:2:AZN
2026-09-01 21:51:29.907 [http-nio-8080-exec-6] INFO  c.a.l.cache.PriceCacheRepository - Price cached: price:product:8:grade:3:AZN
2026-09-01 21:51:29.982 [http-nio-8080-exec-6] INFO  c.a.l.c.ProductCatalogCacheRepository - Product detail cached with key: product:detail:8:USD
2026-09-01 21:51:30.031 [http-nio-8080-exec-8] INFO  c.a.l.c.catalog.ProductController - GET /api/products/8 - Product detail requested
2026-09-01 21:51:30.106 [http-nio-8080-exec-8] INFO  c.a.l.c.ProductCatalogCacheRepository - Product detail cache hit: product:detail:8:USD
2026-09-01 21:51:30.107 [http-nio-8080-exec-8] INFO  c.a.l.s.c.ProductCatalogService - Cache hit: Returning product 8 for USD
2026-09-01 21:51:33.216 [http-nio-8080-exec-9] INFO  c.a.l.c.catalog.ProductController - GET /api/products - page: 0, filter: ProductFilterRequest(modelType=null, search=, page=0, size=12)
2026-09-01 21:51:33.240 [http-nio-8080-exec-9] INFO  c.a.l.s.c.ProductCatalogService - Fetching product catalog - page: 0, currency: USD
2026-09-01 21:51:33.392 [http-nio-8080-exec-9] INFO  c.a.l.c.ProductCatalogCacheRepository - Initial page cache hit for USD
2026-09-01 21:51:36.669 [http-nio-8080-exec-1] INFO  c.a.l.c.catalog.ProductController - GET /api/products/13 - Product detail requested
2026-09-01 21:51:36.684 [http-nio-8080-exec-4] INFO  c.a.l.c.catalog.ProductController - GET /api/products/13/available-leathers
2026-09-01 21:51:36.706 [http-nio-8080-exec-4] INFO  c.a.l.s.c.ProductCatalogService - Fetching available leathers for product: 13
2026-09-01 21:51:36.712 [http-nio-8080-exec-1] INFO  c.a.l.c.ProductCatalogCacheRepository - Product detail cache hit: product:detail:13:USD
2026-09-01 21:51:36.713 [http-nio-8080-exec-1] INFO  c.a.l.s.c.ProductCatalogService - Cache hit: Returning product 13 for USD
2026-09-01 21:51:36.712 [http-nio-8080-exec-4] INFO  c.a.l.cache.LeatherCacheRepository - Cache hit for leathers: 13
2026-09-01 21:51:36.714 [http-nio-8080-exec-4] INFO  c.a.l.s.c.ProductCatalogService - Returning cached leathers for product: 13
2026-09-01 21:51:36.734 [http-nio-8080-exec-3] INFO  c.a.l.c.catalog.ProductController - GET /api/products/13 - Product detail requested
2026-09-01 21:51:36.749 [http-nio-8080-exec-3] INFO  c.a.l.c.ProductCatalogCacheRepository - Product detail cache hit: product:detail:13:USD
2026-09-01 21:51:36.749 [http-nio-8080-exec-3] INFO  c.a.l.s.c.ProductCatalogService - Cache hit: Returning product 13 for USD
2026-09-01 21:51:36.770 [http-nio-8080-exec-7] INFO  c.a.l.c.catalog.ProductController - GET /api/products/13/available-leathers
2026-09-01 21:51:36.771 [http-nio-8080-exec-7] INFO  c.a.l.s.c.ProductCatalogService - Fetching available leathers for product: 13
2026-09-01 21:51:36.780 [http-nio-8080-exec-7] INFO  c.a.l.cache.LeatherCacheRepository - Cache hit for leathers: 13
2026-09-01 21:51:36.780 [http-nio-8080-exec-7] INFO  c.a.l.s.c.ProductCatalogService - Returning cached leathers for product: 13
2026-09-01 21:51:39.521 [http-nio-8080-exec-10] INFO  c.a.l.c.catalog.ProductController - GET /api/products - page: 0, filter: ProductFilterRequest(modelType=null, search=, page=0, size=12)
2026-09-01 21:51:39.767 [http-nio-8080-exec-10] INFO  c.a.l.s.c.ProductCatalogService - Fetching product catalog - page: 0, currency: USD
2026-09-01 21:51:39.866 [http-nio-8080-exec-10] INFO  c.a.l.c.ProductCatalogCacheRepository - Initial page cache hit for USD
2026-09-01 21:51:41.363 [http-nio-8080-exec-5] INFO  c.a.l.c.catalog.ProductController - GET /api/products/5/available-leathers
2026-09-01 21:51:41.377 [http-nio-8080-exec-9] INFO  c.a.l.c.catalog.ProductController - GET /api/products/5 - Product detail requested
2026-09-01 21:51:41.390 [http-nio-8080-exec-5] INFO  c.a.l.s.c.ProductCatalogService - Fetching available leathers for product: 5
2026-09-01 21:51:41.454 [http-nio-8080-exec-9] INFO  c.a.l.cache.PriceCacheRepository - Price cached: price:product:5:grade:2:AZN
2026-09-01 21:51:41.458 [http-nio-8080-exec-5] INFO  c.a.l.cache.LeatherCacheRepository - Cached 4 leathers for product: 5
2026-09-01 21:51:41.458 [http-nio-8080-exec-5] INFO  c.a.l.s.c.ProductCatalogService - Found and cached 4 leathers for product: 5
2026-09-01 21:51:41.484 [http-nio-8080-exec-4] INFO  c.a.l.c.catalog.ProductController - GET /api/products/5/available-leathers
2026-09-01 21:51:41.485 [http-nio-8080-exec-4] INFO  c.a.l.s.c.ProductCatalogService - Fetching available leathers for product: 5
2026-09-01 21:51:41.490 [http-nio-8080-exec-4] INFO  c.a.l.cache.LeatherCacheRepository - Cache hit for leathers: 5
2026-09-01 21:51:41.491 [http-nio-8080-exec-4] INFO  c.a.l.s.c.ProductCatalogService - Returning cached leathers for product: 5
2026-09-01 21:51:41.500 [http-nio-8080-exec-9] INFO  c.a.l.cache.PriceCacheRepository - Price cached: price:product:5:grade:3:AZN
2026-09-01 21:51:41.535 [http-nio-8080-exec-9] INFO  c.a.l.cache.PriceCacheRepository - Price cached: price:product:5:grade:1:AZN
2026-09-01 21:51:41.552 [http-nio-8080-exec-9] INFO  c.a.l.c.ProductCatalogCacheRepository - Product detail cached with key: product:detail:5:USD
2026-09-01 21:51:41.582 [http-nio-8080-exec-3] INFO  c.a.l.c.catalog.ProductController - GET /api/products/5 - Product detail requested
2026-09-01 21:51:41.619 [http-nio-8080-exec-3] INFO  c.a.l.c.ProductCatalogCacheRepository - Product detail cache hit: product:detail:5:USD
2026-09-01 21:51:41.619 [http-nio-8080-exec-3] INFO  c.a.l.s.c.ProductCatalogService - Cache hit: Returning product 5 for USD
2026-09-01 21:51:44.899 [http-nio-8080-exec-7] INFO  c.a.l.c.catalog.ProductController - GET /api/products - page: 0, filter: ProductFilterRequest(modelType=null, search=, page=0, size=12)
2026-09-01 21:51:45.086 [http-nio-8080-exec-7] INFO  c.a.l.s.c.ProductCatalogService - Fetching product catalog - page: 0, currency: USD
2026-09-01 21:51:45.190 [http-nio-8080-exec-7] INFO  c.a.l.c.ProductCatalogCacheRepository - Initial page cache hit for USD
2026-09-01 21:51:48.884 [http-nio-8080-exec-5] INFO  c.a.l.c.catalog.ProductController - GET /api/products/14 - Product detail requested
2026-09-01 21:51:48.884 [http-nio-8080-exec-1] INFO  c.a.l.c.catalog.ProductController - GET /api/products/14/available-leathers
2026-09-01 21:51:48.886 [http-nio-8080-exec-1] INFO  c.a.l.s.c.ProductCatalogService - Fetching available leathers for product: 14
2026-09-01 21:51:48.911 [http-nio-8080-exec-5] INFO  c.a.l.c.ProductCatalogCacheRepository - Product detail cached with key: product:detail:14:USD
2026-09-01 21:51:48.911 [http-nio-8080-exec-1] WARN  c.a.l.s.c.ProductCatalogService - No leathers found for product: 14. Skipping cache to prevent empty cache pollution.
2026-09-01 21:51:48.926 [http-nio-8080-exec-4] INFO  c.a.l.c.catalog.ProductController - GET /api/products/14/available-leathers
2026-09-01 21:51:48.927 [http-nio-8080-exec-4] INFO  c.a.l.s.c.ProductCatalogService - Fetching available leathers for product: 14
2026-09-01 21:51:48.932 [http-nio-8080-exec-9] INFO  c.a.l.c.catalog.ProductController - GET /api/products/14 - Product detail requested
2026-09-01 21:51:48.935 [http-nio-8080-exec-9] INFO  c.a.l.c.ProductCatalogCacheRepository - Product detail cache hit: product:detail:14:USD
2026-09-01 21:51:48.935 [http-nio-8080-exec-9] INFO  c.a.l.s.c.ProductCatalogService - Cache hit: Returning product 14 for USD
2026-09-01 21:51:48.951 [http-nio-8080-exec-4] WARN  c.a.l.s.c.ProductCatalogService - No leathers found for product: 14. Skipping cache to prevent empty cache pollution.
2026-09-01 21:51:52.069 [http-nio-8080-exec-3] INFO  c.a.l.c.catalog.ProductController - GET /api/products - page: 0, filter: ProductFilterRequest(modelType=null, search=, page=0, size=12)
2026-09-01 21:51:52.556 [http-nio-8080-exec-3] INFO  c.a.l.s.c.ProductCatalogService - Fetching product catalog - page: 0, currency: USD
2026-09-01 21:51:52.604 [http-nio-8080-exec-3] INFO  c.a.l.c.ProductCatalogCacheRepository - Initial page cache hit for USD
2026-09-01 21:51:54.495 [http-nio-8080-exec-1] INFO  c.a.l.c.catalog.ProductController - GET /api/products/1/available-leathers
2026-09-01 21:51:54.499 [http-nio-8080-exec-10] INFO  c.a.l.c.catalog.ProductController - GET /api/products/1 - Product detail requested
2026-09-01 21:51:54.516 [http-nio-8080-exec-1] INFO  c.a.l.s.c.ProductCatalogService - Fetching available leathers for product: 1
2026-09-01 21:51:54.584 [http-nio-8080-exec-1] INFO  c.a.l.cache.LeatherCacheRepository - Cached 4 leathers for product: 1
2026-09-01 21:51:54.584 [http-nio-8080-exec-1] INFO  c.a.l.s.c.ProductCatalogService - Found and cached 4 leathers for product: 1
2026-09-01 21:51:54.618 [http-nio-8080-exec-5] INFO  c.a.l.c.catalog.ProductController - GET /api/products/1/available-leathers
2026-09-01 21:51:54.618 [http-nio-8080-exec-5] INFO  c.a.l.s.c.ProductCatalogService - Fetching available leathers for product: 1
2026-09-01 21:51:54.624 [http-nio-8080-exec-5] INFO  c.a.l.cache.LeatherCacheRepository - Cache hit for leathers: 1
2026-09-01 21:51:54.630 [http-nio-8080-exec-5] INFO  c.a.l.s.c.ProductCatalogService - Returning cached leathers for product: 1
2026-09-01 21:51:54.637 [http-nio-8080-exec-10] INFO  c.a.l.cache.PriceCacheRepository - Price cached: price:product:1:grade:1:AZN
2026-09-01 21:51:54.662 [http-nio-8080-exec-10] INFO  c.a.l.cache.PriceCacheRepository - Price cached: price:product:1:grade:3:AZN
2026-09-01 21:51:54.672 [http-nio-8080-exec-10] INFO  c.a.l.c.ProductCatalogCacheRepository - Product detail cached with key: product:detail:1:USD
2026-09-01 21:51:54.689 [http-nio-8080-exec-9] INFO  c.a.l.c.catalog.ProductController - GET /api/products/1 - Product detail requested
2026-09-01 21:51:54.692 [http-nio-8080-exec-9] INFO  c.a.l.c.ProductCatalogCacheRepository - Product detail cache hit: product:detail:1:USD
2026-09-01 21:51:54.692 [http-nio-8080-exec-9] INFO  c.a.l.s.c.ProductCatalogService - Cache hit: Returning product 1 for USD
2026-09-01 21:51:58.505 [http-nio-8080-exec-4] INFO  c.a.l.c.catalog.ProductController - GET /api/products - page: 0, filter: ProductFilterRequest(modelType=null, search=, page=0, size=12)
2026-09-01 21:51:58.612 [http-nio-8080-exec-4] INFO  c.a.l.s.c.ProductCatalogService - Fetching product catalog - page: 0, currency: USD
2026-09-01 21:51:58.662 [http-nio-8080-exec-4] INFO  c.a.l.c.ProductCatalogCacheRepository - Initial page cache hit for USD
2026-09-01 21:52:00.977 [http-nio-8080-exec-7] INFO  c.a.l.c.catalog.ProductController - GET /api/products/8/available-leathers
2026-09-01 21:52:01.015 [http-nio-8080-exec-3] INFO  c.a.l.c.catalog.ProductController - GET /api/products/8 - Product detail requested
2026-09-01 21:52:01.032 [http-nio-8080-exec-7] INFO  c.a.l.s.c.ProductCatalogService - Fetching available leathers for product: 8
2026-09-01 21:52:01.048 [http-nio-8080-exec-3] INFO  c.a.l.c.ProductCatalogCacheRepository - Product detail cache hit: product:detail:8:USD
2026-09-01 21:52:01.048 [http-nio-8080-exec-7] INFO  c.a.l.cache.LeatherCacheRepository - Cache hit for leathers: 8
2026-09-01 21:52:01.048 [http-nio-8080-exec-7] INFO  c.a.l.s.c.ProductCatalogService - Returning cached leathers for product: 8
2026-09-01 21:52:01.048 [http-nio-8080-exec-3] INFO  c.a.l.s.c.ProductCatalogService - Cache hit: Returning product 8 for USD
2026-09-01 21:52:01.070 [http-nio-8080-exec-2] INFO  c.a.l.c.catalog.ProductController - GET /api/products/8/available-leathers
2026-09-01 21:52:01.071 [http-nio-8080-exec-2] INFO  c.a.l.s.c.ProductCatalogService - Fetching available leathers for product: 8
2026-09-01 21:52:01.172 [http-nio-8080-exec-8] INFO  c.a.l.c.catalog.ProductController - GET /api/products/8 - Product detail requested
2026-09-01 21:52:01.185 [http-nio-8080-exec-2] INFO  c.a.l.cache.LeatherCacheRepository - Cache hit for leathers: 8
2026-09-01 21:52:01.186 [http-nio-8080-exec-2] INFO  c.a.l.s.c.ProductCatalogService - Returning cached leathers for product: 8
2026-09-01 21:52:01.200 [http-nio-8080-exec-8] INFO  c.a.l.c.ProductCatalogCacheRepository - Product detail cache hit: product:detail:8:USD
2026-09-01 21:52:01.200 [http-nio-8080-exec-8] INFO  c.a.l.s.c.ProductCatalogService - Cache hit: Returning product 8 for USD
2026-09-01 21:52:07.412 [http-nio-8080-exec-6] INFO  c.a.l.c.catalog.ProductController - GET /api/products - page: 0, filter: ProductFilterRequest(modelType=null, search=, page=0, size=12)
2026-09-01 21:52:07.832 [http-nio-8080-exec-6] INFO  c.a.l.s.c.ProductCatalogService - Fetching product catalog - page: 0, currency: USD
2026-09-01 21:52:07.837 [http-nio-8080-exec-6] INFO  c.a.l.c.ProductCatalogCacheRepository - Initial page cache hit for USD
2026-09-01 21:52:10.958 [http-nio-8080-exec-5] INFO  c.a.l.c.catalog.ProductController - GET /api/products/5/available-leathers
2026-09-01 21:52:11.001 [http-nio-8080-exec-5] INFO  c.a.l.s.c.ProductCatalogService - Fetching available leathers for product: 5
2026-09-01 21:52:11.001 [http-nio-8080-exec-1] INFO  c.a.l.c.catalog.ProductController - GET /api/products/5 - Product detail requested
2026-09-01 21:52:11.023 [http-nio-8080-exec-5] INFO  c.a.l.cache.LeatherCacheRepository - Cache hit for leathers: 5
2026-09-01 21:52:11.023 [http-nio-8080-exec-5] INFO  c.a.l.s.c.ProductCatalogService - Returning cached leathers for product: 5
2026-09-01 21:52:11.032 [http-nio-8080-exec-1] INFO  c.a.l.c.ProductCatalogCacheRepository - Product detail cache hit: product:detail:5:USD
2026-09-01 21:52:11.033 [http-nio-8080-exec-1] INFO  c.a.l.s.c.ProductCatalogService - Cache hit: Returning product 5 for USD
2026-09-01 21:52:11.053 [http-nio-8080-exec-9] INFO  c.a.l.c.catalog.ProductController - GET /api/products/5 - Product detail requested
2026-09-01 21:52:11.078 [http-nio-8080-exec-10] INFO  c.a.l.c.catalog.ProductController - GET /api/products/5/available-leathers
2026-09-01 21:52:11.079 [http-nio-8080-exec-10] INFO  c.a.l.s.c.ProductCatalogService - Fetching available leathers for product: 5
2026-09-01 21:52:11.100 [http-nio-8080-exec-9] INFO  c.a.l.c.ProductCatalogCacheRepository - Product detail cache hit: product:detail:5:USD
2026-09-01 21:52:11.100 [http-nio-8080-exec-10] INFO  c.a.l.cache.LeatherCacheRepository - Cache hit for leathers: 5
2026-09-01 21:52:11.100 [http-nio-8080-exec-9] INFO  c.a.l.s.c.ProductCatalogService - Cache hit: Returning product 5 for USD
2026-09-01 21:52:11.100 [http-nio-8080-exec-10] INFO  c.a.l.s.c.ProductCatalogService - Returning cached leathers for product: 5
2026-09-01 21:52:15.936 [http-nio-8080-exec-4] INFO  c.a.l.c.catalog.ProductController - GET /api/products - page: 0, filter: ProductFilterRequest(modelType=null, search=, page=0, size=12)
2026-09-01 21:52:16.099 [http-nio-8080-exec-4] INFO  c.a.l.s.c.ProductCatalogService - Fetching product catalog - page: 0, currency: USD
2026-09-01 21:52:16.452 [http-nio-8080-exec-4] INFO  c.a.l.c.ProductCatalogCacheRepository - Initial page cache hit for USD
2026-09-01 21:52:31.744 [http-nio-8080-exec-7] INFO  c.a.l.c.catalog.ProductController - GET /api/products/8/available-leathers
2026-09-01 21:52:31.818 [http-nio-8080-exec-3] INFO  c.a.l.c.catalog.ProductController - GET /api/products/8 - Product detail requested
2026-09-01 21:52:31.832 [http-nio-8080-exec-7] INFO  c.a.l.s.c.ProductCatalogService - Fetching available leathers for product: 8
2026-09-01 21:52:31.905 [http-nio-8080-exec-7] INFO  c.a.l.cache.LeatherCacheRepository - Cache hit for leathers: 8
2026-09-01 21:52:31.906 [http-nio-8080-exec-7] INFO  c.a.l.s.c.ProductCatalogService - Returning cached leathers for product: 8
2026-09-01 21:52:32.019 [http-nio-8080-exec-2] INFO  c.a.l.c.catalog.ProductController - GET /api/products/8/available-leathers
2026-09-01 21:52:32.019 [http-nio-8080-exec-2] INFO  c.a.l.s.c.ProductCatalogService - Fetching available leathers for product: 8
2026-09-01 21:52:32.021 [http-nio-8080-exec-3] INFO  c.a.l.c.ProductCatalogCacheRepository - Product detail cache hit: product:detail:8:USD
2026-09-01 21:52:32.022 [http-nio-8080-exec-3] INFO  c.a.l.s.c.ProductCatalogService - Cache hit: Returning product 8 for USD
2026-09-01 21:52:32.084 [http-nio-8080-exec-2] INFO  c.a.l.cache.LeatherCacheRepository - Cache hit for leathers: 8
2026-09-01 21:52:32.085 [http-nio-8080-exec-2] INFO  c.a.l.s.c.ProductCatalogService - Returning cached leathers for product: 8
2026-09-01 21:52:32.106 [http-nio-8080-exec-8] INFO  c.a.l.c.catalog.ProductController - GET /api/products/8 - Product detail requested
2026-09-01 21:52:32.265 [http-nio-8080-exec-8] INFO  c.a.l.c.ProductCatalogCacheRepository - Product detail cache hit: product:detail:8:USD
2026-09-01 21:52:32.266 [http-nio-8080-exec-8] INFO  c.a.l.s.c.ProductCatalogService - Cache hit: Returning product 8 for USD
2026-09-01 21:52:38.021 [http-nio-8080-exec-6] INFO  c.a.l.c.order.CartController - POST /api/cart/preview - 2 items, currency: USD
2026-09-01 21:52:38.087 [http-nio-8080-exec-6] INFO  c.a.l.s.Order.CartPreviewService - Cart preview requested with 2 items, currency: USD
2026-09-01 21:52:38.479 [http-nio-8080-exec-6] INFO  c.a.l.cache.PriceCacheRepository - Price cached: price:product:8:grade:1:AZN
2026-09-01 21:52:38.545 [http-nio-8080-exec-6] INFO  c.a.l.cache.PriceCacheRepository - Price cached: price:product:13:grade:1:AZN
2026-09-01 21:52:41.139 [http-nio-8080-exec-9] INFO  c.a.l.c.order.CartController - POST /api/cart/preview - 2 items, currency: AZN
2026-09-01 21:52:41.149 [http-nio-8080-exec-9] INFO  c.a.l.s.Order.CartPreviewService - Cart preview requested with 2 items, currency: AZN
2026-09-01 21:52:41.223 [http-nio-8080-exec-1] INFO  c.a.l.c.order.CartController - POST /api/cart/preview - 2 items, currency: AZN
2026-09-01 21:52:41.277 [http-nio-8080-exec-1] INFO  c.a.l.s.Order.CartPreviewService - Cart preview requested with 2 items, currency: AZN
2026-09-01 21:52:42.616 [http-nio-8080-exec-9] INFO  c.a.l.cache.PriceCacheRepository - Price cache hit: price:product:8:grade:1:AZN
2026-09-01 21:52:42.690 [http-nio-8080-exec-9] INFO  c.a.l.cache.PriceCacheRepository - Price cache hit: price:product:13:grade:1:AZN
2026-09-01 21:52:42.693 [http-nio-8080-exec-9] WARN  c.a.l.s.Order.CartPreviewService - Price mismatch for product 13: seen=39, current=150.00
2026-09-01 21:52:42.693 [http-nio-8080-exec-9] WARN  c.a.l.s.Order.CartPreviewService - Price mismatch for product 8: seen=10, current=250.00
2026-09-01 21:52:43.080 [http-nio-8080-exec-1] INFO  c.a.l.cache.PriceCacheRepository - Price cache hit: price:product:8:grade:1:AZN
2026-09-01 21:52:43.084 [http-nio-8080-exec-1] INFO  c.a.l.cache.PriceCacheRepository - Price cache hit: price:product:13:grade:1:AZN
2026-09-01 21:52:43.084 [http-nio-8080-exec-1] WARN  c.a.l.s.Order.CartPreviewService - Price mismatch for product 13: seen=39, current=150.00
2026-09-01 21:52:43.085 [http-nio-8080-exec-1] WARN  c.a.l.s.Order.CartPreviewService - Price mismatch for product 8: seen=10, current=250.00
2026-09-01 21:52:55.290 [http-nio-8080-exec-3] INFO  c.a.l.c.order.CartController - POST /api/cart/preview - 2 items, currency: USD
2026-09-01 21:52:55.295 [http-nio-8080-exec-3] INFO  c.a.l.s.Order.CartPreviewService - Cart preview requested with 2 items, currency: USD
2026-09-01 21:52:56.285 [http-nio-8080-exec-3] INFO  c.a.l.cache.PriceCacheRepository - Price cached: price:product:8:grade:1:AZN
2026-09-01 21:52:56.333 [http-nio-8080-exec-3] INFO  c.a.l.cache.PriceCacheRepository - Price cached: price:product:13:grade:1:AZN
2026-09-01 21:53:41.547 [http-nio-8080-exec-2] INFO  c.a.l.c.order.OrderController - POST /api/orders - User: 13, Items: 2
2026-09-01 21:53:41.619 [http-nio-8080-exec-2] INFO  c.a.l.service.Order.OrderService - Creating order for user: 13, items: 2, currency: USD
2026-09-01 21:53:42.323 [http-nio-8080-exec-2] INFO  c.a.l.cache.PriceCacheRepository - Price cached: price:product:13:grade:1:AZN
2026-09-01 21:53:42.365 [http-nio-8080-exec-2] INFO  c.a.l.cache.PriceCacheRepository - Price cached: price:product:8:grade:1:AZN
2026-09-01 21:53:42.405 [http-nio-8080-exec-2] INFO  c.a.l.service.Order.OrderService - Cleaning up idempotency lock for user: 13
2026-09-01 21:53:42.439 [http-nio-8080-exec-2] ERROR c.a.l.service.Order.OrderService - SYSTEM ERROR | User: 13 | Trace: 
com.aiatelye.leather.error.Exception.NotFoundException: Shipping rate not found for INTERNATIONAL_OTHER in USD
	at com.aiatelye.leather.service.Order.ShipingService.lambda$calculate$2(ShipingService.java:37)
	at java.base/java.util.Optional.orElseThrow(Optional.java:403)
	at com.aiatelye.leather.service.Order.ShipingService.calculate(ShipingService.java:37)
	at com.aiatelye.leather.service.Order.OrderService.createOrder(OrderService.java:124)
	at java.base/jdk.internal.reflect.DirectMethodHandleAccessor.invoke(DirectMethodHandleAccessor.java:103)
	at java.base/java.lang.reflect.Method.invoke(Method.java:580)
	at org.springframework.aop.support.AopUtils.invokeJoinpointUsingReflection(AopUtils.java:360)
	at org.springframework.aop.framework.ReflectiveMethodInvocation.invokeJoinpoint(ReflectiveMethodInvocation.java:196)
	at org.springframework.aop.framework.ReflectiveMethodInvocation.proceed(ReflectiveMethodInvocation.java:163)
	at org.springframework.transaction.interceptor.TransactionAspectSupport.invokeWithinTransaction(TransactionAspectSupport.java:380)
	at org.springframework.transaction.interceptor.TransactionInterceptor.invoke(TransactionInterceptor.java:119)
	at org.springframework.aop.framework.ReflectiveMethodInvocation.proceed(ReflectiveMethodInvocation.java:184)
	at org.springframework.aop.framework.CglibAopProxy$DynamicAdvisedInterceptor.intercept(CglibAopProxy.java:728)
	at com.aiatelye.leather.service.Order.OrderService$$SpringCGLIB$$0.createOrder(<generated>)
	at com.aiatelye.leather.controller.order.OrderController.createOrder(OrderController.java:34)
	at java.base/jdk.internal.reflect.DirectMethodHandleAccessor.invoke(DirectMethodHandleAccessor.java:103)
	at java.base/java.lang.reflect.Method.invoke(Method.java:580)
	at org.springframework.web.method.support.InvocableHandlerMethod.doInvoke(InvocableHandlerMethod.java:258)
	at org.springframework.web.method.support.InvocableHandlerMethod.invokeForRequest(InvocableHandlerMethod.java:191)
	at org.springframework.web.servlet.mvc.method.annotation.ServletInvocableHandlerMethod.invokeAndHandle(ServletInvocableHandlerMethod.java:118)
	at org.springframework.web.servlet.mvc.method.annotation.RequestMappingHandlerAdapter.invokeHandlerMethod(RequestMappingHandlerAdapter.java:991)
	at org.springframework.web.servlet.mvc.method.annotation.RequestMappingHandlerAdapter.handleInternal(RequestMappingHandlerAdapter.java:896)
	at org.springframework.web.servlet.mvc.method.AbstractHandlerMethodAdapter.handle(AbstractHandlerMethodAdapter.java:87)
	at org.springframework.web.servlet.DispatcherServlet.doDispatch(DispatcherServlet.java:1089)
	at org.springframework.web.servlet.DispatcherServlet.doService(DispatcherServlet.java:979)
	at org.springframework.web.servlet.FrameworkServlet.processRequest(FrameworkServlet.java:1014)
	at org.springframework.web.servlet.FrameworkServlet.doPost(FrameworkServlet.java:914)
	at jakarta.servlet.http.HttpServlet.service(HttpServlet.java:590)
	at org.springframework.web.servlet.FrameworkServlet.service(FrameworkServlet.java:885)
	at jakarta.servlet.http.HttpServlet.service(HttpServlet.java:658)
	at org.apache.catalina.core.ApplicationFilterChain.internalDoFilter(ApplicationFilterChain.java:193)
	at org.apache.catalina.core.ApplicationFilterChain.doFilter(ApplicationFilterChain.java:138)
	at org.apache.tomcat.websocket.server.WsFilter.doFilter(WsFilter.java:51)
	at org.apache.catalina.core.ApplicationFilterChain.internalDoFilter(ApplicationFilterChain.java:162)
	at org.apache.catalina.core.ApplicationFilterChain.doFilter(ApplicationFilterChain.java:138)
	at org.springframework.web.filter.CompositeFilter$VirtualFilterChain.doFilter(CompositeFilter.java:108)
	at org.springframework.web.filter.CompositeFilter$VirtualFilterChain.doFilter(CompositeFilter.java:108)
	at org.springframework.security.web.FilterChainProxy.lambda$doFilterInternal$3(FilterChainProxy.java:231)
	at org.springframework.security.web.FilterChainProxy$VirtualFilterChain.doFilter(FilterChainProxy.java:365)
	at org.springframework.security.web.access.intercept.AuthorizationFilter.doFilter(AuthorizationFilter.java:101)
	at org.springframework.security.web.FilterChainProxy$VirtualFilterChain.doFilter(FilterChainProxy.java:374)
	at org.springframework.security.web.access.ExceptionTranslationFilter.doFilter(ExceptionTranslationFilter.java:125)
	at org.springframework.security.web.access.ExceptionTranslationFilter.doFilter(ExceptionTranslationFilter.java:119)
	at org.springframework.security.web.FilterChainProxy$VirtualFilterChain.doFilter(FilterChainProxy.java:374)
	at org.springframework.security.web.session.SessionManagementFilter.doFilter(SessionManagementFilter.java:131)
	at org.springframework.security.web.session.SessionManagementFilter.doFilter(SessionManagementFilter.java:85)
	at org.springframework.security.web.FilterChainProxy$VirtualFilterChain.doFilter(FilterChainProxy.java:374)
	at org.springframework.security.web.authentication.AnonymousAuthenticationFilter.doFilter(AnonymousAuthenticationFilter.java:100)
	at org.springframework.security.web.FilterChainProxy$VirtualFilterChain.doFilter(FilterChainProxy.java:374)
	at org.springframework.security.web.servletapi.SecurityContextHolderAwareRequestFilter.doFilter(SecurityContextHolderAwareRequestFilter.java:179)
	at org.springframework.security.web.FilterChainProxy$VirtualFilterChain.doFilter(FilterChainProxy.java:374)
	at org.springframework.security.web.savedrequest.RequestCacheAwareFilter.doFilter(RequestCacheAwareFilter.java:63)
	at org.springframework.security.web.FilterChainProxy$VirtualFilterChain.doFilter(FilterChainProxy.java:374)
	at org.springframework.security.web.authentication.AbstractAuthenticationProcessingFilter.doFilter(AbstractAuthenticationProcessingFilter.java:235)
	at org.springframework.security.web.authentication.AbstractAuthenticationProcessingFilter.doFilter(AbstractAuthenticationProcessingFilter.java:229)
	at org.springframework.security.web.FilterChainProxy$VirtualFilterChain.doFilter(FilterChainProxy.java:374)
	at com.aiatelye.leather.Securty.Filter.JwtTokenVeriflerFilter.doFilterInternal(JwtTokenVeriflerFilter.java:94)
	at org.springframework.web.filter.OncePerRequestFilter.doFilter(OncePerRequestFilter.java:116)
	at org.springframework.security.web.FilterChainProxy$VirtualFilterChain.doFilter(FilterChainProxy.java:374)
	at org.springframework.security.web.authentication.logout.LogoutFilter.doFilter(LogoutFilter.java:107)
	at org.springframework.security.web.authentication.logout.LogoutFilter.doFilter(LogoutFilter.java:93)
	at org.springframework.security.web.FilterChainProxy$VirtualFilterChain.doFilter(FilterChainProxy.java:374)
	at org.springframework.web.filter.CorsFilter.doFilterInternal(CorsFilter.java:91)
	at org.springframework.web.filter.OncePerRequestFilter.doFilter(OncePerRequestFilter.java:116)
	at org.springframework.security.web.FilterChainProxy$VirtualFilterChain.doFilter(FilterChainProxy.java:374)
	at org.springframework.security.web.header.HeaderWriterFilter.doHeadersAfter(HeaderWriterFilter.java:90)
	at org.springframework.security.web.header.HeaderWriterFilter.doFilterInternal(HeaderWriterFilter.java:75)
	at org.springframework.web.filter.OncePerRequestFilter.doFilter(OncePerRequestFilter.java:116)
	at org.springframework.security.web.FilterChainProxy$VirtualFilterChain.doFilter(FilterChainProxy.java:374)
	at org.springframework.security.web.context.SecurityContextHolderFilter.doFilter(SecurityContextHolderFilter.java:82)
	at org.springframework.security.web.context.SecurityContextHolderFilter.doFilter(SecurityContextHolderFilter.java:69)
	at org.springframework.security.web.FilterChainProxy$VirtualFilterChain.doFilter(FilterChainProxy.java:374)
	at org.springframework.security.web.context.request.async.WebAsyncManagerIntegrationFilter.doFilterInternal(WebAsyncManagerIntegrationFilter.java:62)
	at org.springframework.web.filter.OncePerRequestFilter.doFilter(OncePerRequestFilter.java:116)
	at org.springframework.security.web.FilterChainProxy$VirtualFilterChain.doFilter(FilterChainProxy.java:374)
	at org.springframework.security.web.session.DisableEncodeUrlFilter.doFilterInternal(DisableEncodeUrlFilter.java:42)
	at org.springframework.web.filter.OncePerRequestFilter.doFilter(OncePerRequestFilter.java:116)
	at org.springframework.security.web.FilterChainProxy$VirtualFilterChain.doFilter(FilterChainProxy.java:374)
	at org.springframework.security.web.FilterChainProxy.doFilterInternal(FilterChainProxy.java:233)
	at org.springframework.security.web.FilterChainProxy.doFilter(FilterChainProxy.java:191)
	at org.springframework.web.filter.CompositeFilter$VirtualFilterChain.doFilter(CompositeFilter.java:113)
	at org.springframework.web.filter.ServletRequestPathFilter.doFilter(ServletRequestPathFilter.java:52)
	at org.springframework.web.filter.CompositeFilter$VirtualFilterChain.doFilter(CompositeFilter.java:113)
	at org.springframework.web.filter.CompositeFilter.doFilter(CompositeFilter.java:74)
	at org.springframework.security.config.annotation.web.configuration.WebSecurityConfiguration$CompositeFilterChainProxy.doFilter(WebSecurityConfiguration.java:319)
	at org.springframework.web.filter.CompositeFilter$VirtualFilterChain.doFilter(CompositeFilter.java:113)
	at org.springframework.web.servlet.handler.HandlerMappingIntrospector.lambda$createCacheFilter$4(HandlerMappingIntrospector.java:267)
	at org.springframework.web.filter.CompositeFilter$VirtualFilterChain.doFilter(CompositeFilter.java:113)
	at org.springframework.web.filter.CompositeFilter.doFilter(CompositeFilter.java:74)
	at org.springframework.security.config.annotation.web.configuration.WebMvcSecurityConfiguration$CompositeFilterChainProxy.doFilter(WebMvcSecurityConfiguration.java:240)
	at org.springframework.web.filter.DelegatingFilterProxy.invokeDelegate(DelegatingFilterProxy.java:362)
	at org.springframework.web.filter.DelegatingFilterProxy.doFilter(DelegatingFilterProxy.java:278)
	at org.apache.catalina.core.ApplicationFilterChain.internalDoFilter(ApplicationFilterChain.java:162)
	at org.apache.catalina.core.ApplicationFilterChain.doFilter(ApplicationFilterChain.java:138)
	at org.springframework.web.filter.RequestContextFilter.doFilterInternal(RequestContextFilter.java:100)
	at org.springframework.web.filter.OncePerRequestFilter.doFilter(OncePerRequestFilter.java:116)
	at org.apache.catalina.core.ApplicationFilterChain.internalDoFilter(ApplicationFilterChain.java:162)
	at org.apache.catalina.core.ApplicationFilterChain.doFilter(ApplicationFilterChain.java:138)
	at org.springframework.web.filter.FormContentFilter.doFilterInternal(FormContentFilter.java:93)
	at org.springframework.web.filter.OncePerRequestFilter.doFilter(OncePerRequestFilter.java:116)
	at org.apache.catalina.core.ApplicationFilterChain.internalDoFilter(ApplicationFilterChain.java:162)
	at org.apache.catalina.core.ApplicationFilterChain.doFilter(ApplicationFilterChain.java:138)
	at org.springframework.web.filter.CharacterEncodingFilter.doFilterInternal(CharacterEncodingFilter.java:201)
	at org.springframework.web.filter.OncePerRequestFilter.doFilter(OncePerRequestFilter.java:116)
	at org.apache.catalina.core.ApplicationFilterChain.internalDoFilter(ApplicationFilterChain.java:162)
	at org.apache.catalina.core.ApplicationFilterChain.doFilter(ApplicationFilterChain.java:138)
	at org.apache.catalina.core.StandardWrapperValve.invoke(StandardWrapperValve.java:165)
	at org.apache.catalina.core.StandardContextValve.invoke(StandardContextValve.java:88)
	at org.apache.catalina.authenticator.AuthenticatorBase.invoke(AuthenticatorBase.java:482)
	at org.apache.catalina.core.StandardHostValve.invoke(StandardHostValve.java:113)
	at org.apache.catalina.valves.ErrorReportValve.invoke(ErrorReportValve.java:83)
	at org.apache.catalina.core.StandardEngineValve.invoke(StandardEngineValve.java:72)
	at org.apache.catalina.connector.CoyoteAdapter.service(CoyoteAdapter.java:342)
	at org.apache.coyote.http11.Http11Processor.service(Http11Processor.java:399)
	at org.apache.coyote.AbstractProcessorLight.process(AbstractProcessorLight.java:63)
	at org.apache.coyote.AbstractProtocol$ConnectionHandler.process(AbstractProtocol.java:903)
	at org.apache.tomcat.util.net.NioEndpoint$SocketProcessor.doRun(NioEndpoint.java:1774)
	at org.apache.tomcat.util.net.SocketProcessorBase.run(SocketProcessorBase.java:52)
	at org.apache.tomcat.util.threads.ThreadPoolExecutor.runWorker(ThreadPoolExecutor.java:973)
	at org.apache.tomcat.util.threads.ThreadPoolExecutor$Worker.run(ThreadPoolExecutor.java:491)
	at org.apache.tomcat.util.threads.TaskThread$WrappingRunnable.run(TaskThread.java:63)
	at java.base/java.lang.Thread.run(Thread.java:1583)
2026-09-01 21:53:42.576 [http-nio-8080-exec-2] ERROR c.a.leather.error.model.ErrorHandle - Sistemdə gözlənilməz xəta baş verdi: 
java.lang.RuntimeException: error.technical.internal
	at com.aiatelye.leather.service.Order.OrderService.createOrder(OrderService.java:174)
	at java.base/jdk.internal.reflect.DirectMethodHandleAccessor.invoke(DirectMethodHandleAccessor.java:103)
	at java.base/java.lang.reflect.Method.invoke(Method.java:580)
	at org.springframework.aop.support.AopUtils.invokeJoinpointUsingReflection(AopUtils.java:360)
	at org.springframework.aop.framework.ReflectiveMethodInvocation.invokeJoinpoint(ReflectiveMethodInvocation.java:196)
	at org.springframework.aop.framework.ReflectiveMethodInvocation.proceed(ReflectiveMethodInvocation.java:163)
	at org.springframework.transaction.interceptor.TransactionAspectSupport.invokeWithinTransaction(TransactionAspectSupport.java:380)
	at org.springframework.transaction.interceptor.TransactionInterceptor.invoke(TransactionInterceptor.java:119)
	at org.springframework.aop.framework.ReflectiveMethodInvocation.proceed(ReflectiveMethodInvocation.java:184)
	at org.springframework.aop.framework.CglibAopProxy$DynamicAdvisedInterceptor.intercept(CglibAopProxy.java:728)
	at com.aiatelye.leather.service.Order.OrderService$$SpringCGLIB$$0.createOrder(<generated>)
	at com.aiatelye.leather.controller.order.OrderController.createOrder(OrderController.java:34)
	at java.base/jdk.internal.reflect.DirectMethodHandleAccessor.invoke(DirectMethodHandleAccessor.java:103)
	at java.base/java.lang.reflect.Method.invoke(Method.java:580)
	at org.springframework.web.method.support.InvocableHandlerMethod.doInvoke(InvocableHandlerMethod.java:258)
	at org.springframework.web.method.support.InvocableHandlerMethod.invokeForRequest(InvocableHandlerMethod.java:191)
	at org.springframework.web.servlet.mvc.method.annotation.ServletInvocableHandlerMethod.invokeAndHandle(ServletInvocableHandlerMethod.java:118)
	at org.springframework.web.servlet.mvc.method.annotation.RequestMappingHandlerAdapter.invokeHandlerMethod(RequestMappingHandlerAdapter.java:991)
	at org.springframework.web.servlet.mvc.method.annotation.RequestMappingHandlerAdapter.handleInternal(RequestMappingHandlerAdapter.java:896)
	at org.springframework.web.servlet.mvc.method.AbstractHandlerMethodAdapter.handle(AbstractHandlerMethodAdapter.java:87)
	at org.springframework.web.servlet.DispatcherServlet.doDispatch(DispatcherServlet.java:1089)
	at org.springframework.web.servlet.DispatcherServlet.doService(DispatcherServlet.java:979)
	at org.springframework.web.servlet.FrameworkServlet.processRequest(FrameworkServlet.java:1014)
	at org.springframework.web.servlet.FrameworkServlet.doPost(FrameworkServlet.java:914)
	at jakarta.servlet.http.HttpServlet.service(HttpServlet.java:590)
	at org.springframework.web.servlet.FrameworkServlet.service(FrameworkServlet.java:885)
	at jakarta.servlet.http.HttpServlet.service(HttpServlet.java:658)
	at org.apache.catalina.core.ApplicationFilterChain.internalDoFilter(ApplicationFilterChain.java:193)
	at org.apache.catalina.core.ApplicationFilterChain.doFilter(ApplicationFilterChain.java:138)
	at org.apache.tomcat.websocket.server.WsFilter.doFilter(WsFilter.java:51)
	at org.apache.catalina.core.ApplicationFilterChain.internalDoFilter(ApplicationFilterChain.java:162)
	at org.apache.catalina.core.ApplicationFilterChain.doFilter(ApplicationFilterChain.java:138)
	at org.springframework.web.filter.CompositeFilter$VirtualFilterChain.doFilter(CompositeFilter.java:108)
	at org.springframework.web.filter.CompositeFilter$VirtualFilterChain.doFilter(CompositeFilter.java:108)
	at org.springframework.security.web.FilterChainProxy.lambda$doFilterInternal$3(FilterChainProxy.java:231)
	at org.springframework.security.web.FilterChainProxy$VirtualFilterChain.doFilter(FilterChainProxy.java:365)
	at org.springframework.security.web.access.intercept.AuthorizationFilter.doFilter(AuthorizationFilter.java:101)
	at org.springframework.security.web.FilterChainProxy$VirtualFilterChain.doFilter(FilterChainProxy.java:374)
	at org.springframework.security.web.access.ExceptionTranslationFilter.doFilter(ExceptionTranslationFilter.java:125)
	at org.springframework.security.web.access.ExceptionTranslationFilter.doFilter(ExceptionTranslationFilter.java:119)
	at org.springframework.security.web.FilterChainProxy$VirtualFilterChain.doFilter(FilterChainProxy.java:374)
	at org.springframework.security.web.session.SessionManagementFilter.doFilter(SessionManagementFilter.java:131)
	at org.springframework.security.web.session.SessionManagementFilter.doFilter(SessionManagementFilter.java:85)
	at org.springframework.security.web.FilterChainProxy$VirtualFilterChain.doFilter(FilterChainProxy.java:374)
	at org.springframework.security.web.authentication.AnonymousAuthenticationFilter.doFilter(AnonymousAuthenticationFilter.java:100)
	at org.springframework.security.web.FilterChainProxy$VirtualFilterChain.doFilter(FilterChainProxy.java:374)
	at org.springframework.security.web.servletapi.SecurityContextHolderAwareRequestFilter.doFilter(SecurityContextHolderAwareRequestFilter.java:179)
	at org.springframework.security.web.FilterChainProxy$VirtualFilterChain.doFilter(FilterChainProxy.java:374)
	at org.springframework.security.web.savedrequest.RequestCacheAwareFilter.doFilter(RequestCacheAwareFilter.java:63)
	at org.springframework.security.web.FilterChainProxy$VirtualFilterChain.doFilter(FilterChainProxy.java:374)
	at org.springframework.security.web.authentication.AbstractAuthenticationProcessingFilter.doFilter(AbstractAuthenticationProcessingFilter.java:235)
	at org.springframework.security.web.authentication.AbstractAuthenticationProcessingFilter.doFilter(AbstractAuthenticationProcessingFilter.java:229)
	at org.springframework.security.web.FilterChainProxy$VirtualFilterChain.doFilter(FilterChainProxy.java:374)
	at com.aiatelye.leather.Securty.Filter.JwtTokenVeriflerFilter.doFilterInternal(JwtTokenVeriflerFilter.java:94)
	at org.springframework.web.filter.OncePerRequestFilter.doFilter(OncePerRequestFilter.java:116)
	at org.springframework.security.web.FilterChainProxy$VirtualFilterChain.doFilter(FilterChainProxy.java:374)
	at org.springframework.security.web.authentication.logout.LogoutFilter.doFilter(LogoutFilter.java:107)
	at org.springframework.security.web.authentication.logout.LogoutFilter.doFilter(LogoutFilter.java:93)
	at org.springframework.security.web.FilterChainProxy$VirtualFilterChain.doFilter(FilterChainProxy.java:374)
	at org.springframework.web.filter.CorsFilter.doFilterInternal(CorsFilter.java:91)
	at org.springframework.web.filter.OncePerRequestFilter.doFilter(OncePerRequestFilter.java:116)
	at org.springframework.security.web.FilterChainProxy$VirtualFilterChain.doFilter(FilterChainProxy.java:374)
	at org.springframework.security.web.header.HeaderWriterFilter.doHeadersAfter(HeaderWriterFilter.java:90)
	at org.springframework.security.web.header.HeaderWriterFilter.doFilterInternal(HeaderWriterFilter.java:75)
	at org.springframework.web.filter.OncePerRequestFilter.doFilter(OncePerRequestFilter.java:116)
	at org.springframework.security.web.FilterChainProxy$VirtualFilterChain.doFilter(FilterChainProxy.java:374)
	at org.springframework.security.web.context.SecurityContextHolderFilter.doFilter(SecurityContextHolderFilter.java:82)
	at org.springframework.security.web.context.SecurityContextHolderFilter.doFilter(SecurityContextHolderFilter.java:69)
	at org.springframework.security.web.FilterChainProxy$VirtualFilterChain.doFilter(FilterChainProxy.java:374)
	at org.springframework.security.web.context.request.async.WebAsyncManagerIntegrationFilter.doFilterInternal(WebAsyncManagerIntegrationFilter.java:62)
	at org.springframework.web.filter.OncePerRequestFilter.doFilter(OncePerRequestFilter.java:116)
	at org.springframework.security.web.FilterChainProxy$VirtualFilterChain.doFilter(FilterChainProxy.java:374)
	at org.springframework.security.web.session.DisableEncodeUrlFilter.doFilterInternal(DisableEncodeUrlFilter.java:42)
	at org.springframework.web.filter.OncePerRequestFilter.doFilter(OncePerRequestFilter.java:116)
	at org.springframework.security.web.FilterChainProxy$VirtualFilterChain.doFilter(FilterChainProxy.java:374)
	at org.springframework.security.web.FilterChainProxy.doFilterInternal(FilterChainProxy.java:233)
	at org.springframework.security.web.FilterChainProxy.doFilter(FilterChainProxy.java:191)
	at org.springframework.web.filter.CompositeFilter$VirtualFilterChain.doFilter(CompositeFilter.java:113)
	at org.springframework.web.filter.ServletRequestPathFilter.doFilter(ServletRequestPathFilter.java:52)
	at org.springframework.web.filter.CompositeFilter$VirtualFilterChain.doFilter(CompositeFilter.java:113)
	at org.springframework.web.filter.CompositeFilter.doFilter(CompositeFilter.java:74)
	at org.springframework.security.config.annotation.web.configuration.WebSecurityConfiguration$CompositeFilterChainProxy.doFilter(WebSecurityConfiguration.java:319)
	at org.springframework.web.filter.CompositeFilter$VirtualFilterChain.doFilter(CompositeFilter.java:113)
	at org.springframework.web.servlet.handler.HandlerMappingIntrospector.lambda$createCacheFilter$4(HandlerMappingIntrospector.java:267)
	at org.springframework.web.filter.CompositeFilter$VirtualFilterChain.doFilter(CompositeFilter.java:113)
	at org.springframework.web.filter.CompositeFilter.doFilter(CompositeFilter.java:74)
	at org.springframework.security.config.annotation.web.configuration.WebMvcSecurityConfiguration$CompositeFilterChainProxy.doFilter(WebMvcSecurityConfiguration.java:240)
	at org.springframework.web.filter.DelegatingFilterProxy.invokeDelegate(DelegatingFilterProxy.java:362)
	at org.springframework.web.filter.DelegatingFilterProxy.doFilter(DelegatingFilterProxy.java:278)
	at org.apache.catalina.core.ApplicationFilterChain.internalDoFilter(ApplicationFilterChain.java:162)
	at org.apache.catalina.core.ApplicationFilterChain.doFilter(ApplicationFilterChain.java:138)
	at org.springframework.web.filter.RequestContextFilter.doFilterInternal(RequestContextFilter.java:100)
	at org.springframework.web.filter.OncePerRequestFilter.doFilter(OncePerRequestFilter.java:116)
	at org.apache.catalina.core.ApplicationFilterChain.internalDoFilter(ApplicationFilterChain.java:162)
	at org.apache.catalina.core.ApplicationFilterChain.doFilter(ApplicationFilterChain.java:138)
	at org.springframework.web.filter.FormContentFilter.doFilterInternal(FormContentFilter.java:93)
	at org.springframework.web.filter.OncePerRequestFilter.doFilter(OncePerRequestFilter.java:116)
	at org.apache.catalina.core.ApplicationFilterChain.internalDoFilter(ApplicationFilterChain.java:162)
	at org.apache.catalina.core.ApplicationFilterChain.doFilter(ApplicationFilterChain.java:138)
	at org.springframework.web.filter.CharacterEncodingFilter.doFilterInternal(CharacterEncodingFilter.java:201)
	at org.springframework.web.filter.OncePerRequestFilter.doFilter(OncePerRequestFilter.java:116)
	at org.apache.catalina.core.ApplicationFilterChain.internalDoFilter(ApplicationFilterChain.java:162)
	at org.apache.catalina.core.ApplicationFilterChain.doFilter(ApplicationFilterChain.java:138)
	at org.apache.catalina.core.StandardWrapperValve.invoke(StandardWrapperValve.java:165)
	at org.apache.catalina.core.StandardContextValve.invoke(StandardContextValve.java:88)
	at org.apache.catalina.authenticator.AuthenticatorBase.invoke(AuthenticatorBase.java:482)
	at org.apache.catalina.core.StandardHostValve.invoke(StandardHostValve.java:113)
	at org.apache.catalina.valves.ErrorReportValve.invoke(ErrorReportValve.java:83)
	at org.apache.catalina.core.StandardEngineValve.invoke(StandardEngineValve.java:72)
	at org.apache.catalina.connector.CoyoteAdapter.service(CoyoteAdapter.java:342)
	at org.apache.coyote.http11.Http11Processor.service(Http11Processor.java:399)
	at org.apache.coyote.AbstractProcessorLight.process(AbstractProcessorLight.java:63)
	at org.apache.coyote.AbstractProtocol$ConnectionHandler.process(AbstractProtocol.java:903)
	at org.apache.tomcat.util.net.NioEndpoint$SocketProcessor.doRun(NioEndpoint.java:1774)
	at org.apache.tomcat.util.net.SocketProcessorBase.run(SocketProcessorBase.java:52)
	at org.apache.tomcat.util.threads.ThreadPoolExecutor.runWorker(ThreadPoolExecutor.java:973)
	at org.apache.tomcat.util.threads.ThreadPoolExecutor$Worker.run(ThreadPoolExecutor.java:491)
	at org.apache.tomcat.util.threads.TaskThread$WrappingRunnable.run(TaskThread.java:63)
	at java.base/java.lang.Thread.run(Thread.java:1583)
2026-09-01 21:53:45.890 [http-nio-8080-exec-10] INFO  c.a.l.c.order.OrderController - POST /api/orders - User: 13, Items: 2
2026-09-01 21:53:45.899 [http-nio-8080-exec-10] INFO  c.a.l.service.Order.OrderService - Creating order for user: 13, items: 2, currency: USD
2026-09-01 21:53:46.069 [http-nio-8080-exec-10] INFO  c.a.l.cache.PriceCacheRepository - Price cached: price:product:13:grade:1:AZN
2026-09-01 21:53:46.128 [http-nio-8080-exec-10] INFO  c.a.l.cache.PriceCacheRepository - Price cached: price:product:8:grade:1:AZN
2026-09-01 21:53:46.292 [http-nio-8080-exec-10] INFO  c.a.l.service.Order.OrderService - Cleaning up idempotency lock for user: 13
2026-09-01 21:53:46.323 [http-nio-8080-exec-10] ERROR c.a.l.service.Order.OrderService - SYSTEM ERROR | User: 13 | Trace: 
com.aiatelye.leather.error.Exception.NotFoundException: Shipping rate not found for INTERNATIONAL_OTHER in USD
	at com.aiatelye.leather.service.Order.ShipingService.lambda$calculate$2(ShipingService.java:37)
	at java.base/java.util.Optional.orElseThrow(Optional.java:403)
	at com.aiatelye.leather.service.Order.ShipingService.calculate(ShipingService.java:37)
	at com.aiatelye.leather.service.Order.OrderService.createOrder(OrderService.java:124)
	at java.base/jdk.internal.reflect.DirectMethodHandleAccessor.invoke(DirectMethodHandleAccessor.java:103)
	at java.base/java.lang.reflect.Method.invoke(Method.java:580)
	at org.springframework.aop.support.AopUtils.invokeJoinpointUsingReflection(AopUtils.java:360)
	at org.springframework.aop.framework.ReflectiveMethodInvocation.invokeJoinpoint(ReflectiveMethodInvocation.java:196)
	at org.springframework.aop.framework.ReflectiveMethodInvocation.proceed(ReflectiveMethodInvocation.java:163)
	at org.springframework.transaction.interceptor.TransactionAspectSupport.invokeWithinTransaction(TransactionAspectSupport.java:380)
	at org.springframework.transaction.interceptor.TransactionInterceptor.invoke(TransactionInterceptor.java:119)
	at org.springframework.aop.framework.ReflectiveMethodInvocation.proceed(ReflectiveMethodInvocation.java:184)
	at org.springframework.aop.framework.CglibAopProxy$DynamicAdvisedInterceptor.intercept(CglibAopProxy.java:728)
	at com.aiatelye.leather.service.Order.OrderService$$SpringCGLIB$$0.createOrder(<generated>)
	at com.aiatelye.leather.controller.order.OrderController.createOrder(OrderController.java:34)
	at java.base/jdk.internal.reflect.DirectMethodHandleAccessor.invoke(DirectMethodHandleAccessor.java:103)
	at java.base/java.lang.reflect.Method.invoke(Method.java:580)
	at org.springframework.web.method.support.InvocableHandlerMethod.doInvoke(InvocableHandlerMethod.java:258)
	at org.springframework.web.method.support.InvocableHandlerMethod.invokeForRequest(InvocableHandlerMethod.java:191)
	at org.springframework.web.servlet.mvc.method.annotation.ServletInvocableHandlerMethod.invokeAndHandle(ServletInvocableHandlerMethod.java:118)
	at org.springframework.web.servlet.mvc.method.annotation.RequestMappingHandlerAdapter.invokeHandlerMethod(RequestMappingHandlerAdapter.java:991)
	at org.springframework.web.servlet.mvc.method.annotation.RequestMappingHandlerAdapter.handleInternal(RequestMappingHandlerAdapter.java:896)
	at org.springframework.web.servlet.mvc.method.AbstractHandlerMethodAdapter.handle(AbstractHandlerMethodAdapter.java:87)
	at org.springframework.web.servlet.DispatcherServlet.doDispatch(DispatcherServlet.java:1089)
	at org.springframework.web.servlet.DispatcherServlet.doService(DispatcherServlet.java:979)
	at org.springframework.web.servlet.FrameworkServlet.processRequest(FrameworkServlet.java:1014)
	at org.springframework.web.servlet.FrameworkServlet.doPost(FrameworkServlet.java:914)
	at jakarta.servlet.http.HttpServlet.service(HttpServlet.java:590)
	at org.springframework.web.servlet.FrameworkServlet.service(FrameworkServlet.java:885)
	at jakarta.servlet.http.HttpServlet.service(HttpServlet.java:658)
	at org.apache.catalina.core.ApplicationFilterChain.internalDoFilter(ApplicationFilterChain.java:193)
	at org.apache.catalina.core.ApplicationFilterChain.doFilter(ApplicationFilterChain.java:138)
	at org.apache.tomcat.websocket.server.WsFilter.doFilter(WsFilter.java:51)
	at org.apache.catalina.core.ApplicationFilterChain.internalDoFilter(ApplicationFilterChain.java:162)
	at org.apache.catalina.core.ApplicationFilterChain.doFilter(ApplicationFilterChain.java:138)
	at org.springframework.web.filter.CompositeFilter$VirtualFilterChain.doFilter(CompositeFilter.java:108)
	at org.springframework.web.filter.CompositeFilter$VirtualFilterChain.doFilter(CompositeFilter.java:108)
	at org.springframework.security.web.FilterChainProxy.lambda$doFilterInternal$3(FilterChainProxy.java:231)
	at org.springframework.security.web.FilterChainProxy$VirtualFilterChain.doFilter(FilterChainProxy.java:365)
	at org.springframework.security.web.access.intercept.AuthorizationFilter.doFilter(AuthorizationFilter.java:101)
	at org.springframework.security.web.FilterChainProxy$VirtualFilterChain.doFilter(FilterChainProxy.java:374)
	at org.springframework.security.web.access.ExceptionTranslationFilter.doFilter(ExceptionTranslationFilter.java:125)
	at org.springframework.security.web.access.ExceptionTranslationFilter.doFilter(ExceptionTranslationFilter.java:119)
	at org.springframework.security.web.FilterChainProxy$VirtualFilterChain.doFilter(FilterChainProxy.java:374)
	at org.springframework.security.web.session.SessionManagementFilter.doFilter(SessionManagementFilter.java:131)
	at org.springframework.security.web.session.SessionManagementFilter.doFilter(SessionManagementFilter.java:85)
	at org.springframework.security.web.FilterChainProxy$VirtualFilterChain.doFilter(FilterChainProxy.java:374)
	at org.springframework.security.web.authentication.AnonymousAuthenticationFilter.doFilter(AnonymousAuthenticationFilter.java:100)
	at org.springframework.security.web.FilterChainProxy$VirtualFilterChain.doFilter(FilterChainProxy.java:374)
	at org.springframework.security.web.servletapi.SecurityContextHolderAwareRequestFilter.doFilter(SecurityContextHolderAwareRequestFilter.java:179)
	at org.springframework.security.web.FilterChainProxy$VirtualFilterChain.doFilter(FilterChainProxy.java:374)
	at org.springframework.security.web.savedrequest.RequestCacheAwareFilter.doFilter(RequestCacheAwareFilter.java:63)
	at org.springframework.security.web.FilterChainProxy$VirtualFilterChain.doFilter(FilterChainProxy.java:374)
	at org.springframework.security.web.authentication.AbstractAuthenticationProcessingFilter.doFilter(AbstractAuthenticationProcessingFilter.java:235)
	at org.springframework.security.web.authentication.AbstractAuthenticationProcessingFilter.doFilter(AbstractAuthenticationProcessingFilter.java:229)
	at org.springframework.security.web.FilterChainProxy$VirtualFilterChain.doFilter(FilterChainProxy.java:374)
	at com.aiatelye.leather.Securty.Filter.JwtTokenVeriflerFilter.doFilterInternal(JwtTokenVeriflerFilter.java:94)
	at org.springframework.web.filter.OncePerRequestFilter.doFilter(OncePerRequestFilter.java:116)
	at org.springframework.security.web.FilterChainProxy$VirtualFilterChain.doFilter(FilterChainProxy.java:374)
	at org.springframework.security.web.authentication.logout.LogoutFilter.doFilter(LogoutFilter.java:107)
	at org.springframework.security.web.authentication.logout.LogoutFilter.doFilter(LogoutFilter.java:93)
	at org.springframework.security.web.FilterChainProxy$VirtualFilterChain.doFilter(FilterChainProxy.java:374)
	at org.springframework.web.filter.CorsFilter.doFilterInternal(CorsFilter.java:91)
	at org.springframework.web.filter.OncePerRequestFilter.doFilter(OncePerRequestFilter.java:116)
	at org.springframework.security.web.FilterChainProxy$VirtualFilterChain.doFilter(FilterChainProxy.java:374)
	at org.springframework.security.web.header.HeaderWriterFilter.doHeadersAfter(HeaderWriterFilter.java:90)
	at org.springframework.security.web.header.HeaderWriterFilter.doFilterInternal(HeaderWriterFilter.java:75)
	at org.springframework.web.filter.OncePerRequestFilter.doFilter(OncePerRequestFilter.java:116)
	at org.springframework.security.web.FilterChainProxy$VirtualFilterChain.doFilter(FilterChainProxy.java:374)
	at org.springframework.security.web.context.SecurityContextHolderFilter.doFilter(SecurityContextHolderFilter.java:82)
	at org.springframework.security.web.context.SecurityContextHolderFilter.doFilter(SecurityContextHolderFilter.java:69)
	at org.springframework.security.web.FilterChainProxy$VirtualFilterChain.doFilter(FilterChainProxy.java:374)
	at org.springframework.security.web.context.request.async.WebAsyncManagerIntegrationFilter.doFilterInternal(WebAsyncManagerIntegrationFilter.java:62)
	at org.springframework.web.filter.OncePerRequestFilter.doFilter(OncePerRequestFilter.java:116)
	at org.springframework.security.web.FilterChainProxy$VirtualFilterChain.doFilter(FilterChainProxy.java:374)
	at org.springframework.security.web.session.DisableEncodeUrlFilter.doFilterInternal(DisableEncodeUrlFilter.java:42)
	at org.springframework.web.filter.OncePerRequestFilter.doFilter(OncePerRequestFilter.java:116)
	at org.springframework.security.web.FilterChainProxy$VirtualFilterChain.doFilter(FilterChainProxy.java:374)
	at org.springframework.security.web.FilterChainProxy.doFilterInternal(FilterChainProxy.java:233)
	at org.springframework.security.web.FilterChainProxy.doFilter(FilterChainProxy.java:191)
	at org.springframework.web.filter.CompositeFilter$VirtualFilterChain.doFilter(CompositeFilter.java:113)
	at org.springframework.web.filter.ServletRequestPathFilter.doFilter(ServletRequestPathFilter.java:52)
	at org.springframework.web.filter.CompositeFilter$VirtualFilterChain.doFilter(CompositeFilter.java:113)
	at org.springframework.web.filter.CompositeFilter.doFilter(CompositeFilter.java:74)
	at org.springframework.security.config.annotation.web.configuration.WebSecurityConfiguration$CompositeFilterChainProxy.doFilter(WebSecurityConfiguration.java:319)
	at org.springframework.web.filter.CompositeFilter$VirtualFilterChain.doFilter(CompositeFilter.java:113)
	at org.springframework.web.servlet.handler.HandlerMappingIntrospector.lambda$createCacheFilter$4(HandlerMappingIntrospector.java:267)
	at org.springframework.web.filter.CompositeFilter$VirtualFilterChain.doFilter(CompositeFilter.java:113)
	at org.springframework.web.filter.CompositeFilter.doFilter(CompositeFilter.java:74)
	at org.springframework.security.config.annotation.web.configuration.WebMvcSecurityConfiguration$CompositeFilterChainProxy.doFilter(WebMvcSecurityConfiguration.java:240)
	at org.springframework.web.filter.DelegatingFilterProxy.invokeDelegate(DelegatingFilterProxy.java:362)
	at org.springframework.web.filter.DelegatingFilterProxy.doFilter(DelegatingFilterProxy.java:278)
	at org.apache.catalina.core.ApplicationFilterChain.internalDoFilter(ApplicationFilterChain.java:162)
	at org.apache.catalina.core.ApplicationFilterChain.doFilter(ApplicationFilterChain.java:138)
	at org.springframework.web.filter.RequestContextFilter.doFilterInternal(RequestContextFilter.java:100)
	at org.springframework.web.filter.OncePerRequestFilter.doFilter(OncePerRequestFilter.java:116)
	at org.apache.catalina.core.ApplicationFilterChain.internalDoFilter(ApplicationFilterChain.java:162)
	at org.apache.catalina.core.ApplicationFilterChain.doFilter(ApplicationFilterChain.java:138)
	at org.springframework.web.filter.FormContentFilter.doFilterInternal(FormContentFilter.java:93)
	at org.springframework.web.filter.OncePerRequestFilter.doFilter(OncePerRequestFilter.java:116)
	at org.apache.catalina.core.ApplicationFilterChain.internalDoFilter(ApplicationFilterChain.java:162)
	at org.apache.catalina.core.ApplicationFilterChain.doFilter(ApplicationFilterChain.java:138)
	at org.springframework.web.filter.CharacterEncodingFilter.doFilterInternal(CharacterEncodingFilter.java:201)
	at org.springframework.web.filter.OncePerRequestFilter.doFilter(OncePerRequestFilter.java:116)
	at org.apache.catalina.core.ApplicationFilterChain.internalDoFilter(ApplicationFilterChain.java:162)
	at org.apache.catalina.core.ApplicationFilterChain.doFilter(ApplicationFilterChain.java:138)
	at org.apache.catalina.core.StandardWrapperValve.invoke(StandardWrapperValve.java:165)
	at org.apache.catalina.core.StandardContextValve.invoke(StandardContextValve.java:88)
	at org.apache.catalina.authenticator.AuthenticatorBase.invoke(AuthenticatorBase.java:482)
	at org.apache.catalina.core.StandardHostValve.invoke(StandardHostValve.java:113)
	at org.apache.catalina.valves.ErrorReportValve.invoke(ErrorReportValve.java:83)
	at org.apache.catalina.core.StandardEngineValve.invoke(StandardEngineValve.java:72)
	at org.apache.catalina.connector.CoyoteAdapter.service(CoyoteAdapter.java:342)
	at org.apache.coyote.http11.Http11Processor.service(Http11Processor.java:399)
	at org.apache.coyote.AbstractProcessorLight.process(AbstractProcessorLight.java:63)
	at org.apache.coyote.AbstractProtocol$ConnectionHandler.process(AbstractProtocol.java:903)
	at org.apache.tomcat.util.net.NioEndpoint$SocketProcessor.doRun(NioEndpoint.java:1774)
	at org.apache.tomcat.util.net.SocketProcessorBase.run(SocketProcessorBase.java:52)
	at org.apache.tomcat.util.threads.ThreadPoolExecutor.runWorker(ThreadPoolExecutor.java:973)
	at org.apache.tomcat.util.threads.ThreadPoolExecutor$Worker.run(ThreadPoolExecutor.java:491)
	at org.apache.tomcat.util.threads.TaskThread$WrappingRunnable.run(TaskThread.java:63)
	at java.base/java.lang.Thread.run(Thread.java:1583)
2026-09-01 21:53:46.522 [http-nio-8080-exec-10] ERROR c.a.leather.error.model.ErrorHandle - Sistemdə gözlənilməz xəta baş verdi: 
java.lang.RuntimeException: error.technical.internal
	at com.aiatelye.leather.service.Order.OrderService.createOrder(OrderService.java:174)
	at java.base/jdk.internal.reflect.DirectMethodHandleAccessor.invoke(DirectMethodHandleAccessor.java:103)
	at java.base/java.lang.reflect.Method.invoke(Method.java:580)
	at org.springframework.aop.support.AopUtils.invokeJoinpointUsingReflection(AopUtils.java:360)
	at org.springframework.aop.framework.ReflectiveMethodInvocation.invokeJoinpoint(ReflectiveMethodInvocation.java:196)
	at org.springframework.aop.framework.ReflectiveMethodInvocation.proceed(ReflectiveMethodInvocation.java:163)
	at org.springframework.transaction.interceptor.TransactionAspectSupport.invokeWithinTransaction(TransactionAspectSupport.java:380)
	at org.springframework.transaction.interceptor.TransactionInterceptor.invoke(TransactionInterceptor.java:119)
	at org.springframework.aop.framework.ReflectiveMethodInvocation.proceed(ReflectiveMethodInvocation.java:184)
	at org.springframework.aop.framework.CglibAopProxy$DynamicAdvisedInterceptor.intercept(CglibAopProxy.java:728)
	at com.aiatelye.leather.service.Order.OrderService$$SpringCGLIB$$0.createOrder(<generated>)
	at com.aiatelye.leather.controller.order.OrderController.createOrder(OrderController.java:34)
	at java.base/jdk.internal.reflect.DirectMethodHandleAccessor.invoke(DirectMethodHandleAccessor.java:103)
	at java.base/java.lang.reflect.Method.invoke(Method.java:580)
	at org.springframework.web.method.support.InvocableHandlerMethod.doInvoke(InvocableHandlerMethod.java:258)
	at org.springframework.web.method.support.InvocableHandlerMethod.invokeForRequest(InvocableHandlerMethod.java:191)
	at org.springframework.web.servlet.mvc.method.annotation.ServletInvocableHandlerMethod.invokeAndHandle(ServletInvocableHandlerMethod.java:118)
	at org.springframework.web.servlet.mvc.method.annotation.RequestMappingHandlerAdapter.invokeHandlerMethod(RequestMappingHandlerAdapter.java:991)
	at org.springframework.web.servlet.mvc.method.annotation.RequestMappingHandlerAdapter.handleInternal(RequestMappingHandlerAdapter.java:896)
	at org.springframework.web.servlet.mvc.method.AbstractHandlerMethodAdapter.handle(AbstractHandlerMethodAdapter.java:87)
	at org.springframework.web.servlet.DispatcherServlet.doDispatch(DispatcherServlet.java:1089)
	at org.springframework.web.servlet.DispatcherServlet.doService(DispatcherServlet.java:979)
	at org.springframework.web.servlet.FrameworkServlet.processRequest(FrameworkServlet.java:1014)
	at org.springframework.web.servlet.FrameworkServlet.doPost(FrameworkServlet.java:914)
	at jakarta.servlet.http.HttpServlet.service(HttpServlet.java:590)
	at org.springframework.web.servlet.FrameworkServlet.service(FrameworkServlet.java:885)
	at jakarta.servlet.http.HttpServlet.service(HttpServlet.java:658)
	at org.apache.catalina.core.ApplicationFilterChain.internalDoFilter(ApplicationFilterChain.java:193)
	at org.apache.catalina.core.ApplicationFilterChain.doFilter(ApplicationFilterChain.java:138)
	at org.apache.tomcat.websocket.server.WsFilter.doFilter(WsFilter.java:51)
	at org.apache.catalina.core.ApplicationFilterChain.internalDoFilter(ApplicationFilterChain.java:162)
	at org.apache.catalina.core.ApplicationFilterChain.doFilter(ApplicationFilterChain.java:138)
	at org.springframework.web.filter.CompositeFilter$VirtualFilterChain.doFilter(CompositeFilter.java:108)
	at org.springframework.web.filter.CompositeFilter$VirtualFilterChain.doFilter(CompositeFilter.java:108)
	at org.springframework.security.web.FilterChainProxy.lambda$doFilterInternal$3(FilterChainProxy.java:231)
	at org.springframework.security.web.FilterChainProxy$VirtualFilterChain.doFilter(FilterChainProxy.java:365)
	at org.springframework.security.web.access.intercept.AuthorizationFilter.doFilter(AuthorizationFilter.java:101)
	at org.springframework.security.web.FilterChainProxy$VirtualFilterChain.doFilter(FilterChainProxy.java:374)
	at org.springframework.security.web.access.ExceptionTranslationFilter.doFilter(ExceptionTranslationFilter.java:125)
	at org.springframework.security.web.access.ExceptionTranslationFilter.doFilter(ExceptionTranslationFilter.java:119)
	at org.springframework.security.web.FilterChainProxy$VirtualFilterChain.doFilter(FilterChainProxy.java:374)
	at org.springframework.security.web.session.SessionManagementFilter.doFilter(SessionManagementFilter.java:131)
	at org.springframework.security.web.session.SessionManagementFilter.doFilter(SessionManagementFilter.java:85)
	at org.springframework.security.web.FilterChainProxy$VirtualFilterChain.doFilter(FilterChainProxy.java:374)
	at org.springframework.security.web.authentication.AnonymousAuthenticationFilter.doFilter(AnonymousAuthenticationFilter.java:100)
	at org.springframework.security.web.FilterChainProxy$VirtualFilterChain.doFilter(FilterChainProxy.java:374)
	at org.springframework.security.web.servletapi.SecurityContextHolderAwareRequestFilter.doFilter(SecurityContextHolderAwareRequestFilter.java:179)
	at org.springframework.security.web.FilterChainProxy$VirtualFilterChain.doFilter(FilterChainProxy.java:374)
	at org.springframework.security.web.savedrequest.RequestCacheAwareFilter.doFilter(RequestCacheAwareFilter.java:63)
	at org.springframework.security.web.FilterChainProxy$VirtualFilterChain.doFilter(FilterChainProxy.java:374)
	at org.springframework.security.web.authentication.AbstractAuthenticationProcessingFilter.doFilter(AbstractAuthenticationProcessingFilter.java:235)
	at org.springframework.security.web.authentication.AbstractAuthenticationProcessingFilter.doFilter(AbstractAuthenticationProcessingFilter.java:229)
	at org.springframework.security.web.FilterChainProxy$VirtualFilterChain.doFilter(FilterChainProxy.java:374)
	at com.aiatelye.leather.Securty.Filter.JwtTokenVeriflerFilter.doFilterInternal(JwtTokenVeriflerFilter.java:94)
	at org.springframework.web.filter.OncePerRequestFilter.doFilter(OncePerRequestFilter.java:116)
	at org.springframework.security.web.FilterChainProxy$VirtualFilterChain.doFilter(FilterChainProxy.java:374)
	at org.springframework.security.web.authentication.logout.LogoutFilter.doFilter(LogoutFilter.java:107)
	at org.springframework.security.web.authentication.logout.LogoutFilter.doFilter(LogoutFilter.java:93)
	at org.springframework.security.web.FilterChainProxy$VirtualFilterChain.doFilter(FilterChainProxy.java:374)
	at org.springframework.web.filter.CorsFilter.doFilterInternal(CorsFilter.java:91)
	at org.springframework.web.filter.OncePerRequestFilter.doFilter(OncePerRequestFilter.java:116)
	at org.springframework.security.web.FilterChainProxy$VirtualFilterChain.doFilter(FilterChainProxy.java:374)
	at org.springframework.security.web.header.HeaderWriterFilter.doHeadersAfter(HeaderWriterFilter.java:90)
	at org.springframework.security.web.header.HeaderWriterFilter.doFilterInternal(HeaderWriterFilter.java:75)
	at org.springframework.web.filter.OncePerRequestFilter.doFilter(OncePerRequestFilter.java:116)
	at org.springframework.security.web.FilterChainProxy$VirtualFilterChain.doFilter(FilterChainProxy.java:374)
	at org.springframework.security.web.context.SecurityContextHolderFilter.doFilter(SecurityContextHolderFilter.java:82)
	at org.springframework.security.web.context.SecurityContextHolderFilter.doFilter(SecurityContextHolderFilter.java:69)
	at org.springframework.security.web.FilterChainProxy$VirtualFilterChain.doFilter(FilterChainProxy.java:374)
	at org.springframework.security.web.context.request.async.WebAsyncManagerIntegrationFilter.doFilterInternal(WebAsyncManagerIntegrationFilter.java:62)
	at org.springframework.web.filter.OncePerRequestFilter.doFilter(OncePerRequestFilter.java:116)
	at org.springframework.security.web.FilterChainProxy$VirtualFilterChain.doFilter(FilterChainProxy.java:374)
	at org.springframework.security.web.session.DisableEncodeUrlFilter.doFilterInternal(DisableEncodeUrlFilter.java:42)
	at org.springframework.web.filter.OncePerRequestFilter.doFilter(OncePerRequestFilter.java:116)
	at org.springframework.security.web.FilterChainProxy$VirtualFilterChain.doFilter(FilterChainProxy.java:374)
	at org.springframework.security.web.FilterChainProxy.doFilterInternal(FilterChainProxy.java:233)
	at org.springframework.security.web.FilterChainProxy.doFilter(FilterChainProxy.java:191)
	at org.springframework.web.filter.CompositeFilter$VirtualFilterChain.doFilter(CompositeFilter.java:113)
	at org.springframework.web.filter.ServletRequestPathFilter.doFilter(ServletRequestPathFilter.java:52)
	at org.springframework.web.filter.CompositeFilter$VirtualFilterChain.doFilter(CompositeFilter.java:113)
	at org.springframework.web.filter.CompositeFilter.doFilter(CompositeFilter.java:74)
	at org.springframework.security.config.annotation.web.configuration.WebSecurityConfiguration$CompositeFilterChainProxy.doFilter(WebSecurityConfiguration.java:319)
	at org.springframework.web.filter.CompositeFilter$VirtualFilterChain.doFilter(CompositeFilter.java:113)
	at org.springframework.web.servlet.handler.HandlerMappingIntrospector.lambda$createCacheFilter$4(HandlerMappingIntrospector.java:267)
	at org.springframework.web.filter.CompositeFilter$VirtualFilterChain.doFilter(CompositeFilter.java:113)
	at org.springframework.web.filter.CompositeFilter.doFilter(CompositeFilter.java:74)
	at org.springframework.security.config.annotation.web.configuration.WebMvcSecurityConfiguration$CompositeFilterChainProxy.doFilter(WebMvcSecurityConfiguration.java:240)
	at org.springframework.web.filter.DelegatingFilterProxy.invokeDelegate(DelegatingFilterProxy.java:362)
	at org.springframework.web.filter.DelegatingFilterProxy.doFilter(DelegatingFilterProxy.java:278)
	at org.apache.catalina.core.ApplicationFilterChain.internalDoFilter(ApplicationFilterChain.java:162)
	at org.apache.catalina.core.ApplicationFilterChain.doFilter(ApplicationFilterChain.java:138)
	at org.springframework.web.filter.RequestContextFilter.doFilterInternal(RequestContextFilter.java:100)
	at org.springframework.web.filter.OncePerRequestFilter.doFilter(OncePerRequestFilter.java:116)
	at org.apache.catalina.core.ApplicationFilterChain.internalDoFilter(ApplicationFilterChain.java:162)
	at org.apache.catalina.core.ApplicationFilterChain.doFilter(ApplicationFilterChain.java:138)
	at org.springframework.web.filter.FormContentFilter.doFilterInternal(FormContentFilter.java:93)
	at org.springframework.web.filter.OncePerRequestFilter.doFilter(OncePerRequestFilter.java:116)
	at org.apache.catalina.core.ApplicationFilterChain.internalDoFilter(ApplicationFilterChain.java:162)
	at org.apache.catalina.core.ApplicationFilterChain.doFilter(ApplicationFilterChain.java:138)
	at org.springframework.web.filter.CharacterEncodingFilter.doFilterInternal(CharacterEncodingFilter.java:201)
	at org.springframework.web.filter.OncePerRequestFilter.doFilter(OncePerRequestFilter.java:116)
	at org.apache.catalina.core.ApplicationFilterChain.internalDoFilter(ApplicationFilterChain.java:162)
	at org.apache.catalina.core.ApplicationFilterChain.doFilter(ApplicationFilterChain.java:138)
	at org.apache.catalina.core.StandardWrapperValve.invoke(StandardWrapperValve.java:165)
	at org.apache.catalina.core.StandardContextValve.invoke(StandardContextValve.java:88)
	at org.apache.catalina.authenticator.AuthenticatorBase.invoke(AuthenticatorBase.java:482)
	at org.apache.catalina.core.StandardHostValve.invoke(StandardHostValve.java:113)
	at org.apache.catalina.valves.ErrorReportValve.invoke(ErrorReportValve.java:83)
	at org.apache.catalina.core.StandardEngineValve.invoke(StandardEngineValve.java:72)
	at org.apache.catalina.connector.CoyoteAdapter.service(CoyoteAdapter.java:342)
	at org.apache.coyote.http11.Http11Processor.service(Http11Processor.java:399)
	at org.apache.coyote.AbstractProcessorLight.process(AbstractProcessorLight.java:63)
	at org.apache.coyote.AbstractProtocol$ConnectionHandler.process(AbstractProtocol.java:903)
	at org.apache.tomcat.util.net.NioEndpoint$SocketProcessor.doRun(NioEndpoint.java:1774)
	at org.apache.tomcat.util.net.SocketProcessorBase.run(SocketProcessorBase.java:52)
	at org.apache.tomcat.util.threads.ThreadPoolExecutor.runWorker(ThreadPoolExecutor.java:973)
	at org.apache.tomcat.util.threads.ThreadPoolExecutor$Worker.run(ThreadPoolExecutor.java:491)
	at org.apache.tomcat.util.threads.TaskThread$WrappingRunnable.run(TaskThread.java:63)
	at java.base/java.lang.Thread.run(Thread.java:1583)
2026-09-01 22:04:01.515 [http-nio-8080-exec-4] INFO  c.a.l.c.catalog.ProductController - GET /api/products - page: 0, filter: ProductFilterRequest(modelType=null, search=, page=0, size=12)
2026-09-01 22:04:01.583 [http-nio-8080-exec-4] INFO  c.a.l.s.c.ProductCatalogService - Fetching product catalog - page: 0, currency: USD
2026-09-01 22:04:01.997 [http-nio-8080-exec-4] INFO  c.a.l.c.ProductCatalogCacheRepository - Initial page cache hit for USD
2026-09-01 22:04:26.582 [http-nio-8080-exec-7] INFO  c.a.l.c.a.AdminPricingRuleController - GET /api/admin/pricing/rules
2026-09-01 22:04:26.591 [http-nio-8080-exec-7] INFO  c.a.l.s.pricing.PricingRuleService - Fetching pricing rules, activeOnly: false
2026-09-01 22:04:27.219 [http-nio-8080-exec-1] INFO  c.a.l.c.catalog.ProductController - GET /api/products - page: 0, filter: ProductFilterRequest(modelType=null, search=, page=0, size=12)
2026-09-01 22:04:27.250 [http-nio-8080-exec-1] INFO  c.a.l.s.c.ProductCatalogService - Fetching product catalog - page: 0, currency: USD
2026-09-01 22:04:27.278 [http-nio-8080-exec-1] INFO  c.a.l.c.ProductCatalogCacheRepository - Initial page cache hit for USD
2026-09-01 22:04:31.579 [http-nio-8080-exec-3] INFO  c.a.l.c.a.AdminProductsController - GET /api/admin/products - filter: ProductModelFilter(id=null, modelname=null, modelType=null, availabilityStatus=null, isActive=null, from=null, to=null), page: Page request [number: 0, size 12, sort: createdAt: DESC]
2026-09-01 22:04:31.611 [http-nio-8080-exec-3] INFO  c.a.l.s.c.AdminProductModelService - Admin fetching ALL product models (including inactive/draft) with filter: ProductModelFilter(id=null, modelname=null, modelType=null, availabilityStatus=null, isActive=null, from=null, to=null)
2026-09-01 22:04:33.296 [http-nio-8080-exec-6] INFO  c.a.l.c.a.AdminProductsController - GET /api/admin/products/14
2026-09-01 22:04:33.411 [http-nio-8080-exec-5] INFO  c.a.l.c.a.AdminProductsController - GET /api/admin/products/14
2026-09-01 22:04:33.475 [http-nio-8080-exec-4] INFO  c.a.l.c.a.AdminProductPriceController - GET /api/admin/products/14/calculated-prices
2026-09-01 22:04:33.480 [http-nio-8080-exec-4] INFO  c.a.l.s.pricing.ProductPriceService - Admin fetching calculated prices for product: 14
2026-09-01 22:04:34.537 [http-nio-8080-exec-9] INFO  c.a.l.c.a.AdminProductPriceController - GET /api/admin/products/14/calculated-prices
2026-09-01 22:04:34.549 [http-nio-8080-exec-9] INFO  c.a.l.s.pricing.ProductPriceService - Admin fetching calculated prices for product: 14
2026-09-01 22:04:46.924 [http-nio-8080-exec-1] INFO  c.a.l.c.a.AdminProductsController - GET /api/admin/products - filter: ProductModelFilter(id=null, modelname=null, modelType=null, availabilityStatus=null, isActive=null, from=null, to=null), page: Page request [number: 0, size 12, sort: createdAt: DESC]
2026-09-01 22:04:46.928 [http-nio-8080-exec-1] INFO  c.a.l.s.c.AdminProductModelService - Admin fetching ALL product models (including inactive/draft) with filter: ProductModelFilter(id=null, modelname=null, modelType=null, availabilityStatus=null, isActive=null, from=null, to=null)
2026-09-01 22:04:48.716 [http-nio-8080-exec-8] INFO  c.a.l.c.a.AdminProductsController - GET /api/admin/products/1
2026-09-01 22:04:48.757 [http-nio-8080-exec-2] INFO  c.a.l.c.a.AdminProductsController - GET /api/admin/products/1
2026-09-01 22:04:48.765 [http-nio-8080-exec-10] INFO  c.a.l.c.a.AdminProductPriceController - GET /api/admin/products/1/calculated-prices
2026-09-01 22:04:48.769 [http-nio-8080-exec-10] INFO  c.a.l.s.pricing.ProductPriceService - Admin fetching calculated prices for product: 1
2026-09-01 22:04:48.882 [http-nio-8080-exec-5] INFO  c.a.l.c.a.AdminProductPriceController - GET /api/admin/products/1/calculated-prices
2026-09-01 22:04:48.882 [http-nio-8080-exec-5] INFO  c.a.l.s.pricing.ProductPriceService - Admin fetching calculated prices for product: 1
2026-09-01 22:05:06.257 [http-nio-8080-exec-4] INFO  c.a.l.c.a.AdminProductsController - GET /api/admin/products - filter: ProductModelFilter(id=null, modelname=null, modelType=null, availabilityStatus=null, isActive=null, from=null, to=null), page: Page request [number: 0, size 12, sort: createdAt: DESC]
2026-09-01 22:05:06.565 [http-nio-8080-exec-4] INFO  c.a.l.s.c.AdminProductModelService - Admin fetching ALL product models (including inactive/draft) with filter: ProductModelFilter(id=null, modelname=null, modelType=null, availabilityStatus=null, isActive=null, from=null, to=null)
2026-09-01 22:05:08.189 [http-nio-8080-exec-9] INFO  c.a.l.c.a.AdminProductsController - GET /api/admin/products/1
2026-09-01 22:05:08.224 [http-nio-8080-exec-1] INFO  c.a.l.c.a.AdminProductsController - GET /api/admin/products/1
2026-09-01 22:05:08.229 [http-nio-8080-exec-3] INFO  c.a.l.c.a.AdminProductPriceController - GET /api/admin/products/1/calculated-prices
2026-09-01 22:05:08.237 [http-nio-8080-exec-3] INFO  c.a.l.s.pricing.ProductPriceService - Admin fetching calculated prices for product: 1
2026-09-01 22:05:08.279 [http-nio-8080-exec-7] INFO  c.a.l.c.a.AdminProductPriceController - GET /api/admin/products/1/calculated-prices
2026-09-01 22:05:08.279 [http-nio-8080-exec-7] INFO  c.a.l.s.pricing.ProductPriceService - Admin fetching calculated prices for product: 1
2026-09-01 22:05:13.949 [http-nio-8080-exec-8] INFO  c.a.l.c.a.AdminProductsController - GET /api/admin/products - filter: ProductModelFilter(id=null, modelname=null, modelType=null, availabilityStatus=null, isActive=null, from=null, to=null), page: Page request [number: 0, size 12, sort: createdAt: DESC]
2026-09-01 22:05:13.966 [http-nio-8080-exec-8] INFO  c.a.l.s.c.AdminProductModelService - Admin fetching ALL product models (including inactive/draft) with filter: ProductModelFilter(id=null, modelname=null, modelType=null, availabilityStatus=null, isActive=null, from=null, to=null)
2026-09-01 22:05:15.394 [http-nio-8080-exec-10] INFO  c.a.l.c.a.AdminProductsController - GET /api/admin/products/3
2026-09-01 22:05:15.432 [http-nio-8080-exec-5] INFO  c.a.l.c.a.AdminProductsController - GET /api/admin/products/3
2026-09-01 22:05:15.436 [http-nio-8080-exec-9] INFO  c.a.l.c.a.AdminProductPriceController - GET /api/admin/products/3/calculated-prices
2026-09-01 22:05:15.437 [http-nio-8080-exec-9] INFO  c.a.l.s.pricing.ProductPriceService - Admin fetching calculated prices for product: 3
2026-09-01 22:05:15.483 [http-nio-8080-exec-3] INFO  c.a.l.c.a.AdminProductPriceController - GET /api/admin/products/3/calculated-prices
2026-09-01 22:05:15.483 [http-nio-8080-exec-3] INFO  c.a.l.s.pricing.ProductPriceService - Admin fetching calculated prices for product: 3
2026-09-01 22:05:20.316 [http-nio-8080-exec-1] INFO  c.a.l.c.a.AdminProductsController - GET /api/admin/products - filter: ProductModelFilter(id=null, modelname=null, modelType=null, availabilityStatus=null, isActive=null, from=null, to=null), page: Page request [number: 0, size 12, sort: createdAt: DESC]
2026-09-01 22:05:20.321 [http-nio-8080-exec-1] INFO  c.a.l.s.c.AdminProductModelService - Admin fetching ALL product models (including inactive/draft) with filter: ProductModelFilter(id=null, modelname=null, modelType=null, availabilityStatus=null, isActive=null, from=null, to=null)
2026-09-01 22:05:21.342 [http-nio-8080-exec-6] INFO  c.a.l.c.a.AdminProductsController - GET /api/admin/products/5
2026-09-01 22:05:21.377 [http-nio-8080-exec-2] INFO  c.a.l.c.a.AdminProductsController - GET /api/admin/products/5
2026-09-01 22:05:21.383 [http-nio-8080-exec-4] INFO  c.a.l.c.a.AdminProductPriceController - GET /api/admin/products/5/calculated-prices
2026-09-01 22:05:21.385 [http-nio-8080-exec-4] INFO  c.a.l.s.pricing.ProductPriceService - Admin fetching calculated prices for product: 5
2026-09-01 22:05:21.415 [http-nio-8080-exec-5] INFO  c.a.l.c.a.AdminProductPriceController - GET /api/admin/products/5/calculated-prices
2026-09-01 22:05:21.415 [http-nio-8080-exec-5] INFO  c.a.l.s.pricing.ProductPriceService - Admin fetching calculated prices for product: 5
2026-09-01 22:05:27.116 [http-nio-8080-exec-9] INFO  c.a.l.c.a.AdminProductsController - GET /api/admin/products - filter: ProductModelFilter(id=null, modelname=null, modelType=null, availabilityStatus=null, isActive=null, from=null, to=null), page: Page request [number: 0, size 12, sort: createdAt: DESC]
2026-09-01 22:05:27.141 [http-nio-8080-exec-9] INFO  c.a.l.s.c.AdminProductModelService - Admin fetching ALL product models (including inactive/draft) with filter: ProductModelFilter(id=null, modelname=null, modelType=null, availabilityStatus=null, isActive=null, from=null, to=null)
2026-09-01 22:05:28.603 [http-nio-8080-exec-8] INFO  c.a.l.c.a.AdminProductsController - GET /api/admin/products/8
2026-09-01 22:05:28.635 [http-nio-8080-exec-7] INFO  c.a.l.c.a.AdminProductsController - GET /api/admin/products/8
2026-09-01 22:05:28.646 [http-nio-8080-exec-10] INFO  c.a.l.c.a.AdminProductPriceController - GET /api/admin/products/8/calculated-prices
2026-09-01 22:05:28.649 [http-nio-8080-exec-10] INFO  c.a.l.s.pricing.ProductPriceService - Admin fetching calculated prices for product: 8
2026-09-01 22:05:28.677 [http-nio-8080-exec-2] INFO  c.a.l.c.a.AdminProductPriceController - GET /api/admin/products/8/calculated-prices
2026-09-01 22:05:28.677 [http-nio-8080-exec-2] INFO  c.a.l.s.pricing.ProductPriceService - Admin fetching calculated prices for product: 8
2026-09-01 22:05:35.859 [http-nio-8080-exec-4] INFO  c.a.l.c.a.AdminProductsController - GET /api/admin/products - filter: ProductModelFilter(id=null, modelname=null, modelType=null, availabilityStatus=null, isActive=null, from=null, to=null), page: Page request [number: 0, size 12, sort: createdAt: DESC]
2026-09-01 22:05:35.862 [http-nio-8080-exec-4] INFO  c.a.l.s.c.AdminProductModelService - Admin fetching ALL product models (including inactive/draft) with filter: ProductModelFilter(id=null, modelname=null, modelType=null, availabilityStatus=null, isActive=null, from=null, to=null)
2026-09-01 22:05:37.082 [http-nio-8080-exec-3] INFO  c.a.l.c.a.AdminProductsController - GET /api/admin/products/10
2026-09-01 22:05:38.447 [http-nio-8080-exec-8] INFO  c.a.l.c.a.AdminProductsController - GET /api/admin/products/10
2026-09-01 22:05:38.452 [http-nio-8080-exec-6] INFO  c.a.l.c.a.AdminProductPriceController - GET /api/admin/products/10/calculated-prices
2026-09-01 22:05:38.565 [http-nio-8080-exec-6] INFO  c.a.l.s.pricing.ProductPriceService - Admin fetching calculated prices for product: 10
2026-09-01 22:05:38.877 [http-nio-8080-exec-7] INFO  c.a.l.c.a.AdminProductPriceController - GET /api/admin/products/10/calculated-prices
2026-09-01 22:05:38.877 [http-nio-8080-exec-7] INFO  c.a.l.s.pricing.ProductPriceService - Admin fetching calculated prices for product: 10
2026-09-01 22:05:42.814 [http-nio-8080-exec-10] INFO  c.a.l.c.a.AdminProductsController - GET /api/admin/products - filter: ProductModelFilter(id=null, modelname=null, modelType=null, availabilityStatus=null, isActive=null, from=null, to=null), page: Page request [number: 0, size 12, sort: createdAt: DESC]
2026-09-01 22:05:42.816 [http-nio-8080-exec-10] INFO  c.a.l.s.c.AdminProductModelService - Admin fetching ALL product models (including inactive/draft) with filter: ProductModelFilter(id=null, modelname=null, modelType=null, availabilityStatus=null, isActive=null, from=null, to=null)
2026-09-01 22:05:43.865 [http-nio-8080-exec-5] INFO  c.a.l.c.a.AdminProductsController - GET /api/admin/products/13
2026-09-01 22:05:43.940 [http-nio-8080-exec-3] INFO  c.a.l.c.a.AdminProductsController - GET /api/admin/products/13
2026-09-01 22:05:43.944 [http-nio-8080-exec-1] INFO  c.a.l.c.a.AdminProductPriceController - GET /api/admin/products/13/calculated-prices
2026-09-01 22:05:43.962 [http-nio-8080-exec-1] INFO  c.a.l.s.pricing.ProductPriceService - Admin fetching calculated prices for product: 13
2026-09-01 22:05:44.967 [http-nio-8080-exec-8] INFO  c.a.l.c.a.AdminProductPriceController - GET /api/admin/products/13/calculated-prices
2026-09-01 22:05:45.132 [http-nio-8080-exec-8] INFO  c.a.l.s.pricing.ProductPriceService - Admin fetching calculated prices for product: 13
2026-09-01 22:05:51.829 [http-nio-8080-exec-6] INFO  c.a.l.c.a.AdminProductsController - GET /api/admin/products - filter: ProductModelFilter(id=null, modelname=null, modelType=null, availabilityStatus=null, isActive=null, from=null, to=null), page: Page request [number: 0, size 12, sort: createdAt: DESC]
2026-09-01 22:05:51.833 [http-nio-8080-exec-6] INFO  c.a.l.s.c.AdminProductModelService - Admin fetching ALL product models (including inactive/draft) with filter: ProductModelFilter(id=null, modelname=null, modelType=null, availabilityStatus=null, isActive=null, from=null, to=null)
2026-09-01 22:05:53.105 [http-nio-8080-exec-7] INFO  c.a.l.c.a.AdminProductsController - GET /api/admin/products/14
2026-09-01 22:05:53.146 [http-nio-8080-exec-10] INFO  c.a.l.c.a.AdminProductsController - GET /api/admin/products/14
2026-09-01 22:05:53.150 [http-nio-8080-exec-4] INFO  c.a.l.c.a.AdminProductPriceController - GET /api/admin/products/14/calculated-prices
2026-09-01 22:05:53.151 [http-nio-8080-exec-4] INFO  c.a.l.s.pricing.ProductPriceService - Admin fetching calculated prices for product: 14
2026-09-01 22:05:53.205 [http-nio-8080-exec-2] INFO  c.a.l.c.a.AdminProductPriceController - GET /api/admin/products/14/calculated-prices
2026-09-01 22:05:53.206 [http-nio-8080-exec-2] INFO  c.a.l.s.pricing.ProductPriceService - Admin fetching calculated prices for product: 14
2026-09-01 22:05:56.979 [http-nio-8080-exec-5] INFO  c.a.l.c.a.AdminProductsController - GET /api/admin/products - filter: ProductModelFilter(id=null, modelname=null, modelType=null, availabilityStatus=null, isActive=null, from=null, to=null), page: Page request [number: 0, size 12, sort: createdAt: DESC]
2026-09-01 22:05:56.981 [http-nio-8080-exec-5] INFO  c.a.l.s.c.AdminProductModelService - Admin fetching ALL product models (including inactive/draft) with filter: ProductModelFilter(id=null, modelname=null, modelType=null, availabilityStatus=null, isActive=null, from=null, to=null)
2026-09-01 22:06:01.609 [http-nio-8080-exec-9] INFO  c.a.l.c.catalog.ProductController - GET /api/products/8 - Product detail requested
2026-09-01 22:06:01.615 [http-nio-8080-exec-3] INFO  c.a.l.c.catalog.ProductController - GET /api/products/8/available-leathers
2026-09-01 22:06:01.621 [http-nio-8080-exec-3] INFO  c.a.l.s.c.ProductCatalogService - Fetching available leathers for product: 8
2026-09-01 22:06:01.628 [http-nio-8080-exec-9] INFO  c.a.l.c.ProductCatalogCacheRepository - Product detail cache hit: product:detail:8:USD
2026-09-01 22:06:01.628 [http-nio-8080-exec-9] INFO  c.a.l.s.c.ProductCatalogService - Cache hit: Returning product 8 for USD
2026-09-01 22:06:01.644 [http-nio-8080-exec-1] INFO  c.a.l.c.catalog.ProductController - GET /api/products/8 - Product detail requested
2026-09-01 22:06:01.649 [http-nio-8080-exec-1] INFO  c.a.l.c.ProductCatalogCacheRepository - Product detail cache hit: product:detail:8:USD
2026-09-01 22:06:01.649 [http-nio-8080-exec-1] INFO  c.a.l.s.c.ProductCatalogService - Cache hit: Returning product 8 for USD
2026-09-01 22:06:01.679 [http-nio-8080-exec-3] INFO  c.a.l.cache.LeatherCacheRepository - Cached 4 leathers for product: 8
2026-09-01 22:06:01.680 [http-nio-8080-exec-3] INFO  c.a.l.s.c.ProductCatalogService - Found and cached 4 leathers for product: 8
2026-09-01 22:06:01.698 [http-nio-8080-exec-8] INFO  c.a.l.c.catalog.ProductController - GET /api/products/8/available-leathers
2026-09-01 22:06:01.699 [http-nio-8080-exec-8] INFO  c.a.l.s.c.ProductCatalogService - Fetching available leathers for product: 8
2026-09-01 22:06:01.702 [http-nio-8080-exec-8] INFO  c.a.l.cache.LeatherCacheRepository - Cache hit for leathers: 8
2026-09-01 22:06:01.702 [http-nio-8080-exec-8] INFO  c.a.l.s.c.ProductCatalogService - Returning cached leathers for product: 8
2026-09-01 22:06:08.524 [http-nio-8080-exec-6] INFO  c.a.l.c.a.AdminProductsController - GET /api/admin/products/13
2026-09-01 22:06:08.574 [http-nio-8080-exec-4] INFO  c.a.l.c.a.AdminProductPriceController - GET /api/admin/products/13/calculated-prices
2026-09-01 22:06:08.575 [http-nio-8080-exec-7] INFO  c.a.l.c.a.AdminProductsController - GET /api/admin/products/13
2026-09-01 22:06:08.597 [http-nio-8080-exec-4] INFO  c.a.l.s.pricing.ProductPriceService - Admin fetching calculated prices for product: 13
2026-09-01 22:06:08.636 [http-nio-8080-exec-10] INFO  c.a.l.c.a.AdminProductPriceController - GET /api/admin/products/13/calculated-prices
2026-09-01 22:06:08.637 [http-nio-8080-exec-10] INFO  c.a.l.s.pricing.ProductPriceService - Admin fetching calculated prices for product: 13
2026-09-01 22:06:16.342 [http-nio-8080-exec-2] INFO  c.a.l.c.a.AdminProductsController - GET /api/admin/products - filter: ProductModelFilter(id=null, modelname=null, modelType=null, availabilityStatus=null, isActive=null, from=null, to=null), page: Page request [number: 0, size 12, sort: createdAt: DESC]
2026-09-01 22:06:16.350 [http-nio-8080-exec-2] INFO  c.a.l.s.c.AdminProductModelService - Admin fetching ALL product models (including inactive/draft) with filter: ProductModelFilter(id=null, modelname=null, modelType=null, availabilityStatus=null, isActive=null, from=null, to=null)
2026-09-01 22:06:20.915 [http-nio-8080-exec-5] INFO  c.a.l.c.a.AdminPricingRuleController - GET /api/admin/pricing/rules
2026-09-01 22:06:20.917 [http-nio-8080-exec-5] INFO  c.a.l.s.pricing.PricingRuleService - Fetching pricing rules, activeOnly: false
2026-09-01 22:06:20.943 [http-nio-8080-exec-9] INFO  c.a.l.c.a.AdminPricingRuleController - GET /api/admin/pricing/rules
2026-09-01 22:06:20.971 [http-nio-8080-exec-9] INFO  c.a.l.s.pricing.PricingRuleService - Fetching pricing rules, activeOnly: false
2026-09-01 22:06:21.235 [http-nio-8080-exec-1] INFO  c.a.l.c.catalog.ProductController - GET /api/products - page: 0, filter: ProductFilterRequest(modelType=null, search=, page=0, size=12)
2026-09-01 22:06:21.241 [http-nio-8080-exec-1] INFO  c.a.l.s.c.ProductCatalogService - Fetching product catalog - page: 0, currency: USD
2026-09-01 22:06:21.244 [http-nio-8080-exec-1] INFO  c.a.l.c.ProductCatalogCacheRepository - Initial page cache hit for USD
2026-09-01 22:06:22.314 [http-nio-8080-exec-8] INFO  c.a.l.c.catalog.ProductController - GET /api/products/13/available-leathers
2026-09-01 22:06:22.316 [http-nio-8080-exec-3] INFO  c.a.l.c.catalog.ProductController - GET /api/products/13 - Product detail requested
2026-09-01 22:06:22.319 [http-nio-8080-exec-8] INFO  c.a.l.s.c.ProductCatalogService - Fetching available leathers for product: 13
2026-09-01 22:06:22.331 [http-nio-8080-exec-3] INFO  c.a.l.c.ProductCatalogCacheRepository - Product detail cache hit: product:detail:13:USD
2026-09-01 22:06:22.331 [http-nio-8080-exec-3] INFO  c.a.l.s.c.ProductCatalogService - Cache hit: Returning product 13 for USD
2026-09-01 22:06:22.355 [http-nio-8080-exec-6] INFO  c.a.l.c.catalog.ProductController - GET /api/products/13 - Product detail requested
2026-09-01 22:06:22.360 [http-nio-8080-exec-6] INFO  c.a.l.c.ProductCatalogCacheRepository - Product detail cache hit: product:detail:13:USD
2026-09-01 22:06:22.361 [http-nio-8080-exec-6] INFO  c.a.l.s.c.ProductCatalogService - Cache hit: Returning product 13 for USD
2026-09-01 22:06:22.365 [http-nio-8080-exec-8] INFO  c.a.l.cache.LeatherCacheRepository - Cached 2 leathers for product: 13
2026-09-01 22:06:22.365 [http-nio-8080-exec-8] INFO  c.a.l.s.c.ProductCatalogService - Found and cached 2 leathers for product: 13
2026-09-01 22:06:22.380 [http-nio-8080-exec-4] INFO  c.a.l.c.catalog.ProductController - GET /api/products/13/available-leathers
2026-09-01 22:06:22.380 [http-nio-8080-exec-4] INFO  c.a.l.s.c.ProductCatalogService - Fetching available leathers for product: 13
2026-09-01 22:06:22.383 [http-nio-8080-exec-4] INFO  c.a.l.cache.LeatherCacheRepository - Cache hit for leathers: 13
2026-09-01 22:06:22.384 [http-nio-8080-exec-4] INFO  c.a.l.s.c.ProductCatalogService - Returning cached leathers for product: 13
2026-09-01 22:06:26.047 [http-nio-8080-exec-7] INFO  c.a.l.c.order.CartController - POST /api/cart/preview - 3 items, currency: USD
2026-09-01 22:06:26.098 [http-nio-8080-exec-7] INFO  c.a.l.s.Order.CartPreviewService - Cart preview requested with 3 items, currency: USD
2026-09-01 22:06:26.468 [http-nio-8080-exec-7] INFO  c.a.l.cache.PriceCacheRepository - Price cached: price:product:8:grade:1:AZN
2026-09-01 22:06:26.511 [http-nio-8080-exec-7] INFO  c.a.l.cache.PriceCacheRepository - Price cached: price:product:13:grade:1:AZN
2026-09-01 22:06:26.567 [http-nio-8080-exec-7] INFO  c.a.l.cache.PriceCacheRepository - Price cached: price:product:13:grade:1:AZN
2026-09-01 22:06:28.665 [http-nio-8080-exec-10] INFO  c.a.l.c.order.CartController - POST /api/cart/preview - 2 items, currency: USD
2026-09-01 22:06:28.673 [http-nio-8080-exec-10] INFO  c.a.l.s.Order.CartPreviewService - Cart preview requested with 2 items, currency: USD
2026-09-01 22:06:28.735 [http-nio-8080-exec-10] INFO  c.a.l.cache.PriceCacheRepository - Price cached: price:product:8:grade:1:AZN
2026-09-01 22:06:28.754 [http-nio-8080-exec-10] INFO  c.a.l.cache.PriceCacheRepository - Price cached: price:product:13:grade:1:AZN
2026-09-01 22:06:29.351 [http-nio-8080-exec-2] INFO  c.a.l.c.order.CartController - POST /api/cart/preview - 1 items, currency: USD
2026-09-01 22:06:29.383 [http-nio-8080-exec-2] INFO  c.a.l.s.Order.CartPreviewService - Cart preview requested with 1 items, currency: USD
2026-09-01 22:06:29.516 [http-nio-8080-exec-2] INFO  c.a.l.cache.PriceCacheRepository - Price cached: price:product:13:grade:1:AZN
2026-09-01 22:06:30.823 [http-nio-8080-exec-5] INFO  c.a.l.c.order.CartController - POST /api/cart/preview - 1 items, currency: AZN
2026-09-01 22:06:30.867 [http-nio-8080-exec-9] INFO  c.a.l.c.order.CartController - POST /api/cart/preview - 1 items, currency: AZN
2026-09-01 22:06:30.899 [http-nio-8080-exec-5] INFO  c.a.l.s.Order.CartPreviewService - Cart preview requested with 1 items, currency: AZN
2026-09-01 22:06:30.917 [http-nio-8080-exec-9] INFO  c.a.l.s.Order.CartPreviewService - Cart preview requested with 1 items, currency: AZN
2026-09-01 22:06:31.179 [http-nio-8080-exec-5] INFO  c.a.l.cache.PriceCacheRepository - Price cache hit: price:product:13:grade:1:AZN
2026-09-01 22:06:31.184 [http-nio-8080-exec-5] WARN  c.a.l.s.Order.CartPreviewService - Price mismatch for product 13: seen=39, current=150.00
2026-09-01 22:06:31.208 [http-nio-8080-exec-9] INFO  c.a.l.cache.PriceCacheRepository - Price cache hit: price:product:13:grade:1:AZN
2026-09-01 22:06:31.208 [http-nio-8080-exec-9] WARN  c.a.l.s.Order.CartPreviewService - Price mismatch for product 13: seen=39, current=150.00
2026-09-01 22:06:39.295 [http-nio-8080-exec-8] INFO  c.a.l.c.catalog.ProductController - GET /api/products/13/available-leathers
2026-09-01 22:06:39.295 [http-nio-8080-exec-6] INFO  c.a.l.c.catalog.ProductController - GET /api/products/13 - Product detail requested
2026-09-01 22:06:39.338 [http-nio-8080-exec-8] INFO  c.a.l.s.c.ProductCatalogService - Fetching available leathers for product: 13
2026-09-01 22:06:39.351 [http-nio-8080-exec-8] INFO  c.a.l.cache.LeatherCacheRepository - Cache hit for leathers: 13
2026-09-01 22:06:39.351 [http-nio-8080-exec-6] INFO  c.a.l.c.ProductCatalogCacheRepository - Product detail cache hit: product:detail:13:USD
2026-09-01 22:06:39.351 [http-nio-8080-exec-6] INFO  c.a.l.s.c.ProductCatalogService - Cache hit: Returning product 13 for USD
2026-09-01 22:06:39.359 [http-nio-8080-exec-8] INFO  c.a.l.s.c.ProductCatalogService - Returning cached leathers for product: 13
2026-09-01 22:06:39.373 [http-nio-8080-exec-4] INFO  c.a.l.c.catalog.ProductController - GET /api/products/13/available-leathers
2026-09-01 22:06:39.373 [http-nio-8080-exec-4] INFO  c.a.l.s.c.ProductCatalogService - Fetching available leathers for product: 13
2026-09-01 22:06:39.382 [http-nio-8080-exec-7] INFO  c.a.l.c.catalog.ProductController - GET /api/products/13 - Product detail requested
2026-09-01 22:06:39.424 [http-nio-8080-exec-4] INFO  c.a.l.cache.LeatherCacheRepository - Cache hit for leathers: 13
2026-09-01 22:06:39.425 [http-nio-8080-exec-4] INFO  c.a.l.s.c.ProductCatalogService - Returning cached leathers for product: 13
2026-09-01 22:06:39.425 [http-nio-8080-exec-7] INFO  c.a.l.c.ProductCatalogCacheRepository - Product detail cache hit: product:detail:13:USD
2026-09-01 22:06:39.425 [http-nio-8080-exec-7] INFO  c.a.l.s.c.ProductCatalogService - Cache hit: Returning product 13 for USD
2026-09-01 22:06:51.386 [http-nio-8080-exec-10] INFO  c.a.l.c.order.CartController - POST /api/cart/preview - 1 items, currency: USD
2026-09-01 22:06:51.392 [http-nio-8080-exec-10] INFO  c.a.l.s.Order.CartPreviewService - Cart preview requested with 1 items, currency: USD
2026-09-01 22:06:51.430 [http-nio-8080-exec-10] INFO  c.a.l.cache.PriceCacheRepository - Price cached: price:product:13:grade:1:AZN
2026-09-01 22:06:55.143 [http-nio-8080-exec-2] INFO  c.a.l.c.order.CartController - POST /api/cart/preview - 1 items, currency: USD
2026-09-01 22:06:55.160 [http-nio-8080-exec-2] INFO  c.a.l.s.Order.CartPreviewService - Cart preview requested with 1 items, currency: USD
2026-09-01 22:06:55.215 [http-nio-8080-exec-2] INFO  c.a.l.cache.PriceCacheRepository - Price cached: price:product:13:grade:1:AZN
2026-09-01 22:06:56.133 [http-nio-8080-exec-1] INFO  c.a.l.c.order.CartController - POST /api/cart/preview - 1 items, currency: AZN
2026-09-01 22:06:56.134 [http-nio-8080-exec-3] INFO  c.a.l.c.order.CartController - POST /api/cart/preview - 1 items, currency: AZN
2026-09-01 22:06:57.232 [http-nio-8080-exec-3] INFO  c.a.l.s.Order.CartPreviewService - Cart preview requested with 1 items, currency: AZN
2026-09-01 22:06:57.243 [http-nio-8080-exec-1] INFO  c.a.l.s.Order.CartPreviewService - Cart preview requested with 1 items, currency: AZN
2026-09-01 22:06:57.499 [http-nio-8080-exec-3] INFO  c.a.l.cache.PriceCacheRepository - Price cache hit: price:product:13:grade:1:AZN
2026-09-01 22:06:57.499 [http-nio-8080-exec-3] WARN  c.a.l.s.Order.CartPreviewService - Price mismatch for product 13: seen=39, current=150.00
2026-09-01 22:06:57.524 [http-nio-8080-exec-1] INFO  c.a.l.cache.PriceCacheRepository - Price cache hit: price:product:13:grade:1:AZN
2026-09-01 22:06:57.524 [http-nio-8080-exec-1] WARN  c.a.l.s.Order.CartPreviewService - Price mismatch for product 13: seen=39, current=150.00
2026-09-01 22:07:03.155 [http-nio-8080-exec-8] INFO  c.a.l.c.order.CartController - POST /api/cart/preview - 1 items, currency: USD
2026-09-01 22:07:03.160 [http-nio-8080-exec-8] INFO  c.a.l.s.Order.CartPreviewService - Cart preview requested with 1 items, currency: USD
2026-09-01 22:07:03.231 [http-nio-8080-exec-8] INFO  c.a.l.cache.PriceCacheRepository - Price cached: price:product:13:grade:1:AZN
2026-09-01 22:07:15.365 [http-nio-8080-exec-7] INFO  c.a.l.c.order.CartController - POST /api/cart/preview - 1 items, currency: AZN
2026-09-01 22:07:15.366 [http-nio-8080-exec-7] INFO  c.a.l.s.Order.CartPreviewService - Cart preview requested with 1 items, currency: AZN
2026-09-01 22:07:15.385 [http-nio-8080-exec-4] INFO  c.a.l.c.order.CartController - POST /api/cart/preview - 1 items, currency: AZN
2026-09-01 22:07:15.417 [http-nio-8080-exec-4] INFO  c.a.l.s.Order.CartPreviewService - Cart preview requested with 1 items, currency: AZN
2026-09-01 22:07:15.444 [http-nio-8080-exec-7] INFO  c.a.l.cache.PriceCacheRepository - Price cache hit: price:product:13:grade:1:AZN
2026-09-01 22:07:15.444 [http-nio-8080-exec-7] WARN  c.a.l.s.Order.CartPreviewService - Price mismatch for product 13: seen=39, current=150.00
2026-09-01 22:07:15.494 [http-nio-8080-exec-4] INFO  c.a.l.cache.PriceCacheRepository - Price cache hit: price:product:13:grade:1:AZN
2026-09-01 22:07:15.495 [http-nio-8080-exec-4] WARN  c.a.l.s.Order.CartPreviewService - Price mismatch for product 13: seen=39, current=150.00
2026-09-01 22:07:22.895 [http-nio-8080-exec-5] INFO  c.a.l.c.order.CartController - POST /api/cart/preview - 1 items, currency: USD
2026-09-01 22:07:22.901 [http-nio-8080-exec-5] INFO  c.a.l.s.Order.CartPreviewService - Cart preview requested with 1 items, currency: USD
2026-09-01 22:07:22.955 [http-nio-8080-exec-5] INFO  c.a.l.cache.PriceCacheRepository - Price cached: price:product:13:grade:1:AZN
2026-09-01 22:08:05.324 [http-nio-8080-exec-9] INFO  c.a.l.c.order.OrderController - POST /api/orders - User: 13, Items: 1
2026-09-01 22:08:05.327 [http-nio-8080-exec-9] INFO  c.a.l.service.Order.OrderService - Creating order for user: 13, items: 1, currency: USD
2026-09-01 22:08:05.400 [http-nio-8080-exec-9] INFO  c.a.l.cache.PriceCacheRepository - Price cached: price:product:13:grade:1:AZN
2026-09-01 22:08:05.414 [http-nio-8080-exec-9] INFO  c.a.l.service.Order.OrderService - Cleaning up idempotency lock for user: 13
2026-09-01 22:08:05.418 [http-nio-8080-exec-9] ERROR c.a.l.service.Order.OrderService - SYSTEM ERROR | User: 13 | Trace: 
com.aiatelye.leather.error.Exception.NotFoundException: Shipping rate not found for INTERNATIONAL_OTHER in USD
	at com.aiatelye.leather.service.Order.ShipingService.lambda$calculate$2(ShipingService.java:37)
	at java.base/java.util.Optional.orElseThrow(Optional.java:403)
	at com.aiatelye.leather.service.Order.ShipingService.calculate(ShipingService.java:37)
	at com.aiatelye.leather.service.Order.OrderService.createOrder(OrderService.java:124)
	at java.base/jdk.internal.reflect.DirectMethodHandleAccessor.invoke(DirectMethodHandleAccessor.java:103)
	at java.base/java.lang.reflect.Method.invoke(Method.java:580)
	at org.springframework.aop.support.AopUtils.invokeJoinpointUsingReflection(AopUtils.java:360)
	at org.springframework.aop.framework.ReflectiveMethodInvocation.invokeJoinpoint(ReflectiveMethodInvocation.java:196)
	at org.springframework.aop.framework.ReflectiveMethodInvocation.proceed(ReflectiveMethodInvocation.java:163)
	at org.springframework.transaction.interceptor.TransactionAspectSupport.invokeWithinTransaction(TransactionAspectSupport.java:380)
	at org.springframework.transaction.interceptor.TransactionInterceptor.invoke(TransactionInterceptor.java:119)
	at org.springframework.aop.framework.ReflectiveMethodInvocation.proceed(ReflectiveMethodInvocation.java:184)
	at org.springframework.aop.framework.CglibAopProxy$DynamicAdvisedInterceptor.intercept(CglibAopProxy.java:728)
	at com.aiatelye.leather.service.Order.OrderService$$SpringCGLIB$$0.createOrder(<generated>)
	at com.aiatelye.leather.controller.order.OrderController.createOrder(OrderController.java:34)
	at java.base/jdk.internal.reflect.DirectMethodHandleAccessor.invoke(DirectMethodHandleAccessor.java:103)
	at java.base/java.lang.reflect.Method.invoke(Method.java:580)
	at org.springframework.web.method.support.InvocableHandlerMethod.doInvoke(InvocableHandlerMethod.java:258)
	at org.springframework.web.method.support.InvocableHandlerMethod.invokeForRequest(InvocableHandlerMethod.java:191)
	at org.springframework.web.servlet.mvc.method.annotation.ServletInvocableHandlerMethod.invokeAndHandle(ServletInvocableHandlerMethod.java:118)
	at org.springframework.web.servlet.mvc.method.annotation.RequestMappingHandlerAdapter.invokeHandlerMethod(RequestMappingHandlerAdapter.java:991)
	at org.springframework.web.servlet.mvc.method.annotation.RequestMappingHandlerAdapter.handleInternal(RequestMappingHandlerAdapter.java:896)
	at org.springframework.web.servlet.mvc.method.AbstractHandlerMethodAdapter.handle(AbstractHandlerMethodAdapter.java:87)
	at org.springframework.web.servlet.DispatcherServlet.doDispatch(DispatcherServlet.java:1089)
	at org.springframework.web.servlet.DispatcherServlet.doService(DispatcherServlet.java:979)
	at org.springframework.web.servlet.FrameworkServlet.processRequest(FrameworkServlet.java:1014)
	at org.springframework.web.servlet.FrameworkServlet.doPost(FrameworkServlet.java:914)
	at jakarta.servlet.http.HttpServlet.service(HttpServlet.java:590)
	at org.springframework.web.servlet.FrameworkServlet.service(FrameworkServlet.java:885)
	at jakarta.servlet.http.HttpServlet.service(HttpServlet.java:658)
	at org.apache.catalina.core.ApplicationFilterChain.internalDoFilter(ApplicationFilterChain.java:193)
	at org.apache.catalina.core.ApplicationFilterChain.doFilter(ApplicationFilterChain.java:138)
	at org.apache.tomcat.websocket.server.WsFilter.doFilter(WsFilter.java:51)
	at org.apache.catalina.core.ApplicationFilterChain.internalDoFilter(ApplicationFilterChain.java:162)
	at org.apache.catalina.core.ApplicationFilterChain.doFilter(ApplicationFilterChain.java:138)
	at org.springframework.web.filter.CompositeFilter$VirtualFilterChain.doFilter(CompositeFilter.java:108)
	at org.springframework.web.filter.CompositeFilter$VirtualFilterChain.doFilter(CompositeFilter.java:108)
	at org.springframework.security.web.FilterChainProxy.lambda$doFilterInternal$3(FilterChainProxy.java:231)
	at org.springframework.security.web.FilterChainProxy$VirtualFilterChain.doFilter(FilterChainProxy.java:365)
	at org.springframework.security.web.access.intercept.AuthorizationFilter.doFilter(AuthorizationFilter.java:101)
	at org.springframework.security.web.FilterChainProxy$VirtualFilterChain.doFilter(FilterChainProxy.java:374)
	at org.springframework.security.web.access.ExceptionTranslationFilter.doFilter(ExceptionTranslationFilter.java:125)
	at org.springframework.security.web.access.ExceptionTranslationFilter.doFilter(ExceptionTranslationFilter.java:119)
	at org.springframework.security.web.FilterChainProxy$VirtualFilterChain.doFilter(FilterChainProxy.java:374)
	at org.springframework.security.web.session.SessionManagementFilter.doFilter(SessionManagementFilter.java:131)
	at org.springframework.security.web.session.SessionManagementFilter.doFilter(SessionManagementFilter.java:85)
	at org.springframework.security.web.FilterChainProxy$VirtualFilterChain.doFilter(FilterChainProxy.java:374)
	at org.springframework.security.web.authentication.AnonymousAuthenticationFilter.doFilter(AnonymousAuthenticationFilter.java:100)
	at org.springframework.security.web.FilterChainProxy$VirtualFilterChain.doFilter(FilterChainProxy.java:374)
	at org.springframework.security.web.servletapi.SecurityContextHolderAwareRequestFilter.doFilter(SecurityContextHolderAwareRequestFilter.java:179)
	at org.springframework.security.web.FilterChainProxy$VirtualFilterChain.doFilter(FilterChainProxy.java:374)
	at org.springframework.security.web.savedrequest.RequestCacheAwareFilter.doFilter(RequestCacheAwareFilter.java:63)
	at org.springframework.security.web.FilterChainProxy$VirtualFilterChain.doFilter(FilterChainProxy.java:374)
	at org.springframework.security.web.authentication.AbstractAuthenticationProcessingFilter.doFilter(AbstractAuthenticationProcessingFilter.java:235)
	at org.springframework.security.web.authentication.AbstractAuthenticationProcessingFilter.doFilter(AbstractAuthenticationProcessingFilter.java:229)
	at org.springframework.security.web.FilterChainProxy$VirtualFilterChain.doFilter(FilterChainProxy.java:374)
	at com.aiatelye.leather.Securty.Filter.JwtTokenVeriflerFilter.doFilterInternal(JwtTokenVeriflerFilter.java:94)
	at org.springframework.web.filter.OncePerRequestFilter.doFilter(OncePerRequestFilter.java:116)
	at org.springframework.security.web.FilterChainProxy$VirtualFilterChain.doFilter(FilterChainProxy.java:374)
	at org.springframework.security.web.authentication.logout.LogoutFilter.doFilter(LogoutFilter.java:107)
	at org.springframework.security.web.authentication.logout.LogoutFilter.doFilter(LogoutFilter.java:93)
	at org.springframework.security.web.FilterChainProxy$VirtualFilterChain.doFilter(FilterChainProxy.java:374)
	at org.springframework.web.filter.CorsFilter.doFilterInternal(CorsFilter.java:91)
	at org.springframework.web.filter.OncePerRequestFilter.doFilter(OncePerRequestFilter.java:116)
	at org.springframework.security.web.FilterChainProxy$VirtualFilterChain.doFilter(FilterChainProxy.java:374)
	at org.springframework.security.web.header.HeaderWriterFilter.doHeadersAfter(HeaderWriterFilter.java:90)
	at org.springframework.security.web.header.HeaderWriterFilter.doFilterInternal(HeaderWriterFilter.java:75)
	at org.springframework.web.filter.OncePerRequestFilter.doFilter(OncePerRequestFilter.java:116)
	at org.springframework.security.web.FilterChainProxy$VirtualFilterChain.doFilter(FilterChainProxy.java:374)
	at org.springframework.security.web.context.SecurityContextHolderFilter.doFilter(SecurityContextHolderFilter.java:82)
	at org.springframework.security.web.context.SecurityContextHolderFilter.doFilter(SecurityContextHolderFilter.java:69)
	at org.springframework.security.web.FilterChainProxy$VirtualFilterChain.doFilter(FilterChainProxy.java:374)
	at org.springframework.security.web.context.request.async.WebAsyncManagerIntegrationFilter.doFilterInternal(WebAsyncManagerIntegrationFilter.java:62)
	at org.springframework.web.filter.OncePerRequestFilter.doFilter(OncePerRequestFilter.java:116)
	at org.springframework.security.web.FilterChainProxy$VirtualFilterChain.doFilter(FilterChainProxy.java:374)
	at org.springframework.security.web.session.DisableEncodeUrlFilter.doFilterInternal(DisableEncodeUrlFilter.java:42)
	at org.springframework.web.filter.OncePerRequestFilter.doFilter(OncePerRequestFilter.java:116)
	at org.springframework.security.web.FilterChainProxy$VirtualFilterChain.doFilter(FilterChainProxy.java:374)
	at org.springframework.security.web.FilterChainProxy.doFilterInternal(FilterChainProxy.java:233)
	at org.springframework.security.web.FilterChainProxy.doFilter(FilterChainProxy.java:191)
	at org.springframework.web.filter.CompositeFilter$VirtualFilterChain.doFilter(CompositeFilter.java:113)
	at org.springframework.web.filter.ServletRequestPathFilter.doFilter(ServletRequestPathFilter.java:52)
	at org.springframework.web.filter.CompositeFilter$VirtualFilterChain.doFilter(CompositeFilter.java:113)
	at org.springframework.web.filter.CompositeFilter.doFilter(CompositeFilter.java:74)
	at org.springframework.security.config.annotation.web.configuration.WebSecurityConfiguration$CompositeFilterChainProxy.doFilter(WebSecurityConfiguration.java:319)
	at org.springframework.web.filter.CompositeFilter$VirtualFilterChain.doFilter(CompositeFilter.java:113)
	at org.springframework.web.servlet.handler.HandlerMappingIntrospector.lambda$createCacheFilter$4(HandlerMappingIntrospector.java:267)
	at org.springframework.web.filter.CompositeFilter$VirtualFilterChain.doFilter(CompositeFilter.java:113)
	at org.springframework.web.filter.CompositeFilter.doFilter(CompositeFilter.java:74)
	at org.springframework.security.config.annotation.web.configuration.WebMvcSecurityConfiguration$CompositeFilterChainProxy.doFilter(WebMvcSecurityConfiguration.java:240)
	at org.springframework.web.filter.DelegatingFilterProxy.invokeDelegate(DelegatingFilterProxy.java:362)
	at org.springframework.web.filter.DelegatingFilterProxy.doFilter(DelegatingFilterProxy.java:278)
	at org.apache.catalina.core.ApplicationFilterChain.internalDoFilter(ApplicationFilterChain.java:162)
	at org.apache.catalina.core.ApplicationFilterChain.doFilter(ApplicationFilterChain.java:138)
	at org.springframework.web.filter.RequestContextFilter.doFilterInternal(RequestContextFilter.java:100)
	at org.springframework.web.filter.OncePerRequestFilter.doFilter(OncePerRequestFilter.java:116)
	at org.apache.catalina.core.ApplicationFilterChain.internalDoFilter(ApplicationFilterChain.java:162)
	at org.apache.catalina.core.ApplicationFilterChain.doFilter(ApplicationFilterChain.java:138)
	at org.springframework.web.filter.FormContentFilter.doFilterInternal(FormContentFilter.java:93)
	at org.springframework.web.filter.OncePerRequestFilter.doFilter(OncePerRequestFilter.java:116)
	at org.apache.catalina.core.ApplicationFilterChain.internalDoFilter(ApplicationFilterChain.java:162)
	at org.apache.catalina.core.ApplicationFilterChain.doFilter(ApplicationFilterChain.java:138)
	at org.springframework.web.filter.CharacterEncodingFilter.doFilterInternal(CharacterEncodingFilter.java:201)
	at org.springframework.web.filter.OncePerRequestFilter.doFilter(OncePerRequestFilter.java:116)
	at org.apache.catalina.core.ApplicationFilterChain.internalDoFilter(ApplicationFilterChain.java:162)
	at org.apache.catalina.core.ApplicationFilterChain.doFilter(ApplicationFilterChain.java:138)
	at org.apache.catalina.core.StandardWrapperValve.invoke(StandardWrapperValve.java:165)
	at org.apache.catalina.core.StandardContextValve.invoke(StandardContextValve.java:88)
	at org.apache.catalina.authenticator.AuthenticatorBase.invoke(AuthenticatorBase.java:482)
	at org.apache.catalina.core.StandardHostValve.invoke(StandardHostValve.java:113)
	at org.apache.catalina.valves.ErrorReportValve.invoke(ErrorReportValve.java:83)
	at org.apache.catalina.core.StandardEngineValve.invoke(StandardEngineValve.java:72)
	at org.apache.catalina.connector.CoyoteAdapter.service(CoyoteAdapter.java:342)
	at org.apache.coyote.http11.Http11Processor.service(Http11Processor.java:399)
	at org.apache.coyote.AbstractProcessorLight.process(AbstractProcessorLight.java:63)
	at org.apache.coyote.AbstractProtocol$ConnectionHandler.process(AbstractProtocol.java:903)
	at org.apache.tomcat.util.net.NioEndpoint$SocketProcessor.doRun(NioEndpoint.java:1774)
	at org.apache.tomcat.util.net.SocketProcessorBase.run(SocketProcessorBase.java:52)
	at org.apache.tomcat.util.threads.ThreadPoolExecutor.runWorker(ThreadPoolExecutor.java:973)
	at org.apache.tomcat.util.threads.ThreadPoolExecutor$Worker.run(ThreadPoolExecutor.java:491)
	at org.apache.tomcat.util.threads.TaskThread$WrappingRunnable.run(TaskThread.java:63)
	at java.base/java.lang.Thread.run(Thread.java:1583)
2026-09-01 22:08:05.433 [http-nio-8080-exec-9] ERROR c.a.leather.error.model.ErrorHandle - Sistemdə gözlənilməz xəta baş verdi: 
java.lang.RuntimeException: error.technical.internal
	at com.aiatelye.leather.service.Order.OrderService.createOrder(OrderService.java:174)
	at java.base/jdk.internal.reflect.DirectMethodHandleAccessor.invoke(DirectMethodHandleAccessor.java:103)
	at java.base/java.lang.reflect.Method.invoke(Method.java:580)
	at org.springframework.aop.support.AopUtils.invokeJoinpointUsingReflection(AopUtils.java:360)
	at org.springframework.aop.framework.ReflectiveMethodInvocation.invokeJoinpoint(ReflectiveMethodInvocation.java:196)
	at org.springframework.aop.framework.ReflectiveMethodInvocation.proceed(ReflectiveMethodInvocation.java:163)
	at org.springframework.transaction.interceptor.TransactionAspectSupport.invokeWithinTransaction(TransactionAspectSupport.java:380)
	at org.springframework.transaction.interceptor.TransactionInterceptor.invoke(TransactionInterceptor.java:119)
	at org.springframework.aop.framework.ReflectiveMethodInvocation.proceed(ReflectiveMethodInvocation.java:184)
	at org.springframework.aop.framework.CglibAopProxy$DynamicAdvisedInterceptor.intercept(CglibAopProxy.java:728)
	at com.aiatelye.leather.service.Order.OrderService$$SpringCGLIB$$0.createOrder(<generated>)
	at com.aiatelye.leather.controller.order.OrderController.createOrder(OrderController.java:34)
	at java.base/jdk.internal.reflect.DirectMethodHandleAccessor.invoke(DirectMethodHandleAccessor.java:103)
	at java.base/java.lang.reflect.Method.invoke(Method.java:580)
	at org.springframework.web.method.support.InvocableHandlerMethod.doInvoke(InvocableHandlerMethod.java:258)
	at org.springframework.web.method.support.InvocableHandlerMethod.invokeForRequest(InvocableHandlerMethod.java:191)
	at org.springframework.web.servlet.mvc.method.annotation.ServletInvocableHandlerMethod.invokeAndHandle(ServletInvocableHandlerMethod.java:118)
	at org.springframework.web.servlet.mvc.method.annotation.RequestMappingHandlerAdapter.invokeHandlerMethod(RequestMappingHandlerAdapter.java:991)
	at org.springframework.web.servlet.mvc.method.annotation.RequestMappingHandlerAdapter.handleInternal(RequestMappingHandlerAdapter.java:896)
	at org.springframework.web.servlet.mvc.method.AbstractHandlerMethodAdapter.handle(AbstractHandlerMethodAdapter.java:87)
	at org.springframework.web.servlet.DispatcherServlet.doDispatch(DispatcherServlet.java:1089)
	at org.springframework.web.servlet.DispatcherServlet.doService(DispatcherServlet.java:979)
	at org.springframework.web.servlet.FrameworkServlet.processRequest(FrameworkServlet.java:1014)
	at org.springframework.web.servlet.FrameworkServlet.doPost(FrameworkServlet.java:914)
	at jakarta.servlet.http.HttpServlet.service(HttpServlet.java:590)
	at org.springframework.web.servlet.FrameworkServlet.service(FrameworkServlet.java:885)
	at jakarta.servlet.http.HttpServlet.service(HttpServlet.java:658)
	at org.apache.catalina.core.ApplicationFilterChain.internalDoFilter(ApplicationFilterChain.java:193)
	at org.apache.catalina.core.ApplicationFilterChain.doFilter(ApplicationFilterChain.java:138)
	at org.apache.tomcat.websocket.server.WsFilter.doFilter(WsFilter.java:51)
	at org.apache.catalina.core.ApplicationFilterChain.internalDoFilter(ApplicationFilterChain.java:162)
	at org.apache.catalina.core.ApplicationFilterChain.doFilter(ApplicationFilterChain.java:138)
	at org.springframework.web.filter.CompositeFilter$VirtualFilterChain.doFilter(CompositeFilter.java:108)
	at org.springframework.web.filter.CompositeFilter$VirtualFilterChain.doFilter(CompositeFilter.java:108)
	at org.springframework.security.web.FilterChainProxy.lambda$doFilterInternal$3(FilterChainProxy.java:231)
	at org.springframework.security.web.FilterChainProxy$VirtualFilterChain.doFilter(FilterChainProxy.java:365)
	at org.springframework.security.web.access.intercept.AuthorizationFilter.doFilter(AuthorizationFilter.java:101)
	at org.springframework.security.web.FilterChainProxy$VirtualFilterChain.doFilter(FilterChainProxy.java:374)
	at org.springframework.security.web.access.ExceptionTranslationFilter.doFilter(ExceptionTranslationFilter.java:125)
	at org.springframework.security.web.access.ExceptionTranslationFilter.doFilter(ExceptionTranslationFilter.java:119)
	at org.springframework.security.web.FilterChainProxy$VirtualFilterChain.doFilter(FilterChainProxy.java:374)
	at org.springframework.security.web.session.SessionManagementFilter.doFilter(SessionManagementFilter.java:131)
	at org.springframework.security.web.session.SessionManagementFilter.doFilter(SessionManagementFilter.java:85)
	at org.springframework.security.web.FilterChainProxy$VirtualFilterChain.doFilter(FilterChainProxy.java:374)
	at org.springframework.security.web.authentication.AnonymousAuthenticationFilter.doFilter(AnonymousAuthenticationFilter.java:100)
	at org.springframework.security.web.FilterChainProxy$VirtualFilterChain.doFilter(FilterChainProxy.java:374)
	at org.springframework.security.web.servletapi.SecurityContextHolderAwareRequestFilter.doFilter(SecurityContextHolderAwareRequestFilter.java:179)
	at org.springframework.security.web.FilterChainProxy$VirtualFilterChain.doFilter(FilterChainProxy.java:374)
	at org.springframework.security.web.savedrequest.RequestCacheAwareFilter.doFilter(RequestCacheAwareFilter.java:63)
	at org.springframework.security.web.FilterChainProxy$VirtualFilterChain.doFilter(FilterChainProxy.java:374)
	at org.springframework.security.web.authentication.AbstractAuthenticationProcessingFilter.doFilter(AbstractAuthenticationProcessingFilter.java:235)
	at org.springframework.security.web.authentication.AbstractAuthenticationProcessingFilter.doFilter(AbstractAuthenticationProcessingFilter.java:229)
	at org.springframework.security.web.FilterChainProxy$VirtualFilterChain.doFilter(FilterChainProxy.java:374)
	at com.aiatelye.leather.Securty.Filter.JwtTokenVeriflerFilter.doFilterInternal(JwtTokenVeriflerFilter.java:94)
	at org.springframework.web.filter.OncePerRequestFilter.doFilter(OncePerRequestFilter.java:116)
	at org.springframework.security.web.FilterChainProxy$VirtualFilterChain.doFilter(FilterChainProxy.java:374)
	at org.springframework.security.web.authentication.logout.LogoutFilter.doFilter(LogoutFilter.java:107)
	at org.springframework.security.web.authentication.logout.LogoutFilter.doFilter(LogoutFilter.java:93)
	at org.springframework.security.web.FilterChainProxy$VirtualFilterChain.doFilter(FilterChainProxy.java:374)
	at org.springframework.web.filter.CorsFilter.doFilterInternal(CorsFilter.java:91)
	at org.springframework.web.filter.OncePerRequestFilter.doFilter(OncePerRequestFilter.java:116)
	at org.springframework.security.web.FilterChainProxy$VirtualFilterChain.doFilter(FilterChainProxy.java:374)
	at org.springframework.security.web.header.HeaderWriterFilter.doHeadersAfter(HeaderWriterFilter.java:90)
	at org.springframework.security.web.header.HeaderWriterFilter.doFilterInternal(HeaderWriterFilter.java:75)
	at org.springframework.web.filter.OncePerRequestFilter.doFilter(OncePerRequestFilter.java:116)
	at org.springframework.security.web.FilterChainProxy$VirtualFilterChain.doFilter(FilterChainProxy.java:374)
	at org.springframework.security.web.context.SecurityContextHolderFilter.doFilter(SecurityContextHolderFilter.java:82)
	at org.springframework.security.web.context.SecurityContextHolderFilter.doFilter(SecurityContextHolderFilter.java:69)
	at org.springframework.security.web.FilterChainProxy$VirtualFilterChain.doFilter(FilterChainProxy.java:374)
	at org.springframework.security.web.context.request.async.WebAsyncManagerIntegrationFilter.doFilterInternal(WebAsyncManagerIntegrationFilter.java:62)
	at org.springframework.web.filter.OncePerRequestFilter.doFilter(OncePerRequestFilter.java:116)
	at org.springframework.security.web.FilterChainProxy$VirtualFilterChain.doFilter(FilterChainProxy.java:374)
	at org.springframework.security.web.session.DisableEncodeUrlFilter.doFilterInternal(DisableEncodeUrlFilter.java:42)
	at org.springframework.web.filter.OncePerRequestFilter.doFilter(OncePerRequestFilter.java:116)
	at org.springframework.security.web.FilterChainProxy$VirtualFilterChain.doFilter(FilterChainProxy.java:374)
	at org.springframework.security.web.FilterChainProxy.doFilterInternal(FilterChainProxy.java:233)
	at org.springframework.security.web.FilterChainProxy.doFilter(FilterChainProxy.java:191)
	at org.springframework.web.filter.CompositeFilter$VirtualFilterChain.doFilter(CompositeFilter.java:113)
	at org.springframework.web.filter.ServletRequestPathFilter.doFilter(ServletRequestPathFilter.java:52)
	at org.springframework.web.filter.CompositeFilter$VirtualFilterChain.doFilter(CompositeFilter.java:113)
	at org.springframework.web.filter.CompositeFilter.doFilter(CompositeFilter.java:74)
	at org.springframework.security.config.annotation.web.configuration.WebSecurityConfiguration$CompositeFilterChainProxy.doFilter(WebSecurityConfiguration.java:319)
	at org.springframework.web.filter.CompositeFilter$VirtualFilterChain.doFilter(CompositeFilter.java:113)
	at org.springframework.web.servlet.handler.HandlerMappingIntrospector.lambda$createCacheFilter$4(HandlerMappingIntrospector.java:267)
	at org.springframework.web.filter.CompositeFilter$VirtualFilterChain.doFilter(CompositeFilter.java:113)
	at org.springframework.web.filter.CompositeFilter.doFilter(CompositeFilter.java:74)
	at org.springframework.security.config.annotation.web.configuration.WebMvcSecurityConfiguration$CompositeFilterChainProxy.doFilter(WebMvcSecurityConfiguration.java:240)
	at org.springframework.web.filter.DelegatingFilterProxy.invokeDelegate(DelegatingFilterProxy.java:362)
	at org.springframework.web.filter.DelegatingFilterProxy.doFilter(DelegatingFilterProxy.java:278)
	at org.apache.catalina.core.ApplicationFilterChain.internalDoFilter(ApplicationFilterChain.java:162)
	at org.apache.catalina.core.ApplicationFilterChain.doFilter(ApplicationFilterChain.java:138)
	at org.springframework.web.filter.RequestContextFilter.doFilterInternal(RequestContextFilter.java:100)
	at org.springframework.web.filter.OncePerRequestFilter.doFilter(OncePerRequestFilter.java:116)
	at org.apache.catalina.core.ApplicationFilterChain.internalDoFilter(ApplicationFilterChain.java:162)
	at org.apache.catalina.core.ApplicationFilterChain.doFilter(ApplicationFilterChain.java:138)
	at org.springframework.web.filter.FormContentFilter.doFilterInternal(FormContentFilter.java:93)
	at org.springframework.web.filter.OncePerRequestFilter.doFilter(OncePerRequestFilter.java:116)
	at org.apache.catalina.core.ApplicationFilterChain.internalDoFilter(ApplicationFilterChain.java:162)
	at org.apache.catalina.core.ApplicationFilterChain.doFilter(ApplicationFilterChain.java:138)
	at org.springframework.web.filter.CharacterEncodingFilter.doFilterInternal(CharacterEncodingFilter.java:201)
	at org.springframework.web.filter.OncePerRequestFilter.doFilter(OncePerRequestFilter.java:116)
	at org.apache.catalina.core.ApplicationFilterChain.internalDoFilter(ApplicationFilterChain.java:162)
	at org.apache.catalina.core.ApplicationFilterChain.doFilter(ApplicationFilterChain.java:138)
	at org.apache.catalina.core.StandardWrapperValve.invoke(StandardWrapperValve.java:165)
	at org.apache.catalina.core.StandardContextValve.invoke(StandardContextValve.java:88)
	at org.apache.catalina.authenticator.AuthenticatorBase.invoke(AuthenticatorBase.java:482)
	at org.apache.catalina.core.StandardHostValve.invoke(StandardHostValve.java:113)
	at org.apache.catalina.valves.ErrorReportValve.invoke(ErrorReportValve.java:83)
	at org.apache.catalina.core.StandardEngineValve.invoke(StandardEngineValve.java:72)
	at org.apache.catalina.connector.CoyoteAdapter.service(CoyoteAdapter.java:342)
	at org.apache.coyote.http11.Http11Processor.service(Http11Processor.java:399)
	at org.apache.coyote.AbstractProcessorLight.process(AbstractProcessorLight.java:63)
	at org.apache.coyote.AbstractProtocol$ConnectionHandler.process(AbstractProtocol.java:903)
	at org.apache.tomcat.util.net.NioEndpoint$SocketProcessor.doRun(NioEndpoint.java:1774)
	at org.apache.tomcat.util.net.SocketProcessorBase.run(SocketProcessorBase.java:52)
	at org.apache.tomcat.util.threads.ThreadPoolExecutor.runWorker(ThreadPoolExecutor.java:973)
	at org.apache.tomcat.util.threads.ThreadPoolExecutor$Worker.run(ThreadPoolExecutor.java:491)
	at org.apache.tomcat.util.threads.TaskThread$WrappingRunnable.run(TaskThread.java:63)
	at java.base/java.lang.Thread.run(Thread.java:1583)
2026-09-01 22:08:16.295 [http-nio-8080-exec-1] INFO  c.a.l.c.order.OrderController - POST /api/orders - User: 13, Items: 1
2026-09-01 22:08:16.298 [http-nio-8080-exec-1] INFO  c.a.l.service.Order.OrderService - Creating order for user: 13, items: 1, currency: USD
2026-09-01 22:08:16.413 [http-nio-8080-exec-1] INFO  c.a.l.cache.PriceCacheRepository - Price cached: price:product:13:grade:1:AZN
2026-09-01 22:08:16.429 [http-nio-8080-exec-1] INFO  c.a.l.service.Order.OrderService - Cleaning up idempotency lock for user: 13
2026-09-01 22:08:16.431 [http-nio-8080-exec-1] ERROR c.a.l.service.Order.OrderService - SYSTEM ERROR | User: 13 | Trace: 
com.aiatelye.leather.error.Exception.NotFoundException: Shipping rate not found for INTERNATIONAL_OTHER in USD
	at com.aiatelye.leather.service.Order.ShipingService.lambda$calculate$2(ShipingService.java:37)
	at java.base/java.util.Optional.orElseThrow(Optional.java:403)
	at com.aiatelye.leather.service.Order.ShipingService.calculate(ShipingService.java:37)
	at com.aiatelye.leather.service.Order.OrderService.createOrder(OrderService.java:124)
	at java.base/jdk.internal.reflect.DirectMethodHandleAccessor.invoke(DirectMethodHandleAccessor.java:103)
	at java.base/java.lang.reflect.Method.invoke(Method.java:580)
	at org.springframework.aop.support.AopUtils.invokeJoinpointUsingReflection(AopUtils.java:360)
	at org.springframework.aop.framework.ReflectiveMethodInvocation.invokeJoinpoint(ReflectiveMethodInvocation.java:196)
	at org.springframework.aop.framework.ReflectiveMethodInvocation.proceed(ReflectiveMethodInvocation.java:163)
	at org.springframework.transaction.interceptor.TransactionAspectSupport.invokeWithinTransaction(TransactionAspectSupport.java:380)
	at org.springframework.transaction.interceptor.TransactionInterceptor.invoke(TransactionInterceptor.java:119)
	at org.springframework.aop.framework.ReflectiveMethodInvocation.proceed(ReflectiveMethodInvocation.java:184)
	at org.springframework.aop.framework.CglibAopProxy$DynamicAdvisedInterceptor.intercept(CglibAopProxy.java:728)
	at com.aiatelye.leather.service.Order.OrderService$$SpringCGLIB$$0.createOrder(<generated>)
	at com.aiatelye.leather.controller.order.OrderController.createOrder(OrderController.java:34)
	at java.base/jdk.internal.reflect.DirectMethodHandleAccessor.invoke(DirectMethodHandleAccessor.java:103)
	at java.base/java.lang.reflect.Method.invoke(Method.java:580)
	at org.springframework.web.method.support.InvocableHandlerMethod.doInvoke(InvocableHandlerMethod.java:258)
	at org.springframework.web.method.support.InvocableHandlerMethod.invokeForRequest(InvocableHandlerMethod.java:191)
	at org.springframework.web.servlet.mvc.method.annotation.ServletInvocableHandlerMethod.invokeAndHandle(ServletInvocableHandlerMethod.java:118)
	at org.springframework.web.servlet.mvc.method.annotation.RequestMappingHandlerAdapter.invokeHandlerMethod(RequestMappingHandlerAdapter.java:991)
	at org.springframework.web.servlet.mvc.method.annotation.RequestMappingHandlerAdapter.handleInternal(RequestMappingHandlerAdapter.java:896)
	at org.springframework.web.servlet.mvc.method.AbstractHandlerMethodAdapter.handle(AbstractHandlerMethodAdapter.java:87)
	at org.springframework.web.servlet.DispatcherServlet.doDispatch(DispatcherServlet.java:1089)
	at org.springframework.web.servlet.DispatcherServlet.doService(DispatcherServlet.java:979)
	at org.springframework.web.servlet.FrameworkServlet.processRequest(FrameworkServlet.java:1014)
	at org.springframework.web.servlet.FrameworkServlet.doPost(FrameworkServlet.java:914)
	at jakarta.servlet.http.HttpServlet.service(HttpServlet.java:590)
	at org.springframework.web.servlet.FrameworkServlet.service(FrameworkServlet.java:885)
	at jakarta.servlet.http.HttpServlet.service(HttpServlet.java:658)
	at org.apache.catalina.core.ApplicationFilterChain.internalDoFilter(ApplicationFilterChain.java:193)
	at org.apache.catalina.core.ApplicationFilterChain.doFilter(ApplicationFilterChain.java:138)
	at org.apache.tomcat.websocket.server.WsFilter.doFilter(WsFilter.java:51)
	at org.apache.catalina.core.ApplicationFilterChain.internalDoFilter(ApplicationFilterChain.java:162)
	at org.apache.catalina.core.ApplicationFilterChain.doFilter(ApplicationFilterChain.java:138)
	at org.springframework.web.filter.CompositeFilter$VirtualFilterChain.doFilter(CompositeFilter.java:108)
	at org.springframework.web.filter.CompositeFilter$VirtualFilterChain.doFilter(CompositeFilter.java:108)
	at org.springframework.security.web.FilterChainProxy.lambda$doFilterInternal$3(FilterChainProxy.java:231)
	at org.springframework.security.web.FilterChainProxy$VirtualFilterChain.doFilter(FilterChainProxy.java:365)
	at org.springframework.security.web.access.intercept.AuthorizationFilter.doFilter(AuthorizationFilter.java:101)
	at org.springframework.security.web.FilterChainProxy$VirtualFilterChain.doFilter(FilterChainProxy.java:374)
	at org.springframework.security.web.access.ExceptionTranslationFilter.doFilter(ExceptionTranslationFilter.java:125)
	at org.springframework.security.web.access.ExceptionTranslationFilter.doFilter(ExceptionTranslationFilter.java:119)
	at org.springframework.security.web.FilterChainProxy$VirtualFilterChain.doFilter(FilterChainProxy.java:374)
	at org.springframework.security.web.session.SessionManagementFilter.doFilter(SessionManagementFilter.java:131)
	at org.springframework.security.web.session.SessionManagementFilter.doFilter(SessionManagementFilter.java:85)
	at org.springframework.security.web.FilterChainProxy$VirtualFilterChain.doFilter(FilterChainProxy.java:374)
	at org.springframework.security.web.authentication.AnonymousAuthenticationFilter.doFilter(AnonymousAuthenticationFilter.java:100)
	at org.springframework.security.web.FilterChainProxy$VirtualFilterChain.doFilter(FilterChainProxy.java:374)
	at org.springframework.security.web.servletapi.SecurityContextHolderAwareRequestFilter.doFilter(SecurityContextHolderAwareRequestFilter.java:179)
	at org.springframework.security.web.FilterChainProxy$VirtualFilterChain.doFilter(FilterChainProxy.java:374)
	at org.springframework.security.web.savedrequest.RequestCacheAwareFilter.doFilter(RequestCacheAwareFilter.java:63)
	at org.springframework.security.web.FilterChainProxy$VirtualFilterChain.doFilter(FilterChainProxy.java:374)
	at org.springframework.security.web.authentication.AbstractAuthenticationProcessingFilter.doFilter(AbstractAuthenticationProcessingFilter.java:235)
	at org.springframework.security.web.authentication.AbstractAuthenticationProcessingFilter.doFilter(AbstractAuthenticationProcessingFilter.java:229)
	at org.springframework.security.web.FilterChainProxy$VirtualFilterChain.doFilter(FilterChainProxy.java:374)
	at com.aiatelye.leather.Securty.Filter.JwtTokenVeriflerFilter.doFilterInternal(JwtTokenVeriflerFilter.java:94)
	at org.springframework.web.filter.OncePerRequestFilter.doFilter(OncePerRequestFilter.java:116)
	at org.springframework.security.web.FilterChainProxy$VirtualFilterChain.doFilter(FilterChainProxy.java:374)
	at org.springframework.security.web.authentication.logout.LogoutFilter.doFilter(LogoutFilter.java:107)
	at org.springframework.security.web.authentication.logout.LogoutFilter.doFilter(LogoutFilter.java:93)
	at org.springframework.security.web.FilterChainProxy$VirtualFilterChain.doFilter(FilterChainProxy.java:374)
	at org.springframework.web.filter.CorsFilter.doFilterInternal(CorsFilter.java:91)
	at org.springframework.web.filter.OncePerRequestFilter.doFilter(OncePerRequestFilter.java:116)
	at org.springframework.security.web.FilterChainProxy$VirtualFilterChain.doFilter(FilterChainProxy.java:374)
	at org.springframework.security.web.header.HeaderWriterFilter.doHeadersAfter(HeaderWriterFilter.java:90)
	at org.springframework.security.web.header.HeaderWriterFilter.doFilterInternal(HeaderWriterFilter.java:75)
	at org.springframework.web.filter.OncePerRequestFilter.doFilter(OncePerRequestFilter.java:116)
	at org.springframework.security.web.FilterChainProxy$VirtualFilterChain.doFilter(FilterChainProxy.java:374)
	at org.springframework.security.web.context.SecurityContextHolderFilter.doFilter(SecurityContextHolderFilter.java:82)
	at org.springframework.security.web.context.SecurityContextHolderFilter.doFilter(SecurityContextHolderFilter.java:69)
	at org.springframework.security.web.FilterChainProxy$VirtualFilterChain.doFilter(FilterChainProxy.java:374)
	at org.springframework.security.web.context.request.async.WebAsyncManagerIntegrationFilter.doFilterInternal(WebAsyncManagerIntegrationFilter.java:62)
	at org.springframework.web.filter.OncePerRequestFilter.doFilter(OncePerRequestFilter.java:116)
	at org.springframework.security.web.FilterChainProxy$VirtualFilterChain.doFilter(FilterChainProxy.java:374)
	at org.springframework.security.web.session.DisableEncodeUrlFilter.doFilterInternal(DisableEncodeUrlFilter.java:42)
	at org.springframework.web.filter.OncePerRequestFilter.doFilter(OncePerRequestFilter.java:116)
	at org.springframework.security.web.FilterChainProxy$VirtualFilterChain.doFilter(FilterChainProxy.java:374)
	at org.springframework.security.web.FilterChainProxy.doFilterInternal(FilterChainProxy.java:233)
	at org.springframework.security.web.FilterChainProxy.doFilter(FilterChainProxy.java:191)
	at org.springframework.web.filter.CompositeFilter$VirtualFilterChain.doFilter(CompositeFilter.java:113)
	at org.springframework.web.filter.ServletRequestPathFilter.doFilter(ServletRequestPathFilter.java:52)
	at org.springframework.web.filter.CompositeFilter$VirtualFilterChain.doFilter(CompositeFilter.java:113)
	at org.springframework.web.filter.CompositeFilter.doFilter(CompositeFilter.java:74)
	at org.springframework.security.config.annotation.web.configuration.WebSecurityConfiguration$CompositeFilterChainProxy.doFilter(WebSecurityConfiguration.java:319)
	at org.springframework.web.filter.CompositeFilter$VirtualFilterChain.doFilter(CompositeFilter.java:113)
	at org.springframework.web.servlet.handler.HandlerMappingIntrospector.lambda$createCacheFilter$4(HandlerMappingIntrospector.java:267)
	at org.springframework.web.filter.CompositeFilter$VirtualFilterChain.doFilter(CompositeFilter.java:113)
	at org.springframework.web.filter.CompositeFilter.doFilter(CompositeFilter.java:74)
	at org.springframework.security.config.annotation.web.configuration.WebMvcSecurityConfiguration$CompositeFilterChainProxy.doFilter(WebMvcSecurityConfiguration.java:240)
	at org.springframework.web.filter.DelegatingFilterProxy.invokeDelegate(DelegatingFilterProxy.java:362)
	at org.springframework.web.filter.DelegatingFilterProxy.doFilter(DelegatingFilterProxy.java:278)
	at org.apache.catalina.core.ApplicationFilterChain.internalDoFilter(ApplicationFilterChain.java:162)
	at org.apache.catalina.core.ApplicationFilterChain.doFilter(ApplicationFilterChain.java:138)
	at org.springframework.web.filter.RequestContextFilter.doFilterInternal(RequestContextFilter.java:100)
	at org.springframework.web.filter.OncePerRequestFilter.doFilter(OncePerRequestFilter.java:116)
	at org.apache.catalina.core.ApplicationFilterChain.internalDoFilter(ApplicationFilterChain.java:162)
	at org.apache.catalina.core.ApplicationFilterChain.doFilter(ApplicationFilterChain.java:138)
	at org.springframework.web.filter.FormContentFilter.doFilterInternal(FormContentFilter.java:93)
	at org.springframework.web.filter.OncePerRequestFilter.doFilter(OncePerRequestFilter.java:116)
	at org.apache.catalina.core.ApplicationFilterChain.internalDoFilter(ApplicationFilterChain.java:162)
	at org.apache.catalina.core.ApplicationFilterChain.doFilter(ApplicationFilterChain.java:138)
	at org.springframework.web.filter.CharacterEncodingFilter.doFilterInternal(CharacterEncodingFilter.java:201)
	at org.springframework.web.filter.OncePerRequestFilter.doFilter(OncePerRequestFilter.java:116)
	at org.apache.catalina.core.ApplicationFilterChain.internalDoFilter(ApplicationFilterChain.java:162)
	at org.apache.catalina.core.ApplicationFilterChain.doFilter(ApplicationFilterChain.java:138)
	at org.apache.catalina.core.StandardWrapperValve.invoke(StandardWrapperValve.java:165)
	at org.apache.catalina.core.StandardContextValve.invoke(StandardContextValve.java:88)
	at org.apache.catalina.authenticator.AuthenticatorBase.invoke(AuthenticatorBase.java:482)
	at org.apache.catalina.core.StandardHostValve.invoke(StandardHostValve.java:113)
	at org.apache.catalina.valves.ErrorReportValve.invoke(ErrorReportValve.java:83)
	at org.apache.catalina.core.StandardEngineValve.invoke(StandardEngineValve.java:72)
	at org.apache.catalina.connector.CoyoteAdapter.service(CoyoteAdapter.java:342)
	at org.apache.coyote.http11.Http11Processor.service(Http11Processor.java:399)
	at org.apache.coyote.AbstractProcessorLight.process(AbstractProcessorLight.java:63)
	at org.apache.coyote.AbstractProtocol$ConnectionHandler.process(AbstractProtocol.java:903)
	at org.apache.tomcat.util.net.NioEndpoint$SocketProcessor.doRun(NioEndpoint.java:1774)
	at org.apache.tomcat.util.net.SocketProcessorBase.run(SocketProcessorBase.java:52)
	at org.apache.tomcat.util.threads.ThreadPoolExecutor.runWorker(ThreadPoolExecutor.java:973)
	at org.apache.tomcat.util.threads.ThreadPoolExecutor$Worker.run(ThreadPoolExecutor.java:491)
	at org.apache.tomcat.util.threads.TaskThread$WrappingRunnable.run(TaskThread.java:63)
	at java.base/java.lang.Thread.run(Thread.java:1583)
2026-09-01 22:08:16.437 [http-nio-8080-exec-1] ERROR c.a.leather.error.model.ErrorHandle - Sistemdə gözlənilməz xəta baş verdi: 
java.lang.RuntimeException: error.technical.internal
	at com.aiatelye.leather.service.Order.OrderService.createOrder(OrderService.java:174)
	at java.base/jdk.internal.reflect.DirectMethodHandleAccessor.invoke(DirectMethodHandleAccessor.java:103)
	at java.base/java.lang.reflect.Method.invoke(Method.java:580)
	at org.springframework.aop.support.AopUtils.invokeJoinpointUsingReflection(AopUtils.java:360)
	at org.springframework.aop.framework.ReflectiveMethodInvocation.invokeJoinpoint(ReflectiveMethodInvocation.java:196)
	at org.springframework.aop.framework.ReflectiveMethodInvocation.proceed(ReflectiveMethodInvocation.java:163)
	at org.springframework.transaction.interceptor.TransactionAspectSupport.invokeWithinTransaction(TransactionAspectSupport.java:380)
	at org.springframework.transaction.interceptor.TransactionInterceptor.invoke(TransactionInterceptor.java:119)
	at org.springframework.aop.framework.ReflectiveMethodInvocation.proceed(ReflectiveMethodInvocation.java:184)
	at org.springframework.aop.framework.CglibAopProxy$DynamicAdvisedInterceptor.intercept(CglibAopProxy.java:728)
	at com.aiatelye.leather.service.Order.OrderService$$SpringCGLIB$$0.createOrder(<generated>)
	at com.aiatelye.leather.controller.order.OrderController.createOrder(OrderController.java:34)
	at java.base/jdk.internal.reflect.DirectMethodHandleAccessor.invoke(DirectMethodHandleAccessor.java:103)
	at java.base/java.lang.reflect.Method.invoke(Method.java:580)
	at org.springframework.web.method.support.InvocableHandlerMethod.doInvoke(InvocableHandlerMethod.java:258)
	at org.springframework.web.method.support.InvocableHandlerMethod.invokeForRequest(InvocableHandlerMethod.java:191)
	at org.springframework.web.servlet.mvc.method.annotation.ServletInvocableHandlerMethod.invokeAndHandle(ServletInvocableHandlerMethod.java:118)
	at org.springframework.web.servlet.mvc.method.annotation.RequestMappingHandlerAdapter.invokeHandlerMethod(RequestMappingHandlerAdapter.java:991)
	at org.springframework.web.servlet.mvc.method.annotation.RequestMappingHandlerAdapter.handleInternal(RequestMappingHandlerAdapter.java:896)
	at org.springframework.web.servlet.mvc.method.AbstractHandlerMethodAdapter.handle(AbstractHandlerMethodAdapter.java:87)
	at org.springframework.web.servlet.DispatcherServlet.doDispatch(DispatcherServlet.java:1089)
	at org.springframework.web.servlet.DispatcherServlet.doService(DispatcherServlet.java:979)
	at org.springframework.web.servlet.FrameworkServlet.processRequest(FrameworkServlet.java:1014)
	at org.springframework.web.servlet.FrameworkServlet.doPost(FrameworkServlet.java:914)
	at jakarta.servlet.http.HttpServlet.service(HttpServlet.java:590)
	at org.springframework.web.servlet.FrameworkServlet.service(FrameworkServlet.java:885)
	at jakarta.servlet.http.HttpServlet.service(HttpServlet.java:658)
	at org.apache.catalina.core.ApplicationFilterChain.internalDoFilter(ApplicationFilterChain.java:193)
	at org.apache.catalina.core.ApplicationFilterChain.doFilter(ApplicationFilterChain.java:138)
	at org.apache.tomcat.websocket.server.WsFilter.doFilter(WsFilter.java:51)
	at org.apache.catalina.core.ApplicationFilterChain.internalDoFilter(ApplicationFilterChain.java:162)
	at org.apache.catalina.core.ApplicationFilterChain.doFilter(ApplicationFilterChain.java:138)
	at org.springframework.web.filter.CompositeFilter$VirtualFilterChain.doFilter(CompositeFilter.java:108)
	at org.springframework.web.filter.CompositeFilter$VirtualFilterChain.doFilter(CompositeFilter.java:108)
	at org.springframework.security.web.FilterChainProxy.lambda$doFilterInternal$3(FilterChainProxy.java:231)
	at org.springframework.security.web.FilterChainProxy$VirtualFilterChain.doFilter(FilterChainProxy.java:365)
	at org.springframework.security.web.access.intercept.AuthorizationFilter.doFilter(AuthorizationFilter.java:101)
	at org.springframework.security.web.FilterChainProxy$VirtualFilterChain.doFilter(FilterChainProxy.java:374)
	at org.springframework.security.web.access.ExceptionTranslationFilter.doFilter(ExceptionTranslationFilter.java:125)
	at org.springframework.security.web.access.ExceptionTranslationFilter.doFilter(ExceptionTranslationFilter.java:119)
	at org.springframework.security.web.FilterChainProxy$VirtualFilterChain.doFilter(FilterChainProxy.java:374)
	at org.springframework.security.web.session.SessionManagementFilter.doFilter(SessionManagementFilter.java:131)
	at org.springframework.security.web.session.SessionManagementFilter.doFilter(SessionManagementFilter.java:85)
	at org.springframework.security.web.FilterChainProxy$VirtualFilterChain.doFilter(FilterChainProxy.java:374)
	at org.springframework.security.web.authentication.AnonymousAuthenticationFilter.doFilter(AnonymousAuthenticationFilter.java:100)
	at org.springframework.security.web.FilterChainProxy$VirtualFilterChain.doFilter(FilterChainProxy.java:374)
	at org.springframework.security.web.servletapi.SecurityContextHolderAwareRequestFilter.doFilter(SecurityContextHolderAwareRequestFilter.java:179)
	at org.springframework.security.web.FilterChainProxy$VirtualFilterChain.doFilter(FilterChainProxy.java:374)
	at org.springframework.security.web.savedrequest.RequestCacheAwareFilter.doFilter(RequestCacheAwareFilter.java:63)
	at org.springframework.security.web.FilterChainProxy$VirtualFilterChain.doFilter(FilterChainProxy.java:374)
	at org.springframework.security.web.authentication.AbstractAuthenticationProcessingFilter.doFilter(AbstractAuthenticationProcessingFilter.java:235)
	at org.springframework.security.web.authentication.AbstractAuthenticationProcessingFilter.doFilter(AbstractAuthenticationProcessingFilter.java:229)
	at org.springframework.security.web.FilterChainProxy$VirtualFilterChain.doFilter(FilterChainProxy.java:374)
	at com.aiatelye.leather.Securty.Filter.JwtTokenVeriflerFilter.doFilterInternal(JwtTokenVeriflerFilter.java:94)
	at org.springframework.web.filter.OncePerRequestFilter.doFilter(OncePerRequestFilter.java:116)
	at org.springframework.security.web.FilterChainProxy$VirtualFilterChain.doFilter(FilterChainProxy.java:374)
	at org.springframework.security.web.authentication.logout.LogoutFilter.doFilter(LogoutFilter.java:107)
	at org.springframework.security.web.authentication.logout.LogoutFilter.doFilter(LogoutFilter.java:93)
	at org.springframework.security.web.FilterChainProxy$VirtualFilterChain.doFilter(FilterChainProxy.java:374)
	at org.springframework.web.filter.CorsFilter.doFilterInternal(CorsFilter.java:91)
	at org.springframework.web.filter.OncePerRequestFilter.doFilter(OncePerRequestFilter.java:116)
	at org.springframework.security.web.FilterChainProxy$VirtualFilterChain.doFilter(FilterChainProxy.java:374)
	at org.springframework.security.web.header.HeaderWriterFilter.doHeadersAfter(HeaderWriterFilter.java:90)
	at org.springframework.security.web.header.HeaderWriterFilter.doFilterInternal(HeaderWriterFilter.java:75)
	at org.springframework.web.filter.OncePerRequestFilter.doFilter(OncePerRequestFilter.java:116)
	at org.springframework.security.web.FilterChainProxy$VirtualFilterChain.doFilter(FilterChainProxy.java:374)
	at org.springframework.security.web.context.SecurityContextHolderFilter.doFilter(SecurityContextHolderFilter.java:82)
	at org.springframework.security.web.context.SecurityContextHolderFilter.doFilter(SecurityContextHolderFilter.java:69)
	at org.springframework.security.web.FilterChainProxy$VirtualFilterChain.doFilter(FilterChainProxy.java:374)
	at org.springframework.security.web.context.request.async.WebAsyncManagerIntegrationFilter.doFilterInternal(WebAsyncManagerIntegrationFilter.java:62)
	at org.springframework.web.filter.OncePerRequestFilter.doFilter(OncePerRequestFilter.java:116)
	at org.springframework.security.web.FilterChainProxy$VirtualFilterChain.doFilter(FilterChainProxy.java:374)
	at org.springframework.security.web.session.DisableEncodeUrlFilter.doFilterInternal(DisableEncodeUrlFilter.java:42)
	at org.springframework.web.filter.OncePerRequestFilter.doFilter(OncePerRequestFilter.java:116)
	at org.springframework.security.web.FilterChainProxy$VirtualFilterChain.doFilter(FilterChainProxy.java:374)
	at org.springframework.security.web.FilterChainProxy.doFilterInternal(FilterChainProxy.java:233)
	at org.springframework.security.web.FilterChainProxy.doFilter(FilterChainProxy.java:191)
	at org.springframework.web.filter.CompositeFilter$VirtualFilterChain.doFilter(CompositeFilter.java:113)
	at org.springframework.web.filter.ServletRequestPathFilter.doFilter(ServletRequestPathFilter.java:52)
	at org.springframework.web.filter.CompositeFilter$VirtualFilterChain.doFilter(CompositeFilter.java:113)
	at org.springframework.web.filter.CompositeFilter.doFilter(CompositeFilter.java:74)
	at org.springframework.security.config.annotation.web.configuration.WebSecurityConfiguration$CompositeFilterChainProxy.doFilter(WebSecurityConfiguration.java:319)
	at org.springframework.web.filter.CompositeFilter$VirtualFilterChain.doFilter(CompositeFilter.java:113)
	at org.springframework.web.servlet.handler.HandlerMappingIntrospector.lambda$createCacheFilter$4(HandlerMappingIntrospector.java:267)
	at org.springframework.web.filter.CompositeFilter$VirtualFilterChain.doFilter(CompositeFilter.java:113)
	at org.springframework.web.filter.CompositeFilter.doFilter(CompositeFilter.java:74)
	at org.springframework.security.config.annotation.web.configuration.WebMvcSecurityConfiguration$CompositeFilterChainProxy.doFilter(WebMvcSecurityConfiguration.java:240)
	at org.springframework.web.filter.DelegatingFilterProxy.invokeDelegate(DelegatingFilterProxy.java:362)
	at org.springframework.web.filter.DelegatingFilterProxy.doFilter(DelegatingFilterProxy.java:278)
	at org.apache.catalina.core.ApplicationFilterChain.internalDoFilter(ApplicationFilterChain.java:162)
	at org.apache.catalina.core.ApplicationFilterChain.doFilter(ApplicationFilterChain.java:138)
	at org.springframework.web.filter.RequestContextFilter.doFilterInternal(RequestContextFilter.java:100)
	at org.springframework.web.filter.OncePerRequestFilter.doFilter(OncePerRequestFilter.java:116)
	at org.apache.catalina.core.ApplicationFilterChain.internalDoFilter(ApplicationFilterChain.java:162)
	at org.apache.catalina.core.ApplicationFilterChain.doFilter(ApplicationFilterChain.java:138)
	at org.springframework.web.filter.FormContentFilter.doFilterInternal(FormContentFilter.java:93)
	at org.springframework.web.filter.OncePerRequestFilter.doFilter(OncePerRequestFilter.java:116)
	at org.apache.catalina.core.ApplicationFilterChain.internalDoFilter(ApplicationFilterChain.java:162)
	at org.apache.catalina.core.ApplicationFilterChain.doFilter(ApplicationFilterChain.java:138)
	at org.springframework.web.filter.CharacterEncodingFilter.doFilterInternal(CharacterEncodingFilter.java:201)
	at org.springframework.web.filter.OncePerRequestFilter.doFilter(OncePerRequestFilter.java:116)
	at org.apache.catalina.core.ApplicationFilterChain.internalDoFilter(ApplicationFilterChain.java:162)
	at org.apache.catalina.core.ApplicationFilterChain.doFilter(ApplicationFilterChain.java:138)
	at org.apache.catalina.core.StandardWrapperValve.invoke(StandardWrapperValve.java:165)
	at org.apache.catalina.core.StandardContextValve.invoke(StandardContextValve.java:88)
	at org.apache.catalina.authenticator.AuthenticatorBase.invoke(AuthenticatorBase.java:482)
	at org.apache.catalina.core.StandardHostValve.invoke(StandardHostValve.java:113)
	at org.apache.catalina.valves.ErrorReportValve.invoke(ErrorReportValve.java:83)
	at org.apache.catalina.core.StandardEngineValve.invoke(StandardEngineValve.java:72)
	at org.apache.catalina.connector.CoyoteAdapter.service(CoyoteAdapter.java:342)
	at org.apache.coyote.http11.Http11Processor.service(Http11Processor.java:399)
	at org.apache.coyote.AbstractProcessorLight.process(AbstractProcessorLight.java:63)
	at org.apache.coyote.AbstractProtocol$ConnectionHandler.process(AbstractProtocol.java:903)
	at org.apache.tomcat.util.net.NioEndpoint$SocketProcessor.doRun(NioEndpoint.java:1774)
	at org.apache.tomcat.util.net.SocketProcessorBase.run(SocketProcessorBase.java:52)
	at org.apache.tomcat.util.threads.ThreadPoolExecutor.runWorker(ThreadPoolExecutor.java:973)
	at org.apache.tomcat.util.threads.ThreadPoolExecutor$Worker.run(ThreadPoolExecutor.java:491)
	at org.apache.tomcat.util.threads.TaskThread$WrappingRunnable.run(TaskThread.java:63)
	at java.base/java.lang.Thread.run(Thread.java:1583)
2026-09-01 22:09:49.667 [http-nio-8080-exec-8] INFO  o.a.tomcat.util.http.parser.Cookie - A cookie header was received [g_state={"i_l":0,"i_ll":1788286030213,"i_e":{"enable_itp_optimization":24},"i_et":1788286030213}] that contained an invalid cookie. That cookie will be ignored.
 Note: further occurrences of this error will be logged at DEBUG level.
2026-09-01 22:32:26.977 [http-nio-8080-exec-2] INFO  c.a.l.c.order.CartController - POST /api/cart/preview - 1 items, currency: AZN
2026-09-01 22:32:27.008 [http-nio-8080-exec-2] INFO  c.a.l.s.Order.CartPreviewService - Cart preview requested with 1 items, currency: AZN
2026-09-01 22:32:27.398 [http-nio-8080-exec-2] INFO  c.a.l.cache.PriceCacheRepository - Price cache hit: price:product:13:grade:1:AZN
2026-09-01 22:32:27.402 [http-nio-8080-exec-2] WARN  c.a.l.s.Order.CartPreviewService - Price mismatch for product 13: seen=39, current=150.00
2026-09-01 22:42:31.563 [http-nio-8080-exec-3] INFO  c.a.l.c.order.CartController - POST /api/cart/preview - 1 items, currency: USD
2026-09-01 22:42:31.593 [http-nio-8080-exec-3] INFO  c.a.l.s.Order.CartPreviewService - Cart preview requested with 1 items, currency: USD
2026-09-01 22:42:32.042 [http-nio-8080-exec-3] INFO  c.a.l.cache.PriceCacheRepository - Price cached: price:product:13:grade:1:AZN
2026-09-01 22:42:39.934 [http-nio-8080-exec-8] INFO  c.a.l.c.order.OrderController - POST /api/orders - User: 13, Items: 1
2026-09-01 22:42:39.955 [http-nio-8080-exec-8] INFO  c.a.l.service.Order.OrderService - Creating order for user: 13, items: 1, currency: USD
2026-09-01 22:42:40.729 [http-nio-8080-exec-8] INFO  c.a.l.cache.PriceCacheRepository - Price cached: price:product:13:grade:1:AZN
2026-09-01 22:42:40.760 [http-nio-8080-exec-8] INFO  c.a.l.service.Order.OrderService - Cleaning up idempotency lock for user: 13
2026-09-01 22:42:40.768 [http-nio-8080-exec-8] ERROR c.a.l.service.Order.OrderService - SYSTEM ERROR | User: 13 | Trace: 
com.aiatelye.leather.error.Exception.NotFoundException: Shipping rate not found for INTERNATIONAL_OTHER in USD
	at com.aiatelye.leather.service.Order.ShipingService.lambda$calculate$2(ShipingService.java:37)
	at java.base/java.util.Optional.orElseThrow(Optional.java:403)
	at com.aiatelye.leather.service.Order.ShipingService.calculate(ShipingService.java:37)
	at com.aiatelye.leather.service.Order.OrderService.createOrder(OrderService.java:124)
	at java.base/jdk.internal.reflect.DirectMethodHandleAccessor.invoke(DirectMethodHandleAccessor.java:103)
	at java.base/java.lang.reflect.Method.invoke(Method.java:580)
	at org.springframework.aop.support.AopUtils.invokeJoinpointUsingReflection(AopUtils.java:360)
	at org.springframework.aop.framework.ReflectiveMethodInvocation.invokeJoinpoint(ReflectiveMethodInvocation.java:196)
	at org.springframework.aop.framework.ReflectiveMethodInvocation.proceed(ReflectiveMethodInvocation.java:163)
	at org.springframework.transaction.interceptor.TransactionAspectSupport.invokeWithinTransaction(TransactionAspectSupport.java:380)
	at org.springframework.transaction.interceptor.TransactionInterceptor.invoke(TransactionInterceptor.java:119)
	at org.springframework.aop.framework.ReflectiveMethodInvocation.proceed(ReflectiveMethodInvocation.java:184)
	at org.springframework.aop.framework.CglibAopProxy$DynamicAdvisedInterceptor.intercept(CglibAopProxy.java:728)
	at com.aiatelye.leather.service.Order.OrderService$$SpringCGLIB$$0.createOrder(<generated>)
	at com.aiatelye.leather.controller.order.OrderController.createOrder(OrderController.java:34)
	at java.base/jdk.internal.reflect.DirectMethodHandleAccessor.invoke(DirectMethodHandleAccessor.java:103)
	at java.base/java.lang.reflect.Method.invoke(Method.java:580)
	at org.springframework.web.method.support.InvocableHandlerMethod.doInvoke(InvocableHandlerMethod.java:258)
	at org.springframework.web.method.support.InvocableHandlerMethod.invokeForRequest(InvocableHandlerMethod.java:191)
	at org.springframework.web.servlet.mvc.method.annotation.ServletInvocableHandlerMethod.invokeAndHandle(ServletInvocableHandlerMethod.java:118)
	at org.springframework.web.servlet.mvc.method.annotation.RequestMappingHandlerAdapter.invokeHandlerMethod(RequestMappingHandlerAdapter.java:991)
	at org.springframework.web.servlet.mvc.method.annotation.RequestMappingHandlerAdapter.handleInternal(RequestMappingHandlerAdapter.java:896)
	at org.springframework.web.servlet.mvc.method.AbstractHandlerMethodAdapter.handle(AbstractHandlerMethodAdapter.java:87)
	at org.springframework.web.servlet.DispatcherServlet.doDispatch(DispatcherServlet.java:1089)
	at org.springframework.web.servlet.DispatcherServlet.doService(DispatcherServlet.java:979)
	at org.springframework.web.servlet.FrameworkServlet.processRequest(FrameworkServlet.java:1014)
	at org.springframework.web.servlet.FrameworkServlet.doPost(FrameworkServlet.java:914)
	at jakarta.servlet.http.HttpServlet.service(HttpServlet.java:590)
	at org.springframework.web.servlet.FrameworkServlet.service(FrameworkServlet.java:885)
	at jakarta.servlet.http.HttpServlet.service(HttpServlet.java:658)
	at org.apache.catalina.core.ApplicationFilterChain.internalDoFilter(ApplicationFilterChain.java:193)
	at org.apache.catalina.core.ApplicationFilterChain.doFilter(ApplicationFilterChain.java:138)
	at org.apache.tomcat.websocket.server.WsFilter.doFilter(WsFilter.java:51)
	at org.apache.catalina.core.ApplicationFilterChain.internalDoFilter(ApplicationFilterChain.java:162)
	at org.apache.catalina.core.ApplicationFilterChain.doFilter(ApplicationFilterChain.java:138)
	at org.springframework.web.filter.CompositeFilter$VirtualFilterChain.doFilter(CompositeFilter.java:108)
	at org.springframework.web.filter.CompositeFilter$VirtualFilterChain.doFilter(CompositeFilter.java:108)
	at org.springframework.security.web.FilterChainProxy.lambda$doFilterInternal$3(FilterChainProxy.java:231)
	at org.springframework.security.web.FilterChainProxy$VirtualFilterChain.doFilter(FilterChainProxy.java:365)
	at org.springframework.security.web.access.intercept.AuthorizationFilter.doFilter(AuthorizationFilter.java:101)
	at org.springframework.security.web.FilterChainProxy$VirtualFilterChain.doFilter(FilterChainProxy.java:374)
	at org.springframework.security.web.access.ExceptionTranslationFilter.doFilter(ExceptionTranslationFilter.java:125)
	at org.springframework.security.web.access.ExceptionTranslationFilter.doFilter(ExceptionTranslationFilter.java:119)
	at org.springframework.security.web.FilterChainProxy$VirtualFilterChain.doFilter(FilterChainProxy.java:374)
	at org.springframework.security.web.session.SessionManagementFilter.doFilter(SessionManagementFilter.java:131)
	at org.springframework.security.web.session.SessionManagementFilter.doFilter(SessionManagementFilter.java:85)
	at org.springframework.security.web.FilterChainProxy$VirtualFilterChain.doFilter(FilterChainProxy.java:374)
	at org.springframework.security.web.authentication.AnonymousAuthenticationFilter.doFilter(AnonymousAuthenticationFilter.java:100)
	at org.springframework.security.web.FilterChainProxy$VirtualFilterChain.doFilter(FilterChainProxy.java:374)
	at org.springframework.security.web.servletapi.SecurityContextHolderAwareRequestFilter.doFilter(SecurityContextHolderAwareRequestFilter.java:179)
	at org.springframework.security.web.FilterChainProxy$VirtualFilterChain.doFilter(FilterChainProxy.java:374)
	at org.springframework.security.web.savedrequest.RequestCacheAwareFilter.doFilter(RequestCacheAwareFilter.java:63)
	at org.springframework.security.web.FilterChainProxy$VirtualFilterChain.doFilter(FilterChainProxy.java:374)
	at org.springframework.security.web.authentication.AbstractAuthenticationProcessingFilter.doFilter(AbstractAuthenticationProcessingFilter.java:235)
	at org.springframework.security.web.authentication.AbstractAuthenticationProcessingFilter.doFilter(AbstractAuthenticationProcessingFilter.java:229)
	at org.springframework.security.web.FilterChainProxy$VirtualFilterChain.doFilter(FilterChainProxy.java:374)
	at com.aiatelye.leather.Securty.Filter.JwtTokenVeriflerFilter.doFilterInternal(JwtTokenVeriflerFilter.java:94)
	at org.springframework.web.filter.OncePerRequestFilter.doFilter(OncePerRequestFilter.java:116)
	at org.springframework.security.web.FilterChainProxy$VirtualFilterChain.doFilter(FilterChainProxy.java:374)
	at org.springframework.security.web.authentication.logout.LogoutFilter.doFilter(LogoutFilter.java:107)
	at org.springframework.security.web.authentication.logout.LogoutFilter.doFilter(LogoutFilter.java:93)
	at org.springframework.security.web.FilterChainProxy$VirtualFilterChain.doFilter(FilterChainProxy.java:374)
	at org.springframework.web.filter.CorsFilter.doFilterInternal(CorsFilter.java:91)
	at org.springframework.web.filter.OncePerRequestFilter.doFilter(OncePerRequestFilter.java:116)
	at org.springframework.security.web.FilterChainProxy$VirtualFilterChain.doFilter(FilterChainProxy.java:374)
	at org.springframework.security.web.header.HeaderWriterFilter.doHeadersAfter(HeaderWriterFilter.java:90)
	at org.springframework.security.web.header.HeaderWriterFilter.doFilterInternal(HeaderWriterFilter.java:75)
	at org.springframework.web.filter.OncePerRequestFilter.doFilter(OncePerRequestFilter.java:116)
	at org.springframework.security.web.FilterChainProxy$VirtualFilterChain.doFilter(FilterChainProxy.java:374)
	at org.springframework.security.web.context.SecurityContextHolderFilter.doFilter(SecurityContextHolderFilter.java:82)
	at org.springframework.security.web.context.SecurityContextHolderFilter.doFilter(SecurityContextHolderFilter.java:69)
	at org.springframework.security.web.FilterChainProxy$VirtualFilterChain.doFilter(FilterChainProxy.java:374)
	at org.springframework.security.web.context.request.async.WebAsyncManagerIntegrationFilter.doFilterInternal(WebAsyncManagerIntegrationFilter.java:62)
	at org.springframework.web.filter.OncePerRequestFilter.doFilter(OncePerRequestFilter.java:116)
	at org.springframework.security.web.FilterChainProxy$VirtualFilterChain.doFilter(FilterChainProxy.java:374)
	at org.springframework.security.web.session.DisableEncodeUrlFilter.doFilterInternal(DisableEncodeUrlFilter.java:42)
	at org.springframework.web.filter.OncePerRequestFilter.doFilter(OncePerRequestFilter.java:116)
	at org.springframework.security.web.FilterChainProxy$VirtualFilterChain.doFilter(FilterChainProxy.java:374)
	at org.springframework.security.web.FilterChainProxy.doFilterInternal(FilterChainProxy.java:233)
	at org.springframework.security.web.FilterChainProxy.doFilter(FilterChainProxy.java:191)
	at org.springframework.web.filter.CompositeFilter$VirtualFilterChain.doFilter(CompositeFilter.java:113)
	at org.springframework.web.filter.ServletRequestPathFilter.doFilter(ServletRequestPathFilter.java:52)
	at org.springframework.web.filter.CompositeFilter$VirtualFilterChain.doFilter(CompositeFilter.java:113)
	at org.springframework.web.filter.CompositeFilter.doFilter(CompositeFilter.java:74)
	at org.springframework.security.config.annotation.web.configuration.WebSecurityConfiguration$CompositeFilterChainProxy.doFilter(WebSecurityConfiguration.java:319)
	at org.springframework.web.filter.CompositeFilter$VirtualFilterChain.doFilter(CompositeFilter.java:113)
	at org.springframework.web.servlet.handler.HandlerMappingIntrospector.lambda$createCacheFilter$4(HandlerMappingIntrospector.java:267)
	at org.springframework.web.filter.CompositeFilter$VirtualFilterChain.doFilter(CompositeFilter.java:113)
	at org.springframework.web.filter.CompositeFilter.doFilter(CompositeFilter.java:74)
	at org.springframework.security.config.annotation.web.configuration.WebMvcSecurityConfiguration$CompositeFilterChainProxy.doFilter(WebMvcSecurityConfiguration.java:240)
	at org.springframework.web.filter.DelegatingFilterProxy.invokeDelegate(DelegatingFilterProxy.java:362)
	at org.springframework.web.filter.DelegatingFilterProxy.doFilter(DelegatingFilterProxy.java:278)
	at org.apache.catalina.core.ApplicationFilterChain.internalDoFilter(ApplicationFilterChain.java:162)
	at org.apache.catalina.core.ApplicationFilterChain.doFilter(ApplicationFilterChain.java:138)
	at org.springframework.web.filter.RequestContextFilter.doFilterInternal(RequestContextFilter.java:100)
	at org.springframework.web.filter.OncePerRequestFilter.doFilter(OncePerRequestFilter.java:116)
	at org.apache.catalina.core.ApplicationFilterChain.internalDoFilter(ApplicationFilterChain.java:162)
	at org.apache.catalina.core.ApplicationFilterChain.doFilter(ApplicationFilterChain.java:138)
	at org.springframework.web.filter.FormContentFilter.doFilterInternal(FormContentFilter.java:93)
	at org.springframework.web.filter.OncePerRequestFilter.doFilter(OncePerRequestFilter.java:116)
	at org.apache.catalina.core.ApplicationFilterChain.internalDoFilter(ApplicationFilterChain.java:162)
	at org.apache.catalina.core.ApplicationFilterChain.doFilter(ApplicationFilterChain.java:138)
	at org.springframework.web.filter.CharacterEncodingFilter.doFilterInternal(CharacterEncodingFilter.java:201)
	at org.springframework.web.filter.OncePerRequestFilter.doFilter(OncePerRequestFilter.java:116)
	at org.apache.catalina.core.ApplicationFilterChain.internalDoFilter(ApplicationFilterChain.java:162)
	at org.apache.catalina.core.ApplicationFilterChain.doFilter(ApplicationFilterChain.java:138)
	at org.apache.catalina.core.StandardWrapperValve.invoke(StandardWrapperValve.java:165)
	at org.apache.catalina.core.StandardContextValve.invoke(StandardContextValve.java:88)
	at org.apache.catalina.authenticator.AuthenticatorBase.invoke(AuthenticatorBase.java:482)
	at org.apache.catalina.core.StandardHostValve.invoke(StandardHostValve.java:113)
	at org.apache.catalina.valves.ErrorReportValve.invoke(ErrorReportValve.java:83)
	at org.apache.catalina.core.StandardEngineValve.invoke(StandardEngineValve.java:72)
	at org.apache.catalina.connector.CoyoteAdapter.service(CoyoteAdapter.java:342)
	at org.apache.coyote.http11.Http11Processor.service(Http11Processor.java:399)
	at org.apache.coyote.AbstractProcessorLight.process(AbstractProcessorLight.java:63)
	at org.apache.coyote.AbstractProtocol$ConnectionHandler.process(AbstractProtocol.java:903)
	at org.apache.tomcat.util.net.NioEndpoint$SocketProcessor.doRun(NioEndpoint.java:1774)
	at org.apache.tomcat.util.net.SocketProcessorBase.run(SocketProcessorBase.java:52)
	at org.apache.tomcat.util.threads.ThreadPoolExecutor.runWorker(ThreadPoolExecutor.java:973)
	at org.apache.tomcat.util.threads.ThreadPoolExecutor$Worker.run(ThreadPoolExecutor.java:491)
	at org.apache.tomcat.util.threads.TaskThread$WrappingRunnable.run(TaskThread.java:63)
	at java.base/java.lang.Thread.run(Thread.java:1583)
2026-09-01 22:42:40.819 [http-nio-8080-exec-8] ERROR c.a.leather.error.model.ErrorHandle - Sistemdə gözlənilməz xəta baş verdi: 
java.lang.RuntimeException: error.technical.internal
	at com.aiatelye.leather.service.Order.OrderService.createOrder(OrderService.java:174)
	at java.base/jdk.internal.reflect.DirectMethodHandleAccessor.invoke(DirectMethodHandleAccessor.java:103)
	at java.base/java.lang.reflect.Method.invoke(Method.java:580)
	at org.springframework.aop.support.AopUtils.invokeJoinpointUsingReflection(AopUtils.java:360)
	at org.springframework.aop.framework.ReflectiveMethodInvocation.invokeJoinpoint(ReflectiveMethodInvocation.java:196)
	at org.springframework.aop.framework.ReflectiveMethodInvocation.proceed(ReflectiveMethodInvocation.java:163)
	at org.springframework.transaction.interceptor.TransactionAspectSupport.invokeWithinTransaction(TransactionAspectSupport.java:380)
	at org.springframework.transaction.interceptor.TransactionInterceptor.invoke(TransactionInterceptor.java:119)
	at org.springframework.aop.framework.ReflectiveMethodInvocation.proceed(ReflectiveMethodInvocation.java:184)
	at org.springframework.aop.framework.CglibAopProxy$DynamicAdvisedInterceptor.intercept(CglibAopProxy.java:728)
	at com.aiatelye.leather.service.Order.OrderService$$SpringCGLIB$$0.createOrder(<generated>)
	at com.aiatelye.leather.controller.order.OrderController.createOrder(OrderController.java:34)
	at java.base/jdk.internal.reflect.DirectMethodHandleAccessor.invoke(DirectMethodHandleAccessor.java:103)
	at java.base/java.lang.reflect.Method.invoke(Method.java:580)
	at org.springframework.web.method.support.InvocableHandlerMethod.doInvoke(InvocableHandlerMethod.java:258)
	at org.springframework.web.method.support.InvocableHandlerMethod.invokeForRequest(InvocableHandlerMethod.java:191)
	at org.springframework.web.servlet.mvc.method.annotation.ServletInvocableHandlerMethod.invokeAndHandle(ServletInvocableHandlerMethod.java:118)
	at org.springframework.web.servlet.mvc.method.annotation.RequestMappingHandlerAdapter.invokeHandlerMethod(RequestMappingHandlerAdapter.java:991)
	at org.springframework.web.servlet.mvc.method.annotation.RequestMappingHandlerAdapter.handleInternal(RequestMappingHandlerAdapter.java:896)
	at org.springframework.web.servlet.mvc.method.AbstractHandlerMethodAdapter.handle(AbstractHandlerMethodAdapter.java:87)
	at org.springframework.web.servlet.DispatcherServlet.doDispatch(DispatcherServlet.java:1089)
	at org.springframework.web.servlet.DispatcherServlet.doService(DispatcherServlet.java:979)
	at org.springframework.web.servlet.FrameworkServlet.processRequest(FrameworkServlet.java:1014)
	at org.springframework.web.servlet.FrameworkServlet.doPost(FrameworkServlet.java:914)
	at jakarta.servlet.http.HttpServlet.service(HttpServlet.java:590)
	at org.springframework.web.servlet.FrameworkServlet.service(FrameworkServlet.java:885)
	at jakarta.servlet.http.HttpServlet.service(HttpServlet.java:658)
	at org.apache.catalina.core.ApplicationFilterChain.internalDoFilter(ApplicationFilterChain.java:193)
	at org.apache.catalina.core.ApplicationFilterChain.doFilter(ApplicationFilterChain.java:138)
	at org.apache.tomcat.websocket.server.WsFilter.doFilter(WsFilter.java:51)
	at org.apache.catalina.core.ApplicationFilterChain.internalDoFilter(ApplicationFilterChain.java:162)
	at org.apache.catalina.core.ApplicationFilterChain.doFilter(ApplicationFilterChain.java:138)
	at org.springframework.web.filter.CompositeFilter$VirtualFilterChain.doFilter(CompositeFilter.java:108)
	at org.springframework.web.filter.CompositeFilter$VirtualFilterChain.doFilter(CompositeFilter.java:108)
	at org.springframework.security.web.FilterChainProxy.lambda$doFilterInternal$3(FilterChainProxy.java:231)
	at org.springframework.security.web.FilterChainProxy$VirtualFilterChain.doFilter(FilterChainProxy.java:365)
	at org.springframework.security.web.access.intercept.AuthorizationFilter.doFilter(AuthorizationFilter.java:101)
	at org.springframework.security.web.FilterChainProxy$VirtualFilterChain.doFilter(FilterChainProxy.java:374)
	at org.springframework.security.web.access.ExceptionTranslationFilter.doFilter(ExceptionTranslationFilter.java:125)
	at org.springframework.security.web.access.ExceptionTranslationFilter.doFilter(ExceptionTranslationFilter.java:119)
	at org.springframework.security.web.FilterChainProxy$VirtualFilterChain.doFilter(FilterChainProxy.java:374)
	at org.springframework.security.web.session.SessionManagementFilter.doFilter(SessionManagementFilter.java:131)
	at org.springframework.security.web.session.SessionManagementFilter.doFilter(SessionManagementFilter.java:85)
	at org.springframework.security.web.FilterChainProxy$VirtualFilterChain.doFilter(FilterChainProxy.java:374)
	at org.springframework.security.web.authentication.AnonymousAuthenticationFilter.doFilter(AnonymousAuthenticationFilter.java:100)
	at org.springframework.security.web.FilterChainProxy$VirtualFilterChain.doFilter(FilterChainProxy.java:374)
	at org.springframework.security.web.servletapi.SecurityContextHolderAwareRequestFilter.doFilter(SecurityContextHolderAwareRequestFilter.java:179)
	at org.springframework.security.web.FilterChainProxy$VirtualFilterChain.doFilter(FilterChainProxy.java:374)
	at org.springframework.security.web.savedrequest.RequestCacheAwareFilter.doFilter(RequestCacheAwareFilter.java:63)
	at org.springframework.security.web.FilterChainProxy$VirtualFilterChain.doFilter(FilterChainProxy.java:374)
	at org.springframework.security.web.authentication.AbstractAuthenticationProcessingFilter.doFilter(AbstractAuthenticationProcessingFilter.java:235)
	at org.springframework.security.web.authentication.AbstractAuthenticationProcessingFilter.doFilter(AbstractAuthenticationProcessingFilter.java:229)
	at org.springframework.security.web.FilterChainProxy$VirtualFilterChain.doFilter(FilterChainProxy.java:374)
	at com.aiatelye.leather.Securty.Filter.JwtTokenVeriflerFilter.doFilterInternal(JwtTokenVeriflerFilter.java:94)
	at org.springframework.web.filter.OncePerRequestFilter.doFilter(OncePerRequestFilter.java:116)
	at org.springframework.security.web.FilterChainProxy$VirtualFilterChain.doFilter(FilterChainProxy.java:374)
	at org.springframework.security.web.authentication.logout.LogoutFilter.doFilter(LogoutFilter.java:107)
	at org.springframework.security.web.authentication.logout.LogoutFilter.doFilter(LogoutFilter.java:93)
	at org.springframework.security.web.FilterChainProxy$VirtualFilterChain.doFilter(FilterChainProxy.java:374)
	at org.springframework.web.filter.CorsFilter.doFilterInternal(CorsFilter.java:91)
	at org.springframework.web.filter.OncePerRequestFilter.doFilter(OncePerRequestFilter.java:116)
	at org.springframework.security.web.FilterChainProxy$VirtualFilterChain.doFilter(FilterChainProxy.java:374)
	at org.springframework.security.web.header.HeaderWriterFilter.doHeadersAfter(HeaderWriterFilter.java:90)
	at org.springframework.security.web.header.HeaderWriterFilter.doFilterInternal(HeaderWriterFilter.java:75)
	at org.springframework.web.filter.OncePerRequestFilter.doFilter(OncePerRequestFilter.java:116)
	at org.springframework.security.web.FilterChainProxy$VirtualFilterChain.doFilter(FilterChainProxy.java:374)
	at org.springframework.security.web.context.SecurityContextHolderFilter.doFilter(SecurityContextHolderFilter.java:82)
	at org.springframework.security.web.context.SecurityContextHolderFilter.doFilter(SecurityContextHolderFilter.java:69)
	at org.springframework.security.web.FilterChainProxy$VirtualFilterChain.doFilter(FilterChainProxy.java:374)
	at org.springframework.security.web.context.request.async.WebAsyncManagerIntegrationFilter.doFilterInternal(WebAsyncManagerIntegrationFilter.java:62)
	at org.springframework.web.filter.OncePerRequestFilter.doFilter(OncePerRequestFilter.java:116)
	at org.springframework.security.web.FilterChainProxy$VirtualFilterChain.doFilter(FilterChainProxy.java:374)
	at org.springframework.security.web.session.DisableEncodeUrlFilter.doFilterInternal(DisableEncodeUrlFilter.java:42)
	at org.springframework.web.filter.OncePerRequestFilter.doFilter(OncePerRequestFilter.java:116)
	at org.springframework.security.web.FilterChainProxy$VirtualFilterChain.doFilter(FilterChainProxy.java:374)
	at org.springframework.security.web.FilterChainProxy.doFilterInternal(FilterChainProxy.java:233)
	at org.springframework.security.web.FilterChainProxy.doFilter(FilterChainProxy.java:191)
	at org.springframework.web.filter.CompositeFilter$VirtualFilterChain.doFilter(CompositeFilter.java:113)
	at org.springframework.web.filter.ServletRequestPathFilter.doFilter(ServletRequestPathFilter.java:52)
	at org.springframework.web.filter.CompositeFilter$VirtualFilterChain.doFilter(CompositeFilter.java:113)
	at org.springframework.web.filter.CompositeFilter.doFilter(CompositeFilter.java:74)
	at org.springframework.security.config.annotation.web.configuration.WebSecurityConfiguration$CompositeFilterChainProxy.doFilter(WebSecurityConfiguration.java:319)
	at org.springframework.web.filter.CompositeFilter$VirtualFilterChain.doFilter(CompositeFilter.java:113)
	at org.springframework.web.servlet.handler.HandlerMappingIntrospector.lambda$createCacheFilter$4(HandlerMappingIntrospector.java:267)
	at org.springframework.web.filter.CompositeFilter$VirtualFilterChain.doFilter(CompositeFilter.java:113)
	at org.springframework.web.filter.CompositeFilter.doFilter(CompositeFilter.java:74)
	at org.springframework.security.config.annotation.web.configuration.WebMvcSecurityConfiguration$CompositeFilterChainProxy.doFilter(WebMvcSecurityConfiguration.java:240)
	at org.springframework.web.filter.DelegatingFilterProxy.invokeDelegate(DelegatingFilterProxy.java:362)
	at org.springframework.web.filter.DelegatingFilterProxy.doFilter(DelegatingFilterProxy.java:278)
	at org.apache.catalina.core.ApplicationFilterChain.internalDoFilter(ApplicationFilterChain.java:162)
	at org.apache.catalina.core.ApplicationFilterChain.doFilter(ApplicationFilterChain.java:138)
	at org.springframework.web.filter.RequestContextFilter.doFilterInternal(RequestContextFilter.java:100)
	at org.springframework.web.filter.OncePerRequestFilter.doFilter(OncePerRequestFilter.java:116)
	at org.apache.catalina.core.ApplicationFilterChain.internalDoFilter(ApplicationFilterChain.java:162)
	at org.apache.catalina.core.ApplicationFilterChain.doFilter(ApplicationFilterChain.java:138)
	at org.springframework.web.filter.FormContentFilter.doFilterInternal(FormContentFilter.java:93)
	at org.springframework.web.filter.OncePerRequestFilter.doFilter(OncePerRequestFilter.java:116)
	at org.apache.catalina.core.ApplicationFilterChain.internalDoFilter(ApplicationFilterChain.java:162)
	at org.apache.catalina.core.ApplicationFilterChain.doFilter(ApplicationFilterChain.java:138)
	at org.springframework.web.filter.CharacterEncodingFilter.doFilterInternal(CharacterEncodingFilter.java:201)
	at org.springframework.web.filter.OncePerRequestFilter.doFilter(OncePerRequestFilter.java:116)
	at org.apache.catalina.core.ApplicationFilterChain.internalDoFilter(ApplicationFilterChain.java:162)
	at org.apache.catalina.core.ApplicationFilterChain.doFilter(ApplicationFilterChain.java:138)
	at org.apache.catalina.core.StandardWrapperValve.invoke(StandardWrapperValve.java:165)
	at org.apache.catalina.core.StandardContextValve.invoke(StandardContextValve.java:88)
	at org.apache.catalina.authenticator.AuthenticatorBase.invoke(AuthenticatorBase.java:482)
	at org.apache.catalina.core.StandardHostValve.invoke(StandardHostValve.java:113)
	at org.apache.catalina.valves.ErrorReportValve.invoke(ErrorReportValve.java:83)
	at org.apache.catalina.core.StandardEngineValve.invoke(StandardEngineValve.java:72)
	at org.apache.catalina.connector.CoyoteAdapter.service(CoyoteAdapter.java:342)
	at org.apache.coyote.http11.Http11Processor.service(Http11Processor.java:399)
	at org.apache.coyote.AbstractProcessorLight.process(AbstractProcessorLight.java:63)
	at org.apache.coyote.AbstractProtocol$ConnectionHandler.process(AbstractProtocol.java:903)
	at org.apache.tomcat.util.net.NioEndpoint$SocketProcessor.doRun(NioEndpoint.java:1774)
	at org.apache.tomcat.util.net.SocketProcessorBase.run(SocketProcessorBase.java:52)
	at org.apache.tomcat.util.threads.ThreadPoolExecutor.runWorker(ThreadPoolExecutor.java:973)
	at org.apache.tomcat.util.threads.ThreadPoolExecutor$Worker.run(ThreadPoolExecutor.java:491)
	at org.apache.tomcat.util.threads.TaskThread$WrappingRunnable.run(TaskThread.java:63)
	at java.base/java.lang.Thread.run(Thread.java:1583)
2026-09-01 23:08:22.116 [HikariPool-1:housekeeper] WARN  com.zaxxer.hikari.pool.HikariPool - HikariPool-1 - Thread starvation or clock leap detected (housekeeper delta=17m673ms691µs200ns).
2026-09-01 23:08:55.680 [http-nio-8080-exec-7] INFO  c.a.l.c.order.CartController - POST /api/cart/preview - 1 items, currency: AZN
2026-09-01 23:08:55.680 [http-nio-8080-exec-6] INFO  c.a.l.c.order.CartController - POST /api/cart/preview - 1 items, currency: AZN
2026-09-01 23:08:55.692 [http-nio-8080-exec-6] INFO  c.a.l.s.Order.CartPreviewService - Cart preview requested with 1 items, currency: AZN
2026-09-01 23:08:55.707 [http-nio-8080-exec-7] INFO  c.a.l.s.Order.CartPreviewService - Cart preview requested with 1 items, currency: AZN
2026-09-01 23:08:56.526 [http-nio-8080-exec-6] INFO  c.a.l.cache.PriceCacheRepository - Price cache hit: price:product:13:grade:1:AZN
2026-09-01 23:08:56.526 [http-nio-8080-exec-7] INFO  c.a.l.cache.PriceCacheRepository - Price cache hit: price:product:13:grade:1:AZN
2026-09-01 23:08:56.530 [http-nio-8080-exec-7] WARN  c.a.l.s.Order.CartPreviewService - Price mismatch for product 13: seen=39, current=150.00
2026-09-01 23:08:56.530 [http-nio-8080-exec-6] WARN  c.a.l.s.Order.CartPreviewService - Price mismatch for product 13: seen=39, current=150.00
2026-09-01 23:08:58.884 [http-nio-8080-exec-5] INFO  c.a.l.c.catalog.ProductController - GET /api/products - page: 0, filter: ProductFilterRequest(modelType=null, search=, page=0, size=12)
2026-09-01 23:08:58.890 [http-nio-8080-exec-5] INFO  c.a.l.s.c.ProductCatalogService - Fetching product catalog - page: 0, currency: USD
2026-09-01 23:08:59.255 [http-nio-8080-exec-5] INFO  c.a.l.cache.PriceCacheRepository - Price cached: price:product:13:grade:1:AZN
2026-09-01 23:08:59.292 [http-nio-8080-exec-5] INFO  c.a.l.cache.PriceCacheRepository - Price cached: price:product:8:grade:3:AZN
2026-09-01 23:08:59.333 [http-nio-8080-exec-5] INFO  c.a.l.cache.PriceCacheRepository - Price cached: price:product:5:grade:2:AZN
2026-09-01 23:08:59.351 [http-nio-8080-exec-5] INFO  c.a.l.cache.PriceCacheRepository - Price cached: price:product:1:grade:1:AZN
2026-09-01 23:08:59.402 [http-nio-8080-exec-5] INFO  c.a.l.c.ProductCatalogCacheRepository - Initial page cached for USD: 6 products
2026-09-01 23:11:08.796 [http-nio-8080-exec-2] INFO  c.a.l.c.order.OrderController - GET /api/orders/me - User: 13, page: 0
2026-09-01 23:11:09.200 [http-nio-8080-exec-7] INFO  c.a.l.c.order.OrderController - GET /api/orders/me - User: 13, page: 0
2026-09-01 23:11:13.037 [http-nio-8080-exec-5] INFO  c.a.l.c.order.OrderController - GET /api/orders/5 - User: 13
2026-09-01 23:11:13.940 [http-nio-8080-exec-1] INFO  c.a.l.c.order.OrderController - GET /api/orders/5 - User: 13
2026-09-01 23:11:15.988 [http-nio-8080-exec-8] INFO  c.a.l.controller.PaymentController - POST /api/payments/checkout/5 - User: 13
2026-09-01 23:11:17.115 [http-nio-8080-exec-8] INFO  c.a.l.s.p.PaymentServiceImpl - PayRiff checkout created: orderId=5, providerOrderId=170e2416-d685-450d-8d82-725efb22f807
2026-09-01 23:14:21.327 [http-nio-8080-exec-6] INFO  c.a.l.c.a.AdminPricingRuleController - GET /api/admin/pricing/rules
2026-09-01 23:14:21.336 [http-nio-8080-exec-6] INFO  c.a.l.s.pricing.PricingRuleService - Fetching pricing rules, activeOnly: false
2026-09-01 23:14:21.710 [http-nio-8080-exec-5] INFO  c.a.l.c.order.CartController - POST /api/cart/preview - 1 items, currency: AZN
2026-09-01 23:14:21.710 [http-nio-8080-exec-1] INFO  c.a.l.c.order.CartController - POST /api/cart/preview - 1 items, currency: AZN
2026-09-01 23:14:21.711 [http-nio-8080-exec-5] INFO  c.a.l.s.Order.CartPreviewService - Cart preview requested with 1 items, currency: AZN
2026-09-01 23:14:21.711 [http-nio-8080-exec-1] INFO  c.a.l.s.Order.CartPreviewService - Cart preview requested with 1 items, currency: AZN
2026-09-01 23:14:21.907 [http-nio-8080-exec-1] INFO  c.a.l.cache.PriceCacheRepository - Price cache hit: price:product:13:grade:1:AZN
2026-09-01 23:14:21.908 [http-nio-8080-exec-5] INFO  c.a.l.cache.PriceCacheRepository - Price cache hit: price:product:13:grade:1:AZN
2026-09-01 23:14:21.908 [http-nio-8080-exec-1] WARN  c.a.l.s.Order.CartPreviewService - Price mismatch for product 13: seen=39, current=150.00
2026-09-01 23:14:21.908 [http-nio-8080-exec-5] WARN  c.a.l.s.Order.CartPreviewService - Price mismatch for product 13: seen=39, current=150.00
2026-09-01 23:15:10.278 [http-nio-8080-exec-3] INFO  c.a.l.c.a.AdminPricingRuleController - GET /api/admin/pricing/rules
2026-09-01 23:15:10.285 [http-nio-8080-exec-3] INFO  c.a.l.s.pricing.PricingRuleService - Fetching pricing rules, activeOnly: false
2026-09-01 23:15:10.578 [http-nio-8080-exec-5] INFO  c.a.l.c.admin.AdminOrderController - GET /api/admin/orders - filter: OrderFilter(id=null, orderNumber=null, status=null, paymentStatus=null, customerEmail=null, customerName=null, from=null, to=null, minAmount=null, maxAmount=null), page: Page request [number: 0, size 10, sort: createdAt: DESC]
2026-09-01 23:15:10.588 [http-nio-8080-exec-5] INFO  c.a.l.s.Order.AdminOrderService - Admin fetching orders with filter: OrderFilter(id=null, orderNumber=null, status=null, paymentStatus=null, customerEmail=null, customerName=null, from=null, to=null, minAmount=null, maxAmount=null), pagination: Page request [number: 0, size 10, sort: createdAt: DESC]
2026-09-01 23:15:10.701 [http-nio-8080-exec-10] INFO  c.a.l.c.admin.AdminOrderController - GET /api/admin/orders - filter: OrderFilter(id=null, orderNumber=null, status=null, paymentStatus=null, customerEmail=null, customerName=null, from=null, to=null, minAmount=null, maxAmount=null), page: Page request [number: 0, size 10, sort: createdAt: DESC]
2026-09-01 23:15:10.702 [http-nio-8080-exec-10] INFO  c.a.l.s.Order.AdminOrderService - Admin fetching orders with filter: OrderFilter(id=null, orderNumber=null, status=null, paymentStatus=null, customerEmail=null, customerName=null, from=null, to=null, minAmount=null, maxAmount=null), pagination: Page request [number: 0, size 10, sort: createdAt: DESC]
2026-09-01 23:15:28.365 [http-nio-8080-exec-6] INFO  c.a.l.c.admin.AdminOrderController - GET /api/admin/orders/1 - Admin sifariş detalı sorğulayır
2026-09-01 23:15:28.378 [http-nio-8080-exec-6] INFO  c.a.l.s.Order.AdminOrderService - Admin fetching order detail: 1
2026-09-01 23:15:28.551 [http-nio-8080-exec-3] INFO  c.a.l.c.admin.AdminOrderController - GET /api/admin/orders/1 - Admin sifariş detalı sorğulayır
2026-09-01 23:15:28.556 [http-nio-8080-exec-3] INFO  c.a.l.s.Order.AdminOrderService - Admin fetching order detail: 1
